brand,model,lumens_ansi,resolution,lens_family,lens,throw_min,throw_max,shift_v,shift_h,notes,source_url,confidence,verified,verify_source_url,checked_on
Epson,EB-L1050U,,"1920x1200 (WUXGA, 0.76in-class 3LCD)",Epson ELPL (PU/L-series bayonet),ELPLX01,0.35,0.35,,,"UST zero-offset (also X01W); lens and distances from Epson Japan EB-L1050U projection-distance table (100in distances divided by 2.15 m width agree with the EB-PU1008 0.76in-panel table, whose values are used); 3LCD laser; discontinued; lumens not recorded (no ANSI figure)",https://files.support.epson.com/pdf/specs/specifications_ebpu2010series_en_r106.pdf,official,yes,https://www2.epson.jp/support/manual/data/elp/setup/syouninzu/ebl1050u.pdf,2026-10-09
Epson,EB-L1050U,,"1920x1200 (WUXGA, 0.76in-class 3LCD)",Epson ELPL (PU/L-series bayonet),ELPLU03S,0.65,0.78,,,"short zoom #1 (also ELPLU03); lens and distances from Epson Japan EB-L1050U projection-distance table (100in distances divided by 2.15 m width agree with the EB-PU1008 0.76in-panel table, whose values are used); 3LCD laser; discontinued; lumens not recorded (no ANSI figure)",https://files.support.epson.com/pdf/specs/specifications_ebpu2010series_en_r106.pdf,official,yes,https://www2.epson.jp/support/manual/data/elp/setup/syouninzu/ebl1050u.pdf,2026-10-09
Epson,EB-L1050U,,"1920x1200 (WUXGA, 0.76in-class 3LCD)",Epson ELPL (PU/L-series bayonet),ELPLU04,0.87,1.05,,,"short zoom #2; lens and distances from Epson Japan EB-L1050U projection-distance table (100in distances divided by 2.15 m width agree with the EB-PU1008 0.76in-panel table, whose values are used); 3LCD laser; discontinued; lumens not recorded (no ANSI figure)",https://files.support.epson.com/pdf/specs/specifications_ebpu2010series_en_r106.pdf,official,yes,https://www2.epson.jp/support/manual/data/elp/setup/syouninzu/ebl1050u.pdf,2026-10-09
Epson,EB-L1050U,,"1920x1200 (WUXGA, 0.76in-class 3LCD)",Epson ELPL (PU/L-series bayonet),ELPLW05,1.04,1.46,,,"wide zoom #1; lens and distances from Epson Japan EB-L1050U projection-distance table (100in distances divided by 2.15 m width agree with the EB-PU1008 0.76in-panel table, whose values are used); 3LCD laser; discontinued; lumens not recorded (no ANSI figure)",https://files.support.epson.com/pdf/specs/specifications_ebpu2010series_en_r106.pdf,official,yes,https://www2.epson.jp/support/manual/data/elp/setup/syouninzu/ebl1050u.pdf,2026-10-09
Epson,EB-L1050U,,"1920x1200 (WUXGA, 0.76in-class 3LCD)",Epson ELPL (PU/L-series bayonet),ELPLW08,1.18,1.66,,,"wide zoom #3; lens and distances from Epson Japan EB-L1050U projection-distance table (100in distances divided by 2.15 m width agree with the EB-PU1008 0.76in-panel table, whose values are used); 3LCD laser; discontinued; lumens not recorded (no ANSI figure)",https://files.support.epson.com/pdf/specs/specifications_ebpu2010series_en_r106.pdf,official,yes,https://www2.epson.jp/support/manual/data/elp/setup/syouninzu/ebl1050u.pdf,2026-10-09
Epson,EB-L1050U,,"1920x1200 (WUXGA, 0.76in-class 3LCD)",Epson ELPL (PU/L-series bayonet),ELPLM08,1.44,2.32,,,"middle zoom #1; lens and distances from Epson Japan EB-L1050U projection-distance table (100in distances divided by 2.15 m width agree with the EB-PU1008 0.76in-panel table, whose values are used); 3LCD laser; discontinued; lumens not recorded (no ANSI figure)",https://files.support.epson.com/pdf/specs/specifications_ebpu2010series_en_r106.pdf,official,yes,https://www2.epson.jp/support/manual/data/elp/setup/syouninzu/ebl1050u.pdf,2026-10-09
Epson,EB-L1050U,,"1920x1200 (WUXGA, 0.76in-class 3LCD)",Epson ELPL (PU/L-series bayonet),ELPLW06,1.62,2.22,,,"wide zoom #2; lens and distances from Epson Japan EB-L1050U projection-distance table (100in distances divided by 2.15 m width agree with the EB-PU1008 0.76in-panel table, whose values are used); 3LCD laser; discontinued; lumens not recorded (no ANSI figure)",https://files.support.epson.com/pdf/specs/specifications_ebpu2010series_en_r106.pdf,official,yes,https://www2.epson.jp/support/manual/data/elp/setup/syouninzu/ebl1050u.pdf,2026-10-09
Epson,EB-L1050U,,"1920x1200 (WUXGA, 0.76in-class 3LCD)",Epson ELPL (PU/L-series bayonet),ELPLM15,2.16,3.48,,,"middle zoom #2; lens and distances from Epson Japan EB-L1050U projection-distance table (100in distances divided by 2.15 m width agree with the EB-PU1008 0.76in-panel table, whose values are used); 3LCD laser; discontinued; lumens not recorded (no ANSI figure)",https://files.support.epson.com/pdf/specs/specifications_ebpu2010series_en_r106.pdf,official,yes,https://www2.epson.jp/support/manual/data/elp/setup/syouninzu/ebl1050u.pdf,2026-10-09
Epson,EB-L1050U,,"1920x1200 (WUXGA, 0.76in-class 3LCD)",Epson ELPL (PU/L-series bayonet),ELPLM10,3.32,5.06,,,"middle zoom #3; lens and distances from Epson Japan EB-L1050U projection-distance table (100in distances divided by 2.15 m width agree with the EB-PU1008 0.76in-panel table, whose values are used); 3LCD laser; discontinued; lumens not recorded (no ANSI figure)",https://files.support.epson.com/pdf/specs/specifications_ebpu2010series_en_r106.pdf,official,yes,https://www2.epson.jp/support/manual/data/elp/setup/syouninzu/ebl1050u.pdf,2026-10-09
Epson,EB-L1050U,,"1920x1200 (WUXGA, 0.76in-class 3LCD)",Epson ELPL (PU/L-series bayonet),ELPLM11,4.85,7.38,,,"middle zoom #4; lens and distances from Epson Japan EB-L1050U projection-distance table (100in distances divided by 2.15 m width agree with the EB-PU1008 0.76in-panel table, whose values are used); 3LCD laser; discontinued; lumens not recorded (no ANSI figure)",https://files.support.epson.com/pdf/specs/specifications_ebpu2010series_en_r106.pdf,official,yes,https://www2.epson.jp/support/manual/data/elp/setup/syouninzu/ebl1050u.pdf,2026-10-09
Epson,EB-L1050U,,"1920x1200 (WUXGA, 0.76in-class 3LCD)",Epson ELPL (PU/L-series bayonet),ELPLL08,7.21,10.11,,,"long zoom; lens and distances from Epson Japan EB-L1050U projection-distance table (100in distances divided by 2.15 m width agree with the EB-PU1008 0.76in-panel table, whose values are used); 3LCD laser; discontinued; lumens not recorded (no ANSI figure)",https://files.support.epson.com/pdf/specs/specifications_ebpu2010series_en_r106.pdf,official,yes,https://www2.epson.jp/support/manual/data/elp/setup/syouninzu/ebl1050u.pdf,2026-10-09
Epson,EB-L1060U,,"1920x1200 (WUXGA, 0.76in-class 3LCD)",Epson ELPL (PU/L-series bayonet),ELPLX01,0.35,0.35,,,"UST zero-offset (also X01W); lens and distances from Epson Japan EB-L1060U projection-distance table (100in distances divided by 2.15 m width agree with the EB-PU1008 0.76in-panel table, whose values are used); 3LCD laser; discontinued; lumens not recorded (no ANSI figure)",https://files.support.epson.com/pdf/specs/specifications_ebpu2010series_en_r106.pdf,official,yes,https://www2.epson.jp/support/manual/data/elp/setup/syouninzu/ebl1060u.pdf,2026-10-09
Epson,EB-L1060U,,"1920x1200 (WUXGA, 0.76in-class 3LCD)",Epson ELPL (PU/L-series bayonet),ELPLU03S,0.65,0.78,,,"short zoom #1 (also ELPLU03); lens and distances from Epson Japan EB-L1060U projection-distance table (100in distances divided by 2.15 m width agree with the EB-PU1008 0.76in-panel table, whose values are used); 3LCD laser; discontinued; lumens not recorded (no ANSI figure)",https://files.support.epson.com/pdf/specs/specifications_ebpu2010series_en_r106.pdf,official,yes,https://www2.epson.jp/support/manual/data/elp/setup/syouninzu/ebl1060u.pdf,2026-10-09
Epson,EB-L1060U,,"1920x1200 (WUXGA, 0.76in-class 3LCD)",Epson ELPL (PU/L-series bayonet),ELPLU04,0.87,1.05,,,"short zoom #2; lens and distances from Epson Japan EB-L1060U projection-distance table (100in distances divided by 2.15 m width agree with the EB-PU1008 0.76in-panel table, whose values are used); 3LCD laser; discontinued; lumens not recorded (no ANSI figure)",https://files.support.epson.com/pdf/specs/specifications_ebpu2010series_en_r106.pdf,official,yes,https://www2.epson.jp/support/manual/data/elp/setup/syouninzu/ebl1060u.pdf,2026-10-09
Epson,EB-L1060U,,"1920x1200 (WUXGA, 0.76in-class 3LCD)",Epson ELPL (PU/L-series bayonet),ELPLW05,1.04,1.46,,,"wide zoom #1; lens and distances from Epson Japan EB-L1060U projection-distance table (100in distances divided by 2.15 m width agree with the EB-PU1008 0.76in-panel table, whose values are used); 3LCD laser; discontinued; lumens not recorded (no ANSI figure)",https://files.support.epson.com/pdf/specs/specifications_ebpu2010series_en_r106.pdf,official,yes,https://www2.epson.jp/support/manual/data/elp/setup/syouninzu/ebl1060u.pdf,2026-10-09
Epson,EB-L1060U,,"1920x1200 (WUXGA, 0.76in-class 3LCD)",Epson ELPL (PU/L-series bayonet),ELPLW08,1.18,1.66,,,"wide zoom #3; lens and distances from Epson Japan EB-L1060U projection-distance table (100in distances divided by 2.15 m width agree with the EB-PU1008 0.76in-panel table, whose values are used); 3LCD laser; discontinued; lumens not recorded (no ANSI figure)",https://files.support.epson.com/pdf/specs/specifications_ebpu2010series_en_r106.pdf,official,yes,https://www2.epson.jp/support/manual/data/elp/setup/syouninzu/ebl1060u.pdf,2026-10-09
Epson,EB-L1060U,,"1920x1200 (WUXGA, 0.76in-class 3LCD)",Epson ELPL (PU/L-series bayonet),ELPLM08,1.44,2.32,,,"middle zoom #1; lens and distances from Epson Japan EB-L1060U projection-distance table (100in distances divided by 2.15 m width agree with the EB-PU1008 0.76in-panel table, whose values are used); 3LCD laser; discontinued; lumens not recorded (no ANSI figure)",https://files.support.epson.com/pdf/specs/specifications_ebpu2010series_en_r106.pdf,official,yes,https://www2.epson.jp/support/manual/data/elp/setup/syouninzu/ebl1060u.pdf,2026-10-09
Epson,EB-L1060U,,"1920x1200 (WUXGA, 0.76in-class 3LCD)",Epson ELPL (PU/L-series bayonet),ELPLW06,1.62,2.22,,,"wide zoom #2; lens and distances from Epson Japan EB-L1060U projection-distance table (100in distances divided by 2.15 m width agree with the EB-PU1008 0.76in-panel table, whose values are used); 3LCD laser; discontinued; lumens not recorded (no ANSI figure)",https://files.support.epson.com/pdf/specs/specifications_ebpu2010series_en_r106.pdf,official,yes,https://www2.epson.jp/support/manual/data/elp/setup/syouninzu/ebl1060u.pdf,2026-10-09
Epson,EB-L1060U,,"1920x1200 (WUXGA, 0.76in-class 3LCD)",Epson ELPL (PU/L-series bayonet),ELPLM15,2.16,3.48,,,"middle zoom #2; lens and distances from Epson Japan EB-L1060U projection-distance table (100in distances divided by 2.15 m width agree with the EB-PU1008 0.76in-panel table, whose values are used); 3LCD laser; discontinued; lumens not recorded (no ANSI figure)",https://files.support.epson.com/pdf/specs/specifications_ebpu2010series_en_r106.pdf,official,yes,https://www2.epson.jp/support/manual/data/elp/setup/syouninzu/ebl1060u.pdf,2026-10-09
Epson,EB-L1060U,,"1920x1200 (WUXGA, 0.76in-class 3LCD)",Epson ELPL (PU/L-series bayonet),ELPLM10,3.32,5.06,,,"middle zoom #3; lens and distances from Epson Japan EB-L1060U projection-distance table (100in distances divided by 2.15 m width agree with the EB-PU1008 0.76in-panel table, whose values are used); 3LCD laser; discontinued; lumens not recorded (no ANSI figure)",https://files.support.epson.com/pdf/specs/specifications_ebpu2010series_en_r106.pdf,official,yes,https://www2.epson.jp/support/manual/data/elp/setup/syouninzu/ebl1060u.pdf,2026-10-09
Epson,EB-L1060U,,"1920x1200 (WUXGA, 0.76in-class 3LCD)",Epson ELPL (PU/L-series bayonet),ELPLM11,4.85,7.38,,,"middle zoom #4; lens and distances from Epson Japan EB-L1060U projection-distance table (100in distances divided by 2.15 m width agree with the EB-PU1008 0.76in-panel table, whose values are used); 3LCD laser; discontinued; lumens not recorded (no ANSI figure)",https://files.support.epson.com/pdf/specs/specifications_ebpu2010series_en_r106.pdf,official,yes,https://www2.epson.jp/support/manual/data/elp/setup/syouninzu/ebl1060u.pdf,2026-10-09
Epson,EB-L1060U,,"1920x1200 (WUXGA, 0.76in-class 3LCD)",Epson ELPL (PU/L-series bayonet),ELPLL08,7.21,10.11,,,"long zoom; lens and distances from Epson Japan EB-L1060U projection-distance table (100in distances divided by 2.15 m width agree with the EB-PU1008 0.76in-panel table, whose values are used); 3LCD laser; discontinued; lumens not recorded (no ANSI figure)",https://files.support.epson.com/pdf/specs/specifications_ebpu2010series_en_r106.pdf,official,yes,https://www2.epson.jp/support/manual/data/elp/setup/syouninzu/ebl1060u.pdf,2026-10-09
Epson,EB-L1070U,,1920x1200 (WUXGA),Epson ELPL (PU/L-series bayonet),ELPLX01,0.35,0.35,,,"UST zero-offset (also X01S/X01W/X01WS); lens named by Epson for this model, throw from EB-PU1008 spec table (same 0.76in panel per Audio General / ProjectorCentral); 3LCD laser, discontinued (replaced by EB-PU1007); Pro L1070U in US; lumens_ansi was 7000 (Epson rates 7,000 lm white light output, no ANSI figure published); throw confirmed by Epson Japan EB-L1070U projection-distance table",https://epson.com/faq/SPT_V11H940020~faq-00003eb-l1060_l1070_l1075,official,yes,https://www2.epson.jp/support/manual/data/elp/setup/syouninzu/ebl1070u.pdf,2026-10-09
Epson,EB-L1070U,,1920x1200 (WUXGA),Epson ELPL (PU/L-series bayonet),ELPLU03S,0.65,0.78,,,"short zoom #1 (also ELPLU03); lens named by Epson for this model, throw from EB-PU1008 spec table (same 0.76in panel per Audio General / ProjectorCentral); 3LCD laser, discontinued (replaced by EB-PU1007); Pro L1070U in US; lumens_ansi was 7000 (Epson rates 7,000 lm white light output, no ANSI figure published); throw confirmed by Epson Japan EB-L1070U projection-distance table",https://epson.com/faq/SPT_V11H940020~faq-00003eb-l1060_l1070_l1075,official,yes,https://www2.epson.jp/support/manual/data/elp/setup/syouninzu/ebl1070u.pdf,2026-10-09
Epson,EB-L1070U,,1920x1200 (WUXGA),Epson ELPL (PU/L-series bayonet),ELPLU04,0.87,1.05,,,"short zoom #2 (also ELPLU02); lens named by Epson for this model, throw from EB-PU1008 spec table (same 0.76in panel per Audio General / ProjectorCentral); 3LCD laser, discontinued (replaced by EB-PU1007); Pro L1070U in US; lumens_ansi was 7000 (Epson rates 7,000 lm white light output, no ANSI figure published); throw confirmed by Epson Japan EB-L1070U projection-distance table",https://epson.com/faq/SPT_V11H940020~faq-00003eb-l1060_l1070_l1075,official,yes,https://www2.epson.jp/support/manual/data/elp/setup/syouninzu/ebl1070u.pdf,2026-10-09
Epson,EB-L1070U,,1920x1200 (WUXGA),Epson ELPL (PU/L-series bayonet),ELPLW05,1.04,1.46,,,"wide zoom #1; lens named by Epson for this model, throw from EB-PU1008 spec table (same 0.76in panel per Audio General / ProjectorCentral); 3LCD laser, discontinued (replaced by EB-PU1007); Pro L1070U in US; lumens_ansi was 7000 (Epson rates 7,000 lm white light output, no ANSI figure published); throw confirmed by Epson Japan EB-L1070U projection-distance table",https://epson.com/faq/SPT_V11H940020~faq-00003eb-l1060_l1070_l1075,official,yes,https://www2.epson.jp/support/manual/data/elp/setup/syouninzu/ebl1070u.pdf,2026-10-09
Epson,EB-L1070U,,1920x1200 (WUXGA),Epson ELPL (PU/L-series bayonet),ELPLW08,1.18,1.66,,,"wide zoom #3; lens named by Epson for this model, throw from EB-PU1008 spec table (same 0.76in panel per Audio General / ProjectorCentral); 3LCD laser, discontinued (replaced by EB-PU1007); Pro L1070U in US; lumens_ansi was 7000 (Epson rates 7,000 lm white light output, no ANSI figure published); throw confirmed by Epson Japan EB-L1070U projection-distance table",https://epson.com/faq/SPT_V11H940020~faq-00003eb-l1060_l1070_l1075,official,yes,https://www2.epson.jp/support/manual/data/elp/setup/syouninzu/ebl1070u.pdf,2026-10-09
Epson,EB-L1070U,,1920x1200 (WUXGA),Epson ELPL (PU/L-series bayonet),ELPLM08,1.44,2.33,±67%,±30%,"standard lens; 1.44-2.33 and shift ±67%/±30% from epson.com product page; 3LCD laser, discontinued (replaced by EB-PU1007); Pro L1070U in US; lumens_ansi was 7000 (Epson rates 7,000 lm white light output, no ANSI figure published); throw confirmed by Epson Japan EB-L1070U projection-distance table",https://epson.com/For-Work/Projectors/Large-Venue/Pro-L1070U-WUXGA-3LCD-Laser-Projector-with-4K-Enhancement/p/V11H940020,official,yes,https://www2.epson.jp/support/manual/data/elp/setup/syouninzu/ebl1070u.pdf,2026-10-09
Epson,EB-L1070U,,1920x1200 (WUXGA),Epson ELPL (PU/L-series bayonet),ELPLW06,1.62,2.22,,,"lens in Epson Japan EB-L1070U projection-distance table; throw from EB-PU1008 spec table (same 0.76in panel), consistent with the distance table; Epson rates 7,000 lm, no ANSI figure; discontinued (replaced by EB-PU1007)",https://files.support.epson.com/pdf/specs/specifications_ebpu2010series_en_r106.pdf,official,yes,https://www2.epson.jp/support/manual/data/elp/setup/syouninzu/ebl1070u.pdf,2026-10-09
Epson,EB-L1070U,,1920x1200 (WUXGA),Epson ELPL (PU/L-series bayonet),ELPLM15,2.16,3.48,,,"lens in Epson Japan EB-L1070U projection-distance table; throw from EB-PU1008 spec table (same 0.76in panel), consistent with the distance table; Epson rates 7,000 lm, no ANSI figure; discontinued (replaced by EB-PU1007)",https://files.support.epson.com/pdf/specs/specifications_ebpu2010series_en_r106.pdf,official,yes,https://www2.epson.jp/support/manual/data/elp/setup/syouninzu/ebl1070u.pdf,2026-10-09
Epson,EB-L1070U,,1920x1200 (WUXGA),Epson ELPL (PU/L-series bayonet),ELPLM10,3.32,5.06,,,"middle zoom #3 (also ELPLM06); lens named by Epson for this model, throw from EB-PU1008 spec table (same 0.76in panel per Audio General / ProjectorCentral); 3LCD laser, discontinued (replaced by EB-PU1007); Pro L1070U in US; lumens_ansi was 7000 (Epson rates 7,000 lm white light output, no ANSI figure published); throw confirmed by Epson Japan EB-L1070U projection-distance table",https://epson.com/faq/SPT_V11H940020~faq-00003eb-l1060_l1070_l1075,official,yes,https://www2.epson.jp/support/manual/data/elp/setup/syouninzu/ebl1070u.pdf,2026-10-09
Epson,EB-L1070U,,1920x1200 (WUXGA),Epson ELPL (PU/L-series bayonet),ELPLM11,4.85,7.38,,,"lens in Epson Japan EB-L1070U projection-distance table; throw from EB-PU1008 spec table (same 0.76in panel), consistent with the distance table; Epson rates 7,000 lm, no ANSI figure; discontinued (replaced by EB-PU1007)",https://files.support.epson.com/pdf/specs/specifications_ebpu2010series_en_r106.pdf,official,yes,https://www2.epson.jp/support/manual/data/elp/setup/syouninzu/ebl1070u.pdf,2026-10-09
Epson,EB-L1070U,,1920x1200 (WUXGA),Epson ELPL (PU/L-series bayonet),ELPLL08,7.21,10.11,,,"lens in Epson Japan EB-L1070U projection-distance table; throw from EB-PU1008 spec table (same 0.76in panel), consistent with the distance table; Epson rates 7,000 lm, no ANSI figure; discontinued (replaced by EB-PU1007)",https://files.support.epson.com/pdf/specs/specifications_ebpu2010series_en_r106.pdf,official,yes,https://www2.epson.jp/support/manual/data/elp/setup/syouninzu/ebl1070u.pdf,2026-10-09
Epson,EB-L1490U,,"1920x1200 (WUXGA, 1.03in-class 3LCD)",Epson ELPL (PU/L-series bayonet),ELPLX02S,0.35,0.35,,,UST zero-offset (also ELPLX02/X02W); throw confirmed by Epson Japan EB-L1490U projection-distance table (values match EB-PU2220 1.0in-class table); 3LCD laser; discontinued; lumens not recorded (no ANSI figure),https://www2.epson.jp/support/manual/data/elp/setup/syouninzu/ebl1490u.pdf,official,yes,https://www2.epson.jp/support/manual/data/elp/setup/syouninzu/ebl1490u.pdf,2026-10-09
Epson,EB-L1490U,,"1920x1200 (WUXGA, 1.03in-class 3LCD)",Epson ELPL (PU/L-series bayonet),ELPLU03S,0.48,0.57,,,short zoom #1 (also ELPLU03); throw confirmed by Epson Japan EB-L1490U projection-distance table (values match EB-PU2220 1.0in-class table); 3LCD laser; discontinued; lumens not recorded (no ANSI figure); conflict: Epson US FAQ https://epson.com/faq/SPT_V11HA16020~faq-0000875-pl1500uh_1755unl prints the 0.76in-panel value for this lens,https://www2.epson.jp/support/manual/data/elp/setup/syouninzu/ebl1490u.pdf,official,conflict,https://www2.epson.jp/support/manual/data/elp/setup/syouninzu/ebl1490u.pdf,2026-10-09
Epson,EB-L1490U,,"1920x1200 (WUXGA, 1.03in-class 3LCD)",Epson ELPL (PU/L-series bayonet),ELPLU04,0.64,0.77,,,short zoom #2; throw confirmed by Epson Japan EB-L1490U projection-distance table (values match EB-PU2220 1.0in-class table); 3LCD laser; discontinued; lumens not recorded (no ANSI figure); conflict: Epson US FAQ https://epson.com/faq/SPT_V11HA16020~faq-0000875-pl1500uh_1755unl prints the 0.76in-panel value for this lens,https://www2.epson.jp/support/manual/data/elp/setup/syouninzu/ebl1490u.pdf,official,conflict,https://www2.epson.jp/support/manual/data/elp/setup/syouninzu/ebl1490u.pdf,2026-10-09
Epson,EB-L1490U,,"1920x1200 (WUXGA, 1.03in-class 3LCD)",Epson ELPL (PU/L-series bayonet),ELPLW05,0.77,1.07,,,wide zoom #1; throw confirmed by Epson Japan EB-L1490U projection-distance table (values match EB-PU2220 1.0in-class table); 3LCD laser; discontinued; lumens not recorded (no ANSI figure); conflict: Epson US FAQ https://epson.com/faq/SPT_V11HA16020~faq-0000875-pl1500uh_1755unl prints the 0.76in-panel value for this lens,https://www2.epson.jp/support/manual/data/elp/setup/syouninzu/ebl1490u.pdf,official,conflict,https://www2.epson.jp/support/manual/data/elp/setup/syouninzu/ebl1490u.pdf,2026-10-09
Epson,EB-L1490U,,"1920x1200 (WUXGA, 1.03in-class 3LCD)",Epson ELPL (PU/L-series bayonet),ELPLW08,0.86,1.21,,,wide zoom #3; throw confirmed by Epson Japan EB-L1490U projection-distance table (values match EB-PU2220 1.0in-class table); 3LCD laser; discontinued; lumens not recorded (no ANSI figure),https://www2.epson.jp/support/manual/data/elp/setup/syouninzu/ebl1490u.pdf,official,yes,https://www2.epson.jp/support/manual/data/elp/setup/syouninzu/ebl1490u.pdf,2026-10-09
Epson,EB-L1490U,,"1920x1200 (WUXGA, 1.03in-class 3LCD)",Epson ELPL (PU/L-series bayonet),ELPLW06,1.19,1.62,,,wide zoom #2; throw confirmed by Epson Japan EB-L1490U projection-distance table (values match EB-PU2220 1.0in-class table); 3LCD laser; discontinued; lumens not recorded (no ANSI figure); conflict: Epson US FAQ https://epson.com/faq/SPT_V11HA16020~faq-0000875-pl1500uh_1755unl prints the 0.76in-panel value for this lens,https://www2.epson.jp/support/manual/data/elp/setup/syouninzu/ebl1490u.pdf,official,conflict,https://www2.epson.jp/support/manual/data/elp/setup/syouninzu/ebl1490u.pdf,2026-10-09
Epson,EB-L1490U,,"1920x1200 (WUXGA, 1.03in-class 3LCD)",Epson ELPL (PU/L-series bayonet),ELPLM15,1.57,2.56,,,"middle zoom #2, standard lens (also ELPLM09); throw confirmed by Epson Japan EB-L1490U projection-distance table (values match EB-PU2220 1.0in-class table); 3LCD laser; discontinued; lumens not recorded (no ANSI figure)",https://www2.epson.jp/support/manual/data/elp/setup/syouninzu/ebl1490u.pdf,official,yes,https://www2.epson.jp/support/manual/data/elp/setup/syouninzu/ebl1490u.pdf,2026-10-09
Epson,EB-L1490U,,"1920x1200 (WUXGA, 1.03in-class 3LCD)",Epson ELPL (PU/L-series bayonet),ELPLM10,2.42,3.71,,,middle zoom #3; throw confirmed by Epson Japan EB-L1490U projection-distance table (values match EB-PU2220 1.0in-class table); 3LCD laser; discontinued; lumens not recorded (no ANSI figure); conflict: Epson US FAQ https://epson.com/faq/SPT_V11HA16020~faq-0000875-pl1500uh_1755unl prints the 0.76in-panel value for this lens,https://www2.epson.jp/support/manual/data/elp/setup/syouninzu/ebl1490u.pdf,official,conflict,https://www2.epson.jp/support/manual/data/elp/setup/syouninzu/ebl1490u.pdf,2026-10-09
Epson,EB-L1490U,,"1920x1200 (WUXGA, 1.03in-class 3LCD)",Epson ELPL (PU/L-series bayonet),ELPLM11,3.54,5.41,,,middle zoom #4; throw confirmed by Epson Japan EB-L1490U projection-distance table (values match EB-PU2220 1.0in-class table); 3LCD laser; discontinued; lumens not recorded (no ANSI figure); conflict: Epson US FAQ https://epson.com/faq/SPT_V11HA16020~faq-0000875-pl1500uh_1755unl prints the 0.76in-panel value for this lens,https://www2.epson.jp/support/manual/data/elp/setup/syouninzu/ebl1490u.pdf,official,conflict,https://www2.epson.jp/support/manual/data/elp/setup/syouninzu/ebl1490u.pdf,2026-10-09
Epson,EB-L1490U,,"1920x1200 (WUXGA, 1.03in-class 3LCD)",Epson ELPL (PU/L-series bayonet),ELPLL08,5.27,7.41,,,long zoom; throw confirmed by Epson Japan EB-L1490U projection-distance table (values match EB-PU2220 1.0in-class table); 3LCD laser; discontinued; lumens not recorded (no ANSI figure); conflict: Epson US FAQ https://epson.com/faq/SPT_V11HA16020~faq-0000875-pl1500uh_1755unl prints the 0.76in-panel value for this lens,https://www2.epson.jp/support/manual/data/elp/setup/syouninzu/ebl1490u.pdf,official,conflict,https://www2.epson.jp/support/manual/data/elp/setup/syouninzu/ebl1490u.pdf,2026-10-09
Epson,EB-L1505U,,"1920x1200 (WUXGA, 1.03in 3LCD)",Epson ELPL (PU/L-series bayonet),ELPLX02S,0.35,0.35,,,"UST zero-offset (also ELPLX02/X02W); lens listed for EB-L1505U(NL/H) on Epson NZ/EU pages; Epson publishes no per-lens throw for this model; value from the EB-L1490U/L1755U distance tables (same 1.03in panel); Epson rates 12,000 lm (ISO 21118), no ANSI figure; EB-L1505UH variant; discontinued",https://epson.co.nz/products/projector/EB-L1505UNL_Specs.asp,secondary,no,https://epson.co.nz/products/projector/EB-L1505UNL_Specs.asp,2026-10-09
Epson,EB-L1505U,,"1920x1200 (WUXGA, 1.03in 3LCD)",Epson ELPL (PU/L-series bayonet),ELPLU03S,0.48,0.57,,,"short zoom #1 (also ELPLU03); lens listed for EB-L1505U(NL/H) on Epson NZ/EU pages; Epson publishes no per-lens throw for this model; value from the EB-L1490U/L1755U distance tables (same 1.03in panel); Epson rates 12,000 lm (ISO 21118), no ANSI figure; EB-L1505UH variant; discontinued",https://epson.co.nz/products/projector/EB-L1505UNL_Specs.asp,secondary,no,https://epson.co.nz/products/projector/EB-L1505UNL_Specs.asp,2026-10-09
Epson,EB-L1505U,,"1920x1200 (WUXGA, 1.03in 3LCD)",Epson ELPL (PU/L-series bayonet),ELPLU04,0.64,0.77,,,"short zoom #2; lens listed for EB-L1505U(NL/H) on Epson NZ/EU pages; Epson publishes no per-lens throw for this model; value from the EB-L1490U/L1755U distance tables (same 1.03in panel); Epson rates 12,000 lm (ISO 21118), no ANSI figure; EB-L1505UH variant; discontinued",https://epson.co.nz/products/projector/EB-L1505UNL_Specs.asp,secondary,no,https://epson.co.nz/products/projector/EB-L1505UNL_Specs.asp,2026-10-09
Epson,EB-L1505U,,"1920x1200 (WUXGA, 1.03in 3LCD)",Epson ELPL (PU/L-series bayonet),ELPLW05,0.77,1.07,,,"wide zoom #1; lens listed for EB-L1505U(NL/H) on Epson NZ/EU pages; Epson publishes no per-lens throw for this model; value from the EB-L1490U/L1755U distance tables (same 1.03in panel); Epson rates 12,000 lm (ISO 21118), no ANSI figure; EB-L1505UH variant; discontinued",https://epson.co.nz/products/projector/EB-L1505UNL_Specs.asp,secondary,no,https://epson.co.nz/products/projector/EB-L1505UNL_Specs.asp,2026-10-09
Epson,EB-L1505U,,"1920x1200 (WUXGA, 1.03in 3LCD)",Epson ELPL (PU/L-series bayonet),ELPLW08,0.86,1.21,,,"wide zoom #3; lens listed for EB-L1505U(NL/H) on Epson NZ/EU pages; Epson publishes no per-lens throw for this model; value from the EB-L1490U/L1755U distance tables (same 1.03in panel); Epson rates 12,000 lm (ISO 21118), no ANSI figure; EB-L1505UH variant; discontinued",https://epson.co.nz/products/projector/EB-L1505UNL_Specs.asp,secondary,no,https://epson.co.nz/products/projector/EB-L1505UNL_Specs.asp,2026-10-09
Epson,EB-L1505U,,"1920x1200 (WUXGA, 1.03in 3LCD)",Epson ELPL (PU/L-series bayonet),ELPLW06,1.19,1.62,,,"wide zoom #2; lens listed for EB-L1505U(NL/H) on Epson NZ/EU pages; Epson publishes no per-lens throw for this model; value from the EB-L1490U/L1755U distance tables (same 1.03in panel); Epson rates 12,000 lm (ISO 21118), no ANSI figure; EB-L1505UH variant; discontinued",https://epson.co.nz/products/projector/EB-L1505UNL_Specs.asp,secondary,no,https://epson.co.nz/products/projector/EB-L1505UNL_Specs.asp,2026-10-09
Epson,EB-L1505U,,"1920x1200 (WUXGA, 1.03in 3LCD)",Epson ELPL (PU/L-series bayonet),ELPLM15,1.57,2.56,±60%,±18%,"middle zoom #2, standard lens (also ELPLM09); lens listed for EB-L1505U(NL/H) on Epson NZ/EU pages; 1.57-2.56 and shift are the projector's published values; Epson rates 12,000 lm (ISO 21118), no ANSI figure; EB-L1505UH variant; discontinued",https://epson.co.nz/products/projector/EB-L1505UNL_Specs.asp,official,yes,https://epson.co.nz/products/projector/EB-L1505UNL_Specs.asp,2026-10-09
Epson,EB-L1505U,,"1920x1200 (WUXGA, 1.03in 3LCD)",Epson ELPL (PU/L-series bayonet),ELPLM10,2.42,3.71,,,"middle zoom #3; lens listed for EB-L1505U(NL/H) on Epson NZ/EU pages; Epson publishes no per-lens throw for this model; value from the EB-L1490U/L1755U distance tables (same 1.03in panel); Epson rates 12,000 lm (ISO 21118), no ANSI figure; EB-L1505UH variant; discontinued",https://epson.co.nz/products/projector/EB-L1505UNL_Specs.asp,secondary,no,https://epson.co.nz/products/projector/EB-L1505UNL_Specs.asp,2026-10-09
Epson,EB-L1505U,,"1920x1200 (WUXGA, 1.03in 3LCD)",Epson ELPL (PU/L-series bayonet),ELPLM11,3.54,5.41,,,"middle zoom #4; lens listed for EB-L1505U(NL/H) on Epson NZ/EU pages; Epson publishes no per-lens throw for this model; value from the EB-L1490U/L1755U distance tables (same 1.03in panel); Epson rates 12,000 lm (ISO 21118), no ANSI figure; EB-L1505UH variant; discontinued",https://epson.co.nz/products/projector/EB-L1505UNL_Specs.asp,secondary,no,https://epson.co.nz/products/projector/EB-L1505UNL_Specs.asp,2026-10-09
Epson,EB-L1505U,,"1920x1200 (WUXGA, 1.03in 3LCD)",Epson ELPL (PU/L-series bayonet),ELPLL08,5.27,7.41,,,"long zoom; lens listed for EB-L1505U(NL/H) on Epson NZ/EU pages; Epson publishes no per-lens throw for this model; value from the EB-L1490U/L1755U distance tables (same 1.03in panel); Epson rates 12,000 lm (ISO 21118), no ANSI figure; EB-L1505UH variant; discontinued",https://epson.co.nz/products/projector/EB-L1505UNL_Specs.asp,secondary,no,https://epson.co.nz/products/projector/EB-L1505UNL_Specs.asp,2026-10-09
Epson,EB-L1755U,,"1920x1200 (WUXGA, 1.03in 3LCD)",Epson ELPL (PU/L-series bayonet),ELPLX02S,0.35,0.35,,,"UST zero-offset (also ELPLX02/X02W/X02WS); shift shown only as diagram; throw confirmed by Epson Japan EB-L1755U projection-distance table (100in distances / 2.15 m width); 3LCD laser, discontinued (EB-L1750U white twin); shift ±60% V / ±18% H (epson.eu); lumens_ansi was 15000 (Epson rates 15,000 lm white light output, no ANSI figure published)",https://www.epson.eu/en_EU/products/projector/professional/eb-l1755u/p/22344,official,yes,https://www2.epson.jp/support/manual/data/elp/setup/syouninzu/ebl1755u.pdf,2026-10-09
Epson,EB-L1755U,,"1920x1200 (WUXGA, 1.03in 3LCD)",Epson ELPL (PU/L-series bayonet),ELPLU03S,0.48,0.57,,,"short zoom #1 (also ELPLU03); throw confirmed by Epson Japan EB-L1755U projection-distance table (100in distances / 2.15 m width); 3LCD laser, discontinued (EB-L1750U white twin); shift ±60% V / ±18% H (epson.eu); lumens_ansi was 15000 (Epson rates 15,000 lm white light output, no ANSI figure published); conflict: Epson US FAQ https://epson.com/faq/SPT_V11H892820~faq-0000875-pl1500uh_1755unl prints the 0.76in-panel value for this lens; Epson Japan distance table and Epson EU 1.03in panel spec support the value used",https://www.epson.eu/en_EU/products/projector/professional/eb-l1755u/p/22344,official,conflict,https://www2.epson.jp/support/manual/data/elp/setup/syouninzu/ebl1755u.pdf,2026-10-09
Epson,EB-L1755U,,"1920x1200 (WUXGA, 1.03in 3LCD)",Epson ELPL (PU/L-series bayonet),ELPLU04,0.64,0.77,±60%,±18%,"short zoom #2; throw confirmed by Epson Japan EB-L1755U projection-distance table (100in distances / 2.15 m width); 3LCD laser, discontinued (EB-L1750U white twin); shift ±60% V / ±18% H (epson.eu); lumens_ansi was 15000 (Epson rates 15,000 lm white light output, no ANSI figure published); conflict: Epson US FAQ https://epson.com/faq/SPT_V11H892820~faq-0000875-pl1500uh_1755unl prints the 0.76in-panel value for this lens; Epson Japan distance table and Epson EU 1.03in panel spec support the value used",https://www.epson.eu/en_EU/products/projector/professional/eb-l1755u/p/22344,official,conflict,https://www2.epson.jp/support/manual/data/elp/setup/syouninzu/ebl1755u.pdf,2026-10-09
Epson,EB-L1755U,,"1920x1200 (WUXGA, 1.03in 3LCD)",Epson ELPL (PU/L-series bayonet),ELPLW05,0.77,1.07,,,"wide zoom #1; throw confirmed by Epson Japan EB-L1755U projection-distance table (100in distances / 2.15 m width); 3LCD laser, discontinued (EB-L1750U white twin); shift ±60% V / ±18% H (epson.eu); lumens_ansi was 15000 (Epson rates 15,000 lm white light output, no ANSI figure published); conflict: Epson US FAQ https://epson.com/faq/SPT_V11H892820~faq-0000875-pl1500uh_1755unl prints the 0.76in-panel value for this lens; Epson Japan distance table and Epson EU 1.03in panel spec support the value used",https://www.epson.eu/en_EU/products/projector/professional/eb-l1755u/p/22344,official,conflict,https://www2.epson.jp/support/manual/data/elp/setup/syouninzu/ebl1755u.pdf,2026-10-09
Epson,EB-L1755U,,"1920x1200 (WUXGA, 1.03in 3LCD)",Epson ELPL (PU/L-series bayonet),ELPLW08,0.86,1.21,±60%,±18%,"wide zoom #3; throw confirmed by Epson Japan EB-L1755U projection-distance table (100in distances / 2.15 m width); 3LCD laser, discontinued (EB-L1750U white twin); shift ±60% V / ±18% H (epson.eu); lumens_ansi was 15000 (Epson rates 15,000 lm white light output, no ANSI figure published)",https://www.epson.eu/en_EU/products/projector/professional/eb-l1755u/p/22344,official,yes,https://www2.epson.jp/support/manual/data/elp/setup/syouninzu/ebl1755u.pdf,2026-10-09
Epson,EB-L1755U,,"1920x1200 (WUXGA, 1.03in 3LCD)",Epson ELPL (PU/L-series bayonet),ELPLW06,1.19,1.62,±60%,±18%,"wide zoom #2; throw confirmed by Epson Japan EB-L1755U projection-distance table (100in distances / 2.15 m width); 3LCD laser, discontinued (EB-L1750U white twin); shift ±60% V / ±18% H (epson.eu); lumens_ansi was 15000 (Epson rates 15,000 lm white light output, no ANSI figure published); conflict: Epson US FAQ https://epson.com/faq/SPT_V11H892820~faq-0000875-pl1500uh_1755unl prints the 0.76in-panel value for this lens; Epson Japan distance table and Epson EU 1.03in panel spec support the value used",https://www.epson.eu/en_EU/products/projector/professional/eb-l1755u/p/22344,official,conflict,https://www2.epson.jp/support/manual/data/elp/setup/syouninzu/ebl1755u.pdf,2026-10-09
Epson,EB-L1755U,,"1920x1200 (WUXGA, 1.03in 3LCD)",Epson ELPL (PU/L-series bayonet),ELPLM15,1.57,2.56,±60%,±18%,"standard lens; 1.57-2.56 confirmed on epson.eu product page; 3LCD laser, discontinued (EB-L1750U white twin); shift ±60% V / ±18% H (epson.eu); lumens_ansi was 15000 (Epson rates 15,000 lm white light output, no ANSI figure published)",https://www.epson.eu/en_EU/products/projector/professional/eb-l1755u/p/22344,official,yes,https://www2.epson.jp/support/manual/data/elp/setup/syouninzu/ebl1755u.pdf,2026-10-09
Epson,EB-L1755U,,"1920x1200 (WUXGA, 1.03in 3LCD)",Epson ELPL (PU/L-series bayonet),ELPLM10,2.42,3.71,±60%,±18%,"middle zoom #3; throw confirmed by Epson Japan EB-L1755U projection-distance table (100in distances / 2.15 m width); 3LCD laser, discontinued (EB-L1750U white twin); shift ±60% V / ±18% H (epson.eu); lumens_ansi was 15000 (Epson rates 15,000 lm white light output, no ANSI figure published); conflict: Epson US FAQ https://epson.com/faq/SPT_V11H892820~faq-0000875-pl1500uh_1755unl prints the 0.76in-panel value for this lens; Epson Japan distance table and Epson EU 1.03in panel spec support the value used",https://www.epson.eu/en_EU/products/projector/professional/eb-l1755u/p/22344,official,conflict,https://www2.epson.jp/support/manual/data/elp/setup/syouninzu/ebl1755u.pdf,2026-10-09
Epson,EB-L1755U,,"1920x1200 (WUXGA, 1.03in 3LCD)",Epson ELPL (PU/L-series bayonet),ELPLM11,3.54,5.41,±60%,±18%,"middle zoom #4; throw confirmed by Epson Japan EB-L1755U projection-distance table (100in distances / 2.15 m width); 3LCD laser, discontinued (EB-L1750U white twin); shift ±60% V / ±18% H (epson.eu); lumens_ansi was 15000 (Epson rates 15,000 lm white light output, no ANSI figure published); conflict: Epson US FAQ https://epson.com/faq/SPT_V11H892820~faq-0000875-pl1500uh_1755unl prints the 0.76in-panel value for this lens; Epson Japan distance table and Epson EU 1.03in panel spec support the value used",https://www.epson.eu/en_EU/products/projector/professional/eb-l1755u/p/22344,official,conflict,https://www2.epson.jp/support/manual/data/elp/setup/syouninzu/ebl1755u.pdf,2026-10-09
Epson,EB-L1755U,,"1920x1200 (WUXGA, 1.03in 3LCD)",Epson ELPL (PU/L-series bayonet),ELPLL08,5.27,7.41,±60%,±18%,"long zoom; throw confirmed by Epson Japan EB-L1755U projection-distance table (100in distances / 2.15 m width); 3LCD laser, discontinued (EB-L1750U white twin); shift ±60% V / ±18% H (epson.eu); lumens_ansi was 15000 (Epson rates 15,000 lm white light output, no ANSI figure published); conflict: Epson US FAQ https://epson.com/faq/SPT_V11H892820~faq-0000875-pl1500uh_1755unl prints the 0.76in-panel value for this lens; Epson Japan distance table and Epson EU 1.03in panel spec support the value used",https://www.epson.eu/en_EU/products/projector/professional/eb-l1755u/p/22344,official,conflict,https://www2.epson.jp/support/manual/data/elp/setup/syouninzu/ebl1755u.pdf,2026-10-09
Epson,EB-L20000U,,"1920x1200 (WUXGA, 1.03in 3LCD)",Epson ELPL (PU/L-series bayonet),ELPLX02S,0.35,0.35,,,"UST zero-offset (also ELPLX02/X02W/X02WS); shift shown only as diagram; lens listed as option by Epson AU but throw taken from Epson EB-PU2220 spec table (same 1.0/1.03in panel class; ProjectorCentral lists identical ratios for L20000U); 3LCD laser (Pro L20000UNL in US); shift ±60% V / ±18% H per https://epson.com.au/products/projector/EB-L20000UNL_Specs.asp; lumens_ansi was 20000 (Epson rates 20,000 lm white light output, no ANSI figure published); compatibility confirmed on Epson AU spec page; Epson publishes no per-lens throw for the L20000U (value from same-panel PU2220 table)",https://epson.com.au/products/projector/EB-L20000UNL_Specs.asp,secondary,no,https://epson.com.au/products/projector/EB-L20000UNL_Specs.asp,2026-10-09
Epson,EB-L20000U,,"1920x1200 (WUXGA, 1.03in 3LCD)",Epson ELPL (PU/L-series bayonet),ELPLU03S,0.48,0.57,,,"short zoom #1 (also ELPLU03); lens listed as option by Epson AU but throw taken from Epson EB-PU2220 spec table (same 1.0/1.03in panel class; ProjectorCentral lists identical ratios for L20000U); 3LCD laser (Pro L20000UNL in US); shift ±60% V / ±18% H per https://epson.com.au/products/projector/EB-L20000UNL_Specs.asp; lumens_ansi was 20000 (Epson rates 20,000 lm white light output, no ANSI figure published); compatibility confirmed on Epson AU spec page; Epson publishes no per-lens throw for the L20000U (value from same-panel PU2220 table)",https://epson.com.au/products/projector/EB-L20000UNL_Specs.asp,secondary,no,https://epson.com.au/products/projector/EB-L20000UNL_Specs.asp,2026-10-09
Epson,EB-L20000U,,"1920x1200 (WUXGA, 1.03in 3LCD)",Epson ELPL (PU/L-series bayonet),ELPLU04,0.64,0.77,±60%,±18%,"short zoom #2; lens listed as option by Epson AU but throw taken from Epson EB-PU2220 spec table (same 1.0/1.03in panel class; ProjectorCentral lists identical ratios for L20000U); 3LCD laser (Pro L20000UNL in US); shift ±60% V / ±18% H per https://epson.com.au/products/projector/EB-L20000UNL_Specs.asp; lumens_ansi was 20000 (Epson rates 20,000 lm white light output, no ANSI figure published); compatibility confirmed on Epson AU spec page; Epson publishes no per-lens throw for the L20000U (value from same-panel PU2220 table)",https://epson.com.au/products/projector/EB-L20000UNL_Specs.asp,secondary,no,https://epson.com.au/products/projector/EB-L20000UNL_Specs.asp,2026-10-09
Epson,EB-L20000U,,"1920x1200 (WUXGA, 1.03in 3LCD)",Epson ELPL (PU/L-series bayonet),ELPLW06,1.19,1.62,±60%,±18%,"wide zoom #2; lens listed as option by Epson AU but throw taken from Epson EB-PU2220 spec table (same 1.0/1.03in panel class; ProjectorCentral lists identical ratios for L20000U); 3LCD laser (Pro L20000UNL in US); shift ±60% V / ±18% H per https://epson.com.au/products/projector/EB-L20000UNL_Specs.asp; lumens_ansi was 20000 (Epson rates 20,000 lm white light output, no ANSI figure published); compatibility confirmed on Epson AU spec page; Epson publishes no per-lens throw for the L20000U (value from same-panel PU2220 table)",https://epson.com.au/products/projector/EB-L20000UNL_Specs.asp,secondary,no,https://epson.com.au/products/projector/EB-L20000UNL_Specs.asp,2026-10-09
Epson,EB-L20000U,,"1920x1200 (WUXGA, 1.03in 3LCD)",Epson ELPL (PU/L-series bayonet),ELPLM15,1.57,2.56,±60%,±18%,"middle zoom #2, standard lens (also ELPLM09); lens listed as option by Epson AU but throw taken from Epson EB-PU2220 spec table (same 1.0/1.03in panel class; ProjectorCentral lists identical ratios for L20000U); 3LCD laser (Pro L20000UNL in US); shift ±60% V / ±18% H per https://epson.com.au/products/projector/EB-L20000UNL_Specs.asp; lumens_ansi was 20000 (Epson rates 20,000 lm white light output, no ANSI figure published); 1.57-2.56 is the projector's published throw range (Epson AU)",https://epson.com.au/products/projector/EB-L20000UNL_Specs.asp,official,yes,https://epson.com.au/products/projector/EB-L20000UNL_Specs.asp,2026-10-09
Epson,EB-L20000U,,"1920x1200 (WUXGA, 1.03in 3LCD)",Epson ELPL (PU/L-series bayonet),ELPLM10,2.42,3.71,±60%,±18%,"middle zoom #3; lens listed as option by Epson AU but throw taken from Epson EB-PU2220 spec table (same 1.0/1.03in panel class; ProjectorCentral lists identical ratios for L20000U); 3LCD laser (Pro L20000UNL in US); shift ±60% V / ±18% H per https://epson.com.au/products/projector/EB-L20000UNL_Specs.asp; lumens_ansi was 20000 (Epson rates 20,000 lm white light output, no ANSI figure published); compatibility confirmed on Epson AU spec page; Epson publishes no per-lens throw for the L20000U (value from same-panel PU2220 table)",https://epson.com.au/products/projector/EB-L20000UNL_Specs.asp,secondary,no,https://epson.com.au/products/projector/EB-L20000UNL_Specs.asp,2026-10-09
Epson,EB-L20000U,,"1920x1200 (WUXGA, 1.03in 3LCD)",Epson ELPL (PU/L-series bayonet),ELPLM11,3.54,5.41,±60%,±18%,"middle zoom #4; lens listed as option by Epson AU but throw taken from Epson EB-PU2220 spec table (same 1.0/1.03in panel class; ProjectorCentral lists identical ratios for L20000U); 3LCD laser (Pro L20000UNL in US); shift ±60% V / ±18% H per https://epson.com.au/products/projector/EB-L20000UNL_Specs.asp; lumens_ansi was 20000 (Epson rates 20,000 lm white light output, no ANSI figure published); compatibility confirmed on Epson AU spec page; Epson publishes no per-lens throw for the L20000U (value from same-panel PU2220 table)",https://epson.com.au/products/projector/EB-L20000UNL_Specs.asp,secondary,no,https://epson.com.au/products/projector/EB-L20000UNL_Specs.asp,2026-10-09
Epson,EB-L20000U,,"1920x1200 (WUXGA, 1.03in 3LCD)",Epson ELPL (PU/L-series bayonet),ELPLL08,5.27,7.41,±60%,±18%,"long zoom; lens listed as option by Epson AU but throw taken from Epson EB-PU2220 spec table (same 1.0/1.03in panel class; ProjectorCentral lists identical ratios for L20000U); 3LCD laser (Pro L20000UNL in US); shift ±60% V / ±18% H per https://epson.com.au/products/projector/EB-L20000UNL_Specs.asp; lumens_ansi was 20000 (Epson rates 20,000 lm white light output, no ANSI figure published); compatibility confirmed on Epson AU spec page; Epson publishes no per-lens throw for the L20000U (value from same-panel PU2220 table)",https://epson.com.au/products/projector/EB-L20000UNL_Specs.asp,secondary,no,https://epson.com.au/products/projector/EB-L20000UNL_Specs.asp,2026-10-09
Epson,EB-L25000U,,"1920x1200 (WUXGA, 1.43in 3LCD)",Epson ELPL (L25000/L30000 large mount),ELPLU05,0.90,1.09,,,"short zoom; 3LCD laser; Pro L25000U in US; shift ±65% V / ±30% H (epson.eu); lumens_ansi was 25000 (Epson rates 25,000 lm white light output, no ANSI figure published)",https://epson.com/faq/SPT_V11H679820~faq-0000875-pl25000u,official,yes,https://epson.com/faq/SPT_V11H679820~faq-0000875-pl25000u,2026-10-09
Epson,EB-L25000U,,"1920x1200 (WUXGA, 1.43in 3LCD)",Epson ELPL (L25000/L30000 large mount),ELPLW07,1.29,1.76,,,"wide zoom; 3LCD laser; Pro L25000U in US; shift ±65% V / ±30% H (epson.eu); lumens_ansi was 25000 (Epson rates 25,000 lm white light output, no ANSI figure published)",https://epson.com/faq/SPT_V11H679820~faq-0000875-pl25000u,official,yes,https://epson.com/faq/SPT_V11H679820~faq-0000875-pl25000u,2026-10-09
Epson,EB-L25000U,,"1920x1200 (WUXGA, 1.43in 3LCD)",Epson ELPL (L25000/L30000 large mount),ELPLM12,1.74,2.35,±65%,±30%,"middle zoom #1 (standard lens); projector shift spec quoted for this lens; 3LCD laser; Pro L25000U in US; shift ±65% V / ±30% H (epson.eu); lumens_ansi was 25000 (Epson rates 25,000 lm white light output, no ANSI figure published)",https://epson.com/faq/SPT_V11H679820~faq-0000875-pl25000u,official,yes,https://epson.com/faq/SPT_V11H679820~faq-0000875-pl25000u,2026-10-09
Epson,EB-L25000U,,"1920x1200 (WUXGA, 1.43in 3LCD)",Epson ELPL (L25000/L30000 large mount),ELPLM13,2.28,3.46,,,"middle zoom #2; 3LCD laser; Pro L25000U in US; shift ±65% V / ±30% H (epson.eu); lumens_ansi was 25000 (Epson rates 25,000 lm white light output, no ANSI figure published)",https://epson.com/faq/SPT_V11H679820~faq-0000875-pl25000u,official,yes,https://epson.com/faq/SPT_V11H679820~faq-0000875-pl25000u,2026-10-09
Epson,EB-L25000U,,"1920x1200 (WUXGA, 1.43in 3LCD)",Epson ELPL (L25000/L30000 large mount),ELPLM14,3.41,5.12,,,"middle zoom #3; 3LCD laser; Pro L25000U in US; shift ±65% V / ±30% H (epson.eu); lumens_ansi was 25000 (Epson rates 25,000 lm white light output, no ANSI figure published)",https://epson.com/faq/SPT_V11H679820~faq-0000875-pl25000u,official,yes,https://epson.com/faq/SPT_V11H679820~faq-0000875-pl25000u,2026-10-09
Epson,EB-L25000U,,"1920x1200 (WUXGA, 1.43in 3LCD)",Epson ELPL (L25000/L30000 large mount),ELPLL09,4.79,7.20,,,"long zoom #1; 3LCD laser; Pro L25000U in US; shift ±65% V / ±30% H (epson.eu); lumens_ansi was 25000 (Epson rates 25,000 lm white light output, no ANSI figure published)",https://epson.com/faq/SPT_V11H679820~faq-0000875-pl25000u,official,yes,https://epson.com/faq/SPT_V11H679820~faq-0000875-pl25000u,2026-10-09
Epson,EB-L25000U,,"1920x1200 (WUXGA, 1.43in 3LCD)",Epson ELPL (L25000/L30000 large mount),ELPLL10,6.96,10.45,,,"long zoom #2; 3LCD laser; Pro L25000U in US; shift ±65% V / ±30% H (epson.eu); lumens_ansi was 25000 (Epson rates 25,000 lm white light output, no ANSI figure published)",https://epson.com/faq/SPT_V11H679820~faq-0000875-pl25000u,official,yes,https://epson.com/faq/SPT_V11H679820~faq-0000875-pl25000u,2026-10-09
Epson,EB-L25000U,,"1920x1200 (WUXGA, 1.43in 3LCD)",Epson ELPL (L25000/L30000 large mount),ELPLR05,,,,,"rear-throw lens; Epson lists throw as 'Fixed' with no ratio; 3LCD laser; Pro L25000U in US; shift ±65% V / ±30% H (epson.eu); lumens_ansi was 25000 (Epson rates 25,000 lm white light output, no ANSI figure published)",https://epson.com/faq/SPT_V11H679820~faq-0000875-pl25000u,official,yes,https://epson.com/faq/SPT_V11H679820~faq-0000875-pl25000u,2026-10-09
Epson,EB-L30000U,,1920x1200 (WUXGA),Epson ELPL (L25000/L30000 large mount),ELPLU05,0.90,1.09,,,"short zoom; listed as L30000U option by Epson US FAQ (https://epson.com/faq/SPT_V11H944820~faq-00003ef-pl30000unl); throw from L25000U FAQ (ProjectorCentral lists identical ratios for both); 3LCD laser; EB-L30002U white twin; Pro L30000UNL in US; lumens_ansi was 30000 (Epson rates 30,000 lm white light output, no ANSI figure published); compatibility confirmed on Epson US FAQ; Epson publishes no throw for this lens on the L30000U (value is the L25000U figure, same 1.43in panel)",https://epson.com/faq/SPT_V11H679820~faq-0000875-pl25000u,secondary,no,https://epson.com/faq/SPT_V11H944820~faq-00003ef-pl30000unl,2026-10-09
Epson,EB-L30000U,,1920x1200 (WUXGA),Epson ELPL (L25000/L30000 large mount),ELPLW07,1.29,1.76,,,"wide zoom; listed as L30000U option by Epson US FAQ (https://epson.com/faq/SPT_V11H944820~faq-00003ef-pl30000unl); throw from L25000U FAQ (ProjectorCentral lists identical ratios for both); 3LCD laser; EB-L30002U white twin; Pro L30000UNL in US; lumens_ansi was 30000 (Epson rates 30,000 lm white light output, no ANSI figure published); compatibility confirmed on Epson US FAQ; Epson publishes no throw for this lens on the L30000U (value is the L25000U figure, same 1.43in panel)",https://epson.com/faq/SPT_V11H679820~faq-0000875-pl25000u,secondary,no,https://epson.com/faq/SPT_V11H944820~faq-00003ef-pl30000unl,2026-10-09
Epson,EB-L30000U,,1920x1200 (WUXGA),Epson ELPL (L25000/L30000 large mount),ELPLM12,1.74,2.35,±65%,±30%,"middle zoom #1; 1.74-2.35 and shift ±65%/±30% from Epson AU spec page; 3LCD laser; EB-L30002U white twin; Pro L30000UNL in US; lumens_ansi was 30000 (Epson rates 30,000 lm white light output, no ANSI figure published)",https://epson.com.au/products/projector/EB-L30000UNL_Specs.asp,official,yes,https://epson.com.au/products/projector/EB-L30000UNL_Specs.asp,2026-10-09
Epson,EB-L30000U,,1920x1200 (WUXGA),Epson ELPL (L25000/L30000 large mount),ELPLM13,2.28,3.46,,,"middle zoom #2; listed as L30000U option by Epson US FAQ (https://epson.com/faq/SPT_V11H944820~faq-00003ef-pl30000unl); throw from L25000U FAQ (ProjectorCentral lists identical ratios for both); 3LCD laser; EB-L30002U white twin; Pro L30000UNL in US; lumens_ansi was 30000 (Epson rates 30,000 lm white light output, no ANSI figure published); compatibility confirmed on Epson US FAQ; Epson publishes no throw for this lens on the L30000U (value is the L25000U figure, same 1.43in panel)",https://epson.com/faq/SPT_V11H679820~faq-0000875-pl25000u,secondary,no,https://epson.com/faq/SPT_V11H944820~faq-00003ef-pl30000unl,2026-10-09
Epson,EB-L30000U,,1920x1200 (WUXGA),Epson ELPL (L25000/L30000 large mount),ELPLM14,3.41,5.12,,,"middle zoom #3; listed as L30000U option by Epson US FAQ (https://epson.com/faq/SPT_V11H944820~faq-00003ef-pl30000unl); throw from L25000U FAQ (ProjectorCentral lists identical ratios for both); 3LCD laser; EB-L30002U white twin; Pro L30000UNL in US; lumens_ansi was 30000 (Epson rates 30,000 lm white light output, no ANSI figure published); compatibility confirmed on Epson US FAQ; Epson publishes no throw for this lens on the L30000U (value is the L25000U figure, same 1.43in panel)",https://epson.com/faq/SPT_V11H679820~faq-0000875-pl25000u,secondary,no,https://epson.com/faq/SPT_V11H944820~faq-00003ef-pl30000unl,2026-10-09
Epson,EB-L30000U,,1920x1200 (WUXGA),Epson ELPL (L25000/L30000 large mount),ELPLL09,4.79,7.20,,,"long zoom #1; listed as L30000U option by Epson US FAQ (https://epson.com/faq/SPT_V11H944820~faq-00003ef-pl30000unl); throw from L25000U FAQ (ProjectorCentral lists identical ratios for both); 3LCD laser; EB-L30002U white twin; Pro L30000UNL in US; lumens_ansi was 30000 (Epson rates 30,000 lm white light output, no ANSI figure published); compatibility confirmed on Epson US FAQ; Epson publishes no throw for this lens on the L30000U (value is the L25000U figure, same 1.43in panel)",https://epson.com/faq/SPT_V11H679820~faq-0000875-pl25000u,secondary,no,https://epson.com/faq/SPT_V11H944820~faq-00003ef-pl30000unl,2026-10-09
Epson,EB-L30000U,,1920x1200 (WUXGA),Epson ELPL (L25000/L30000 large mount),ELPLL10,6.96,10.45,,,"long zoom #2; listed as L30000U option by Epson US FAQ (https://epson.com/faq/SPT_V11H944820~faq-00003ef-pl30000unl); throw from L25000U FAQ (ProjectorCentral lists identical ratios for both); 3LCD laser; EB-L30002U white twin; Pro L30000UNL in US; lumens_ansi was 30000 (Epson rates 30,000 lm white light output, no ANSI figure published); compatibility confirmed on Epson US FAQ; Epson publishes no throw for this lens on the L30000U (value is the L25000U figure, same 1.43in panel)",https://epson.com/faq/SPT_V11H679820~faq-0000875-pl25000u,secondary,no,https://epson.com/faq/SPT_V11H944820~faq-00003ef-pl30000unl,2026-10-09
Epson,EB-L30000U,,1920x1200 (WUXGA),Epson ELPL (L25000/L30000 large mount),ELPLR05,,,,,"rear-throw lens; Epson lists throw as 'Fixed' with no ratio; listed as L30000U option by Epson US FAQ (https://epson.com/faq/SPT_V11H944820~faq-00003ef-pl30000unl); throw from L25000U FAQ (ProjectorCentral lists identical ratios for both); 3LCD laser; EB-L30002U white twin; Pro L30000UNL in US; lumens_ansi was 30000 (Epson rates 30,000 lm white light output, no ANSI figure published)",https://epson.com/faq/SPT_V11H679820~faq-0000875-pl25000u,secondary,yes,https://epson.com/faq/SPT_V11H944820~faq-00003ef-pl30000unl,2026-10-09
Epson,EB-PQ2008B,,3840x2160 (4K enhancement),Epson ELPL (PU/L-series bayonet),ELPLX02S,0.34,0.34,,,"UST zero-offset (also X02/X02W/X02WS); Epson US FAQ table; per-lens shift not published there; 8,000 lm (ISO); 3LCD laser; ISO lumens via ProjectorCentral; projector shift ±60% V / ±18% H per ProjectorCentral (secondary); model names confirmed in Epson user guide https://files.support.epson.com/docid/cpd6/cpd64101/source/specifications/reference/ebpq2008b_2010w/spex_general_ebpq2008b_2010w.html",https://epson.com/faq/SPT_V11HB01920~faq-0000875-ebpq2008b_pq2010w,official,yes,https://epson.com/faq/SPT_V11HB01820~faq-0000875-ebpq2008b_pq2010w,2026-10-09
Epson,EB-PQ2008B,,3840x2160 (4K enhancement),Epson ELPL (PU/L-series bayonet),ELPLU03S,0.46,0.56,,,"short zoom #1; Epson US FAQ table; per-lens shift not published there; 8,000 lm (ISO); 3LCD laser; ISO lumens via ProjectorCentral; projector shift ±60% V / ±18% H per ProjectorCentral (secondary); model names confirmed in Epson user guide https://files.support.epson.com/docid/cpd6/cpd64101/source/specifications/reference/ebpq2008b_2010w/spex_general_ebpq2008b_2010w.html",https://epson.com/faq/SPT_V11HB01920~faq-0000875-ebpq2008b_pq2010w,official,yes,https://epson.com/faq/SPT_V11HB01820~faq-0000875-ebpq2008b_pq2010w,2026-10-09
Epson,EB-PQ2008B,,3840x2160 (4K enhancement),Epson ELPL (PU/L-series bayonet),ELPLU04,0.62,0.75,,,"short zoom #2; Epson US FAQ table; per-lens shift not published there; 8,000 lm (ISO); 3LCD laser; ISO lumens via ProjectorCentral; projector shift ±60% V / ±18% H per ProjectorCentral (secondary); model names confirmed in Epson user guide https://files.support.epson.com/docid/cpd6/cpd64101/source/specifications/reference/ebpq2008b_2010w/spex_general_ebpq2008b_2010w.html",https://epson.com/faq/SPT_V11HB01920~faq-0000875-ebpq2008b_pq2010w,official,yes,https://epson.com/faq/SPT_V11HB01820~faq-0000875-ebpq2008b_pq2010w,2026-10-09
Epson,EB-PQ2008B,,3840x2160 (4K enhancement),Epson ELPL (PU/L-series bayonet),ELPLW05,0.74,1.04,,,"wide zoom #1; Epson US FAQ table; per-lens shift not published there; 8,000 lm (ISO); 3LCD laser; ISO lumens via ProjectorCentral; projector shift ±60% V / ±18% H per ProjectorCentral (secondary); model names confirmed in Epson user guide https://files.support.epson.com/docid/cpd6/cpd64101/source/specifications/reference/ebpq2008b_2010w/spex_general_ebpq2008b_2010w.html",https://epson.com/faq/SPT_V11HB01920~faq-0000875-ebpq2008b_pq2010w,official,yes,https://epson.com/faq/SPT_V11HB01820~faq-0000875-ebpq2008b_pq2010w,2026-10-09
Epson,EB-PQ2008B,,3840x2160 (4K enhancement),Epson ELPL (PU/L-series bayonet),ELPLW08,0.83,1.17,,,"wide zoom #3; Epson US FAQ table; per-lens shift not published there; 8,000 lm (ISO); 3LCD laser; ISO lumens via ProjectorCentral; projector shift ±60% V / ±18% H per ProjectorCentral (secondary); model names confirmed in Epson user guide https://files.support.epson.com/docid/cpd6/cpd64101/source/specifications/reference/ebpq2008b_2010w/spex_general_ebpq2008b_2010w.html",https://epson.com/faq/SPT_V11HB01920~faq-0000875-ebpq2008b_pq2010w,official,yes,https://epson.com/faq/SPT_V11HB01820~faq-0000875-ebpq2008b_pq2010w,2026-10-09
Epson,EB-PQ2008B,,3840x2160 (4K enhancement),Epson ELPL (PU/L-series bayonet),ELPLW06,1.15,1.57,,,"wide zoom #2; Epson US FAQ table; per-lens shift not published there; 8,000 lm (ISO); 3LCD laser; ISO lumens via ProjectorCentral; projector shift ±60% V / ±18% H per ProjectorCentral (secondary); model names confirmed in Epson user guide https://files.support.epson.com/docid/cpd6/cpd64101/source/specifications/reference/ebpq2008b_2010w/spex_general_ebpq2008b_2010w.html",https://epson.com/faq/SPT_V11HB01920~faq-0000875-ebpq2008b_pq2010w,official,yes,https://epson.com/faq/SPT_V11HB01820~faq-0000875-ebpq2008b_pq2010w,2026-10-09
Epson,EB-PQ2008B,,3840x2160 (4K enhancement),Epson ELPL (PU/L-series bayonet),ELPLM15,1.57,2.56,,,"middle zoom #2; FAQ value 1.57-2.56 - PQ2220-series spec PDF gives 1.52-2.47 for the same lens on a 1.04in 16:9 panel, treat as suspect; 8,000 lm (ISO); 3LCD laser; ISO lumens via ProjectorCentral; projector shift ±60% V / ±18% H per ProjectorCentral (secondary); conflict: Epson US FAQ prints 1.57-2.56; PQ2220-series spec PDF (same 16:9 panel class) gives 1.52-2.47; FAQ value kept; model names confirmed in Epson user guide https://files.support.epson.com/docid/cpd6/cpd64101/source/specifications/reference/ebpq2008b_2010w/spex_general_ebpq2008b_2010w.html",https://epson.com/faq/SPT_V11HB01920~faq-0000875-ebpq2008b_pq2010w,official,conflict,https://epson.com/faq/SPT_V11HB01820~faq-0000875-ebpq2008b_pq2010w,2026-10-09
Epson,EB-PQ2008B,,3840x2160 (4K enhancement),Epson ELPL (PU/L-series bayonet),ELPLM10,2.34,3.59,,,"middle zoom #3; Epson US FAQ table; per-lens shift not published there; 8,000 lm (ISO); 3LCD laser; ISO lumens via ProjectorCentral; projector shift ±60% V / ±18% H per ProjectorCentral (secondary); model names confirmed in Epson user guide https://files.support.epson.com/docid/cpd6/cpd64101/source/specifications/reference/ebpq2008b_2010w/spex_general_ebpq2008b_2010w.html",https://epson.com/faq/SPT_V11HB01920~faq-0000875-ebpq2008b_pq2010w,official,yes,https://epson.com/faq/SPT_V11HB01820~faq-0000875-ebpq2008b_pq2010w,2026-10-09
Epson,EB-PQ2008B,,3840x2160 (4K enhancement),Epson ELPL (PU/L-series bayonet),ELPLM11,3.42,5.23,,,"middle zoom #4; Epson US FAQ table; per-lens shift not published there; 8,000 lm (ISO); 3LCD laser; ISO lumens via ProjectorCentral; projector shift ±60% V / ±18% H per ProjectorCentral (secondary); model names confirmed in Epson user guide https://files.support.epson.com/docid/cpd6/cpd64101/source/specifications/reference/ebpq2008b_2010w/spex_general_ebpq2008b_2010w.html",https://epson.com/faq/SPT_V11HB01920~faq-0000875-ebpq2008b_pq2010w,official,yes,https://epson.com/faq/SPT_V11HB01820~faq-0000875-ebpq2008b_pq2010w,2026-10-09
Epson,EB-PQ2008B,,3840x2160 (4K enhancement),Epson ELPL (PU/L-series bayonet),ELPLL08,5.09,7.16,,,"long zoom; Epson US FAQ table; per-lens shift not published there; 8,000 lm (ISO); 3LCD laser; ISO lumens via ProjectorCentral; projector shift ±60% V / ±18% H per ProjectorCentral (secondary); model names confirmed in Epson user guide https://files.support.epson.com/docid/cpd6/cpd64101/source/specifications/reference/ebpq2008b_2010w/spex_general_ebpq2008b_2010w.html",https://epson.com/faq/SPT_V11HB01920~faq-0000875-ebpq2008b_pq2010w,official,yes,https://epson.com/faq/SPT_V11HB01820~faq-0000875-ebpq2008b_pq2010w,2026-10-09
Epson,EB-PQ2008W,,3840x2160 (4K enhancement),Epson ELPL (PU/L-series bayonet),ELPLX02S,0.34,0.34,,,"white-body twin of EB-PQ2008B (listed together in Epson spec); UST zero-offset (also X02/X02W/X02WS); Epson US FAQ table; per-lens shift not published there; 8,000 lm (ISO); 3LCD laser; ISO lumens via ProjectorCentral; projector shift ±60% V / ±18% H per ProjectorCentral (secondary); model names confirmed in Epson user guide https://files.support.epson.com/docid/cpd6/cpd64101/source/specifications/reference/ebpq2008b_2010w/spex_general_ebpq2008b_2010w.html",https://epson.com/faq/SPT_V11HB01920~faq-0000875-ebpq2008b_pq2010w,official,yes,https://epson.com/faq/SPT_V11HB01820~faq-0000875-ebpq2008b_pq2010w,2026-10-09
Epson,EB-PQ2008W,,3840x2160 (4K enhancement),Epson ELPL (PU/L-series bayonet),ELPLU03S,0.46,0.56,,,"white-body twin of EB-PQ2008B (listed together in Epson spec); short zoom #1; Epson US FAQ table; per-lens shift not published there; 8,000 lm (ISO); 3LCD laser; ISO lumens via ProjectorCentral; projector shift ±60% V / ±18% H per ProjectorCentral (secondary); model names confirmed in Epson user guide https://files.support.epson.com/docid/cpd6/cpd64101/source/specifications/reference/ebpq2008b_2010w/spex_general_ebpq2008b_2010w.html",https://epson.com/faq/SPT_V11HB01920~faq-0000875-ebpq2008b_pq2010w,official,yes,https://epson.com/faq/SPT_V11HB01820~faq-0000875-ebpq2008b_pq2010w,2026-10-09
Epson,EB-PQ2008W,,3840x2160 (4K enhancement),Epson ELPL (PU/L-series bayonet),ELPLU04,0.62,0.75,,,"white-body twin of EB-PQ2008B (listed together in Epson spec); short zoom #2; Epson US FAQ table; per-lens shift not published there; 8,000 lm (ISO); 3LCD laser; ISO lumens via ProjectorCentral; projector shift ±60% V / ±18% H per ProjectorCentral (secondary); model names confirmed in Epson user guide https://files.support.epson.com/docid/cpd6/cpd64101/source/specifications/reference/ebpq2008b_2010w/spex_general_ebpq2008b_2010w.html",https://epson.com/faq/SPT_V11HB01920~faq-0000875-ebpq2008b_pq2010w,official,yes,https://epson.com/faq/SPT_V11HB01820~faq-0000875-ebpq2008b_pq2010w,2026-10-09
Epson,EB-PQ2008W,,3840x2160 (4K enhancement),Epson ELPL (PU/L-series bayonet),ELPLW05,0.74,1.04,,,"white-body twin of EB-PQ2008B (listed together in Epson spec); wide zoom #1; Epson US FAQ table; per-lens shift not published there; 8,000 lm (ISO); 3LCD laser; ISO lumens via ProjectorCentral; projector shift ±60% V / ±18% H per ProjectorCentral (secondary); model names confirmed in Epson user guide https://files.support.epson.com/docid/cpd6/cpd64101/source/specifications/reference/ebpq2008b_2010w/spex_general_ebpq2008b_2010w.html",https://epson.com/faq/SPT_V11HB01920~faq-0000875-ebpq2008b_pq2010w,official,yes,https://epson.com/faq/SPT_V11HB01820~faq-0000875-ebpq2008b_pq2010w,2026-10-09
Epson,EB-PQ2008W,,3840x2160 (4K enhancement),Epson ELPL (PU/L-series bayonet),ELPLW08,0.83,1.17,,,"white-body twin of EB-PQ2008B (listed together in Epson spec); wide zoom #3; Epson US FAQ table; per-lens shift not published there; 8,000 lm (ISO); 3LCD laser; ISO lumens via ProjectorCentral; projector shift ±60% V / ±18% H per ProjectorCentral (secondary); model names confirmed in Epson user guide https://files.support.epson.com/docid/cpd6/cpd64101/source/specifications/reference/ebpq2008b_2010w/spex_general_ebpq2008b_2010w.html",https://epson.com/faq/SPT_V11HB01920~faq-0000875-ebpq2008b_pq2010w,official,yes,https://epson.com/faq/SPT_V11HB01820~faq-0000875-ebpq2008b_pq2010w,2026-10-09
Epson,EB-PQ2008W,,3840x2160 (4K enhancement),Epson ELPL (PU/L-series bayonet),ELPLW06,1.15,1.57,,,"white-body twin of EB-PQ2008B (listed together in Epson spec); wide zoom #2; Epson US FAQ table; per-lens shift not published there; 8,000 lm (ISO); 3LCD laser; ISO lumens via ProjectorCentral; projector shift ±60% V / ±18% H per ProjectorCentral (secondary); model names confirmed in Epson user guide https://files.support.epson.com/docid/cpd6/cpd64101/source/specifications/reference/ebpq2008b_2010w/spex_general_ebpq2008b_2010w.html",https://epson.com/faq/SPT_V11HB01920~faq-0000875-ebpq2008b_pq2010w,official,yes,https://epson.com/faq/SPT_V11HB01820~faq-0000875-ebpq2008b_pq2010w,2026-10-09
Epson,EB-PQ2008W,,3840x2160 (4K enhancement),Epson ELPL (PU/L-series bayonet),ELPLM15,1.57,2.56,,,"white-body twin of EB-PQ2008B (listed together in Epson spec); middle zoom #2; FAQ value 1.57-2.56 - PQ2220-series spec PDF gives 1.52-2.47 for the same lens on a 1.04in 16:9 panel, treat as suspect; 8,000 lm (ISO); 3LCD laser; ISO lumens via ProjectorCentral; projector shift ±60% V / ±18% H per ProjectorCentral (secondary); conflict: Epson US FAQ prints 1.57-2.56; PQ2220-series spec PDF (same 16:9 panel class) gives 1.52-2.47; FAQ value kept; model names confirmed in Epson user guide https://files.support.epson.com/docid/cpd6/cpd64101/source/specifications/reference/ebpq2008b_2010w/spex_general_ebpq2008b_2010w.html",https://epson.com/faq/SPT_V11HB01920~faq-0000875-ebpq2008b_pq2010w,official,conflict,https://epson.com/faq/SPT_V11HB01820~faq-0000875-ebpq2008b_pq2010w,2026-10-09
Epson,EB-PQ2008W,,3840x2160 (4K enhancement),Epson ELPL (PU/L-series bayonet),ELPLM10,2.34,3.59,,,"white-body twin of EB-PQ2008B (listed together in Epson spec); middle zoom #3; Epson US FAQ table; per-lens shift not published there; 8,000 lm (ISO); 3LCD laser; ISO lumens via ProjectorCentral; projector shift ±60% V / ±18% H per ProjectorCentral (secondary); model names confirmed in Epson user guide https://files.support.epson.com/docid/cpd6/cpd64101/source/specifications/reference/ebpq2008b_2010w/spex_general_ebpq2008b_2010w.html",https://epson.com/faq/SPT_V11HB01920~faq-0000875-ebpq2008b_pq2010w,official,yes,https://epson.com/faq/SPT_V11HB01820~faq-0000875-ebpq2008b_pq2010w,2026-10-09
Epson,EB-PQ2008W,,3840x2160 (4K enhancement),Epson ELPL (PU/L-series bayonet),ELPLM11,3.42,5.23,,,"white-body twin of EB-PQ2008B (listed together in Epson spec); middle zoom #4; Epson US FAQ table; per-lens shift not published there; 8,000 lm (ISO); 3LCD laser; ISO lumens via ProjectorCentral; projector shift ±60% V / ±18% H per ProjectorCentral (secondary); model names confirmed in Epson user guide https://files.support.epson.com/docid/cpd6/cpd64101/source/specifications/reference/ebpq2008b_2010w/spex_general_ebpq2008b_2010w.html",https://epson.com/faq/SPT_V11HB01920~faq-0000875-ebpq2008b_pq2010w,official,yes,https://epson.com/faq/SPT_V11HB01820~faq-0000875-ebpq2008b_pq2010w,2026-10-09
Epson,EB-PQ2008W,,3840x2160 (4K enhancement),Epson ELPL (PU/L-series bayonet),ELPLL08,5.09,7.16,,,"white-body twin of EB-PQ2008B (listed together in Epson spec); long zoom; Epson US FAQ table; per-lens shift not published there; 8,000 lm (ISO); 3LCD laser; ISO lumens via ProjectorCentral; projector shift ±60% V / ±18% H per ProjectorCentral (secondary); model names confirmed in Epson user guide https://files.support.epson.com/docid/cpd6/cpd64101/source/specifications/reference/ebpq2008b_2010w/spex_general_ebpq2008b_2010w.html",https://epson.com/faq/SPT_V11HB01920~faq-0000875-ebpq2008b_pq2010w,official,yes,https://epson.com/faq/SPT_V11HB01820~faq-0000875-ebpq2008b_pq2010w,2026-10-09
Epson,EB-PQ2010B,,3840x2160 (4K enhancement),Epson ELPL (PU/L-series bayonet),ELPLX02S,0.34,0.34,,,"UST zero-offset (also X02/X02W/X02WS); Epson US FAQ table; per-lens shift not published there; 10,000 lm (ISO); 3LCD laser; ISO lumens via ProjectorCentral; projector shift ±60% V / ±18% H per ProjectorCentral (secondary); model names confirmed in Epson user guide https://files.support.epson.com/docid/cpd6/cpd64101/source/specifications/reference/ebpq2008b_2010w/spex_general_ebpq2008b_2010w.html",https://epson.com/faq/SPT_V11HB01920~faq-0000875-ebpq2008b_pq2010w,official,yes,https://epson.com/faq/SPT_V11HB02820~faq-0000875-ebpq2008b_pq2010w,2026-10-09
Epson,EB-PQ2010B,,3840x2160 (4K enhancement),Epson ELPL (PU/L-series bayonet),ELPLU03S,0.46,0.56,,,"short zoom #1; Epson US FAQ table; per-lens shift not published there; 10,000 lm (ISO); 3LCD laser; ISO lumens via ProjectorCentral; projector shift ±60% V / ±18% H per ProjectorCentral (secondary); model names confirmed in Epson user guide https://files.support.epson.com/docid/cpd6/cpd64101/source/specifications/reference/ebpq2008b_2010w/spex_general_ebpq2008b_2010w.html",https://epson.com/faq/SPT_V11HB01920~faq-0000875-ebpq2008b_pq2010w,official,yes,https://epson.com/faq/SPT_V11HB02820~faq-0000875-ebpq2008b_pq2010w,2026-10-09
Epson,EB-PQ2010B,,3840x2160 (4K enhancement),Epson ELPL (PU/L-series bayonet),ELPLU04,0.62,0.75,,,"short zoom #2; Epson US FAQ table; per-lens shift not published there; 10,000 lm (ISO); 3LCD laser; ISO lumens via ProjectorCentral; projector shift ±60% V / ±18% H per ProjectorCentral (secondary); model names confirmed in Epson user guide https://files.support.epson.com/docid/cpd6/cpd64101/source/specifications/reference/ebpq2008b_2010w/spex_general_ebpq2008b_2010w.html",https://epson.com/faq/SPT_V11HB01920~faq-0000875-ebpq2008b_pq2010w,official,yes,https://epson.com/faq/SPT_V11HB02820~faq-0000875-ebpq2008b_pq2010w,2026-10-09
Epson,EB-PQ2010B,,3840x2160 (4K enhancement),Epson ELPL (PU/L-series bayonet),ELPLW05,0.74,1.04,,,"wide zoom #1; Epson US FAQ table; per-lens shift not published there; 10,000 lm (ISO); 3LCD laser; ISO lumens via ProjectorCentral; projector shift ±60% V / ±18% H per ProjectorCentral (secondary); model names confirmed in Epson user guide https://files.support.epson.com/docid/cpd6/cpd64101/source/specifications/reference/ebpq2008b_2010w/spex_general_ebpq2008b_2010w.html",https://epson.com/faq/SPT_V11HB01920~faq-0000875-ebpq2008b_pq2010w,official,yes,https://epson.com/faq/SPT_V11HB02820~faq-0000875-ebpq2008b_pq2010w,2026-10-09
Epson,EB-PQ2010B,,3840x2160 (4K enhancement),Epson ELPL (PU/L-series bayonet),ELPLW08,0.83,1.17,,,"wide zoom #3; Epson US FAQ table; per-lens shift not published there; 10,000 lm (ISO); 3LCD laser; ISO lumens via ProjectorCentral; projector shift ±60% V / ±18% H per ProjectorCentral (secondary); model names confirmed in Epson user guide https://files.support.epson.com/docid/cpd6/cpd64101/source/specifications/reference/ebpq2008b_2010w/spex_general_ebpq2008b_2010w.html",https://epson.com/faq/SPT_V11HB01920~faq-0000875-ebpq2008b_pq2010w,official,yes,https://epson.com/faq/SPT_V11HB02820~faq-0000875-ebpq2008b_pq2010w,2026-10-09
Epson,EB-PQ2010B,,3840x2160 (4K enhancement),Epson ELPL (PU/L-series bayonet),ELPLW06,1.15,1.57,,,"wide zoom #2; Epson US FAQ table; per-lens shift not published there; 10,000 lm (ISO); 3LCD laser; ISO lumens via ProjectorCentral; projector shift ±60% V / ±18% H per ProjectorCentral (secondary); model names confirmed in Epson user guide https://files.support.epson.com/docid/cpd6/cpd64101/source/specifications/reference/ebpq2008b_2010w/spex_general_ebpq2008b_2010w.html",https://epson.com/faq/SPT_V11HB01920~faq-0000875-ebpq2008b_pq2010w,official,yes,https://epson.com/faq/SPT_V11HB02820~faq-0000875-ebpq2008b_pq2010w,2026-10-09
Epson,EB-PQ2010B,,3840x2160 (4K enhancement),Epson ELPL (PU/L-series bayonet),ELPLM15,1.57,2.56,,,"middle zoom #2; FAQ value 1.57-2.56 - PQ2220-series spec PDF gives 1.52-2.47 for the same lens on a 1.04in 16:9 panel, treat as suspect; 10,000 lm (ISO); 3LCD laser; ISO lumens via ProjectorCentral; projector shift ±60% V / ±18% H per ProjectorCentral (secondary); conflict: Epson US FAQ prints 1.57-2.56; PQ2220-series spec PDF (same 16:9 panel class) gives 1.52-2.47; FAQ value kept; model names confirmed in Epson user guide https://files.support.epson.com/docid/cpd6/cpd64101/source/specifications/reference/ebpq2008b_2010w/spex_general_ebpq2008b_2010w.html",https://epson.com/faq/SPT_V11HB01920~faq-0000875-ebpq2008b_pq2010w,official,conflict,https://epson.com/faq/SPT_V11HB02820~faq-0000875-ebpq2008b_pq2010w,2026-10-09
Epson,EB-PQ2010B,,3840x2160 (4K enhancement),Epson ELPL (PU/L-series bayonet),ELPLM10,2.34,3.59,,,"middle zoom #3; Epson US FAQ table; per-lens shift not published there; 10,000 lm (ISO); 3LCD laser; ISO lumens via ProjectorCentral; projector shift ±60% V / ±18% H per ProjectorCentral (secondary); model names confirmed in Epson user guide https://files.support.epson.com/docid/cpd6/cpd64101/source/specifications/reference/ebpq2008b_2010w/spex_general_ebpq2008b_2010w.html",https://epson.com/faq/SPT_V11HB01920~faq-0000875-ebpq2008b_pq2010w,official,yes,https://epson.com/faq/SPT_V11HB02820~faq-0000875-ebpq2008b_pq2010w,2026-10-09
Epson,EB-PQ2010B,,3840x2160 (4K enhancement),Epson ELPL (PU/L-series bayonet),ELPLM11,3.42,5.23,,,"middle zoom #4; Epson US FAQ table; per-lens shift not published there; 10,000 lm (ISO); 3LCD laser; ISO lumens via ProjectorCentral; projector shift ±60% V / ±18% H per ProjectorCentral (secondary); model names confirmed in Epson user guide https://files.support.epson.com/docid/cpd6/cpd64101/source/specifications/reference/ebpq2008b_2010w/spex_general_ebpq2008b_2010w.html",https://epson.com/faq/SPT_V11HB01920~faq-0000875-ebpq2008b_pq2010w,official,yes,https://epson.com/faq/SPT_V11HB02820~faq-0000875-ebpq2008b_pq2010w,2026-10-09
Epson,EB-PQ2010B,,3840x2160 (4K enhancement),Epson ELPL (PU/L-series bayonet),ELPLL08,5.09,7.16,,,"long zoom; Epson US FAQ table; per-lens shift not published there; 10,000 lm (ISO); 3LCD laser; ISO lumens via ProjectorCentral; projector shift ±60% V / ±18% H per ProjectorCentral (secondary); model names confirmed in Epson user guide https://files.support.epson.com/docid/cpd6/cpd64101/source/specifications/reference/ebpq2008b_2010w/spex_general_ebpq2008b_2010w.html",https://epson.com/faq/SPT_V11HB01920~faq-0000875-ebpq2008b_pq2010w,official,yes,https://epson.com/faq/SPT_V11HB02820~faq-0000875-ebpq2008b_pq2010w,2026-10-09
Epson,EB-PQ2010W,,3840x2160 (4K enhancement),Epson ELPL (PU/L-series bayonet),ELPLX02S,0.34,0.34,,,"white-body twin of EB-PQ2010B (listed together in Epson spec); UST zero-offset (also X02/X02W/X02WS); Epson US FAQ table; per-lens shift not published there; 10,000 lm (ISO); 3LCD laser; ISO lumens via ProjectorCentral; projector shift ±60% V / ±18% H per ProjectorCentral (secondary); model names confirmed in Epson user guide https://files.support.epson.com/docid/cpd6/cpd64101/source/specifications/reference/ebpq2008b_2010w/spex_general_ebpq2008b_2010w.html",https://epson.com/faq/SPT_V11HB01920~faq-0000875-ebpq2008b_pq2010w,official,yes,https://epson.com/faq/SPT_V11HB02820~faq-0000875-ebpq2008b_pq2010w,2026-10-09
Epson,EB-PQ2010W,,3840x2160 (4K enhancement),Epson ELPL (PU/L-series bayonet),ELPLU03S,0.46,0.56,,,"white-body twin of EB-PQ2010B (listed together in Epson spec); short zoom #1; Epson US FAQ table; per-lens shift not published there; 10,000 lm (ISO); 3LCD laser; ISO lumens via ProjectorCentral; projector shift ±60% V / ±18% H per ProjectorCentral (secondary); model names confirmed in Epson user guide https://files.support.epson.com/docid/cpd6/cpd64101/source/specifications/reference/ebpq2008b_2010w/spex_general_ebpq2008b_2010w.html",https://epson.com/faq/SPT_V11HB01920~faq-0000875-ebpq2008b_pq2010w,official,yes,https://epson.com/faq/SPT_V11HB02820~faq-0000875-ebpq2008b_pq2010w,2026-10-09
Epson,EB-PQ2010W,,3840x2160 (4K enhancement),Epson ELPL (PU/L-series bayonet),ELPLU04,0.62,0.75,,,"white-body twin of EB-PQ2010B (listed together in Epson spec); short zoom #2; Epson US FAQ table; per-lens shift not published there; 10,000 lm (ISO); 3LCD laser; ISO lumens via ProjectorCentral; projector shift ±60% V / ±18% H per ProjectorCentral (secondary); model names confirmed in Epson user guide https://files.support.epson.com/docid/cpd6/cpd64101/source/specifications/reference/ebpq2008b_2010w/spex_general_ebpq2008b_2010w.html",https://epson.com/faq/SPT_V11HB01920~faq-0000875-ebpq2008b_pq2010w,official,yes,https://epson.com/faq/SPT_V11HB02820~faq-0000875-ebpq2008b_pq2010w,2026-10-09
Epson,EB-PQ2010W,,3840x2160 (4K enhancement),Epson ELPL (PU/L-series bayonet),ELPLW05,0.74,1.04,,,"white-body twin of EB-PQ2010B (listed together in Epson spec); wide zoom #1; Epson US FAQ table; per-lens shift not published there; 10,000 lm (ISO); 3LCD laser; ISO lumens via ProjectorCentral; projector shift ±60% V / ±18% H per ProjectorCentral (secondary); model names confirmed in Epson user guide https://files.support.epson.com/docid/cpd6/cpd64101/source/specifications/reference/ebpq2008b_2010w/spex_general_ebpq2008b_2010w.html",https://epson.com/faq/SPT_V11HB01920~faq-0000875-ebpq2008b_pq2010w,official,yes,https://epson.com/faq/SPT_V11HB02820~faq-0000875-ebpq2008b_pq2010w,2026-10-09
Epson,EB-PQ2010W,,3840x2160 (4K enhancement),Epson ELPL (PU/L-series bayonet),ELPLW08,0.83,1.17,,,"white-body twin of EB-PQ2010B (listed together in Epson spec); wide zoom #3; Epson US FAQ table; per-lens shift not published there; 10,000 lm (ISO); 3LCD laser; ISO lumens via ProjectorCentral; projector shift ±60% V / ±18% H per ProjectorCentral (secondary); model names confirmed in Epson user guide https://files.support.epson.com/docid/cpd6/cpd64101/source/specifications/reference/ebpq2008b_2010w/spex_general_ebpq2008b_2010w.html",https://epson.com/faq/SPT_V11HB01920~faq-0000875-ebpq2008b_pq2010w,official,yes,https://epson.com/faq/SPT_V11HB02820~faq-0000875-ebpq2008b_pq2010w,2026-10-09
Epson,EB-PQ2010W,,3840x2160 (4K enhancement),Epson ELPL (PU/L-series bayonet),ELPLW06,1.15,1.57,,,"white-body twin of EB-PQ2010B (listed together in Epson spec); wide zoom #2; Epson US FAQ table; per-lens shift not published there; 10,000 lm (ISO); 3LCD laser; ISO lumens via ProjectorCentral; projector shift ±60% V / ±18% H per ProjectorCentral (secondary); model names confirmed in Epson user guide https://files.support.epson.com/docid/cpd6/cpd64101/source/specifications/reference/ebpq2008b_2010w/spex_general_ebpq2008b_2010w.html",https://epson.com/faq/SPT_V11HB01920~faq-0000875-ebpq2008b_pq2010w,official,yes,https://epson.com/faq/SPT_V11HB02820~faq-0000875-ebpq2008b_pq2010w,2026-10-09
Epson,EB-PQ2010W,,3840x2160 (4K enhancement),Epson ELPL (PU/L-series bayonet),ELPLM15,1.57,2.56,,,"white-body twin of EB-PQ2010B (listed together in Epson spec); middle zoom #2; FAQ value 1.57-2.56 - PQ2220-series spec PDF gives 1.52-2.47 for the same lens on a 1.04in 16:9 panel, treat as suspect; 10,000 lm (ISO); 3LCD laser; ISO lumens via ProjectorCentral; projector shift ±60% V / ±18% H per ProjectorCentral (secondary); conflict: Epson US FAQ prints 1.57-2.56; PQ2220-series spec PDF (same 16:9 panel class) gives 1.52-2.47; FAQ value kept; model names confirmed in Epson user guide https://files.support.epson.com/docid/cpd6/cpd64101/source/specifications/reference/ebpq2008b_2010w/spex_general_ebpq2008b_2010w.html",https://epson.com/faq/SPT_V11HB01920~faq-0000875-ebpq2008b_pq2010w,official,conflict,https://epson.com/faq/SPT_V11HB02820~faq-0000875-ebpq2008b_pq2010w,2026-10-09
Epson,EB-PQ2010W,,3840x2160 (4K enhancement),Epson ELPL (PU/L-series bayonet),ELPLM10,2.34,3.59,,,"white-body twin of EB-PQ2010B (listed together in Epson spec); middle zoom #3; Epson US FAQ table; per-lens shift not published there; 10,000 lm (ISO); 3LCD laser; ISO lumens via ProjectorCentral; projector shift ±60% V / ±18% H per ProjectorCentral (secondary); model names confirmed in Epson user guide https://files.support.epson.com/docid/cpd6/cpd64101/source/specifications/reference/ebpq2008b_2010w/spex_general_ebpq2008b_2010w.html",https://epson.com/faq/SPT_V11HB01920~faq-0000875-ebpq2008b_pq2010w,official,yes,https://epson.com/faq/SPT_V11HB02820~faq-0000875-ebpq2008b_pq2010w,2026-10-09
Epson,EB-PQ2010W,,3840x2160 (4K enhancement),Epson ELPL (PU/L-series bayonet),ELPLM11,3.42,5.23,,,"white-body twin of EB-PQ2010B (listed together in Epson spec); middle zoom #4; Epson US FAQ table; per-lens shift not published there; 10,000 lm (ISO); 3LCD laser; ISO lumens via ProjectorCentral; projector shift ±60% V / ±18% H per ProjectorCentral (secondary); model names confirmed in Epson user guide https://files.support.epson.com/docid/cpd6/cpd64101/source/specifications/reference/ebpq2008b_2010w/spex_general_ebpq2008b_2010w.html",https://epson.com/faq/SPT_V11HB01920~faq-0000875-ebpq2008b_pq2010w,official,yes,https://epson.com/faq/SPT_V11HB02820~faq-0000875-ebpq2008b_pq2010w,2026-10-09
Epson,EB-PQ2010W,,3840x2160 (4K enhancement),Epson ELPL (PU/L-series bayonet),ELPLL08,5.09,7.16,,,"white-body twin of EB-PQ2010B (listed together in Epson spec); long zoom; Epson US FAQ table; per-lens shift not published there; 10,000 lm (ISO); 3LCD laser; ISO lumens via ProjectorCentral; projector shift ±60% V / ±18% H per ProjectorCentral (secondary); model names confirmed in Epson user guide https://files.support.epson.com/docid/cpd6/cpd64101/source/specifications/reference/ebpq2008b_2010w/spex_general_ebpq2008b_2010w.html",https://epson.com/faq/SPT_V11HB01920~faq-0000875-ebpq2008b_pq2010w,official,yes,https://epson.com/faq/SPT_V11HB02820~faq-0000875-ebpq2008b_pq2010w,2026-10-09
Epson,EB-PQ2213B,,"3840x2160 (4K enhancement; 1920x1080 x3, 1.04in 3LCD)",Epson ELPL (PU/L-series bayonet),ELPLX02S,0.34,0.34,,,"UST zero-offset (also X02/X02W/X02WS); 16:9 value; 3LCD laser; lumens_ansi was 13000 (Epson rates 13,000 lm white light output, no ANSI figure published)",https://download3.ebz.epson.net/dsc/f/03/00/15/88/32/3fe37a314a2f5816b0569acfb2d9262dc5eddfab/Specifications_EBPQ2220B_EBPQ2216BW_EBPQ2213B_EN_Rev02.pdf,official,yes,https://download3.ebz.epson.net/dsc/f/03/00/15/88/32/3fe37a314a2f5816b0569acfb2d9262dc5eddfab/Specifications_EBPQ2220B_EBPQ2216BW_EBPQ2213B_EN_Rev02.pdf,2026-10-09
Epson,EB-PQ2213B,,"3840x2160 (4K enhancement; 1920x1080 x3, 1.04in 3LCD)",Epson ELPL (PU/L-series bayonet),ELPLU03S,0.46,0.56,V x 18%,,"short zoom #1; limited shift lens: Epson gives max vertical travel V x 18%; 3LCD laser; lumens_ansi was 13000 (Epson rates 13,000 lm white light output, no ANSI figure published); shift_h was 0% (spec PDF's 'V x 0%' is the vertical travel left at maximum horizontal shift, not a horizontal limit, horizontal limit not stated numerically)",https://download3.ebz.epson.net/dsc/f/03/00/15/88/32/3fe37a314a2f5816b0569acfb2d9262dc5eddfab/Specifications_EBPQ2220B_EBPQ2216BW_EBPQ2213B_EN_Rev02.pdf,official,yes,https://download3.ebz.epson.net/dsc/f/03/00/15/88/32/3fe37a314a2f5816b0569acfb2d9262dc5eddfab/Specifications_EBPQ2220B_EBPQ2216BW_EBPQ2213B_EN_Rev02.pdf,2026-10-09
Epson,EB-PQ2213B,,"3840x2160 (4K enhancement; 1920x1080 x3, 1.04in 3LCD)",Epson ELPL (PU/L-series bayonet),ELPLU04,0.62,0.75,±58%,±16%,"short zoom #2; 3LCD laser; lumens_ansi was 13000 (Epson rates 13,000 lm white light output, no ANSI figure published)",https://download3.ebz.epson.net/dsc/f/03/00/15/88/32/3fe37a314a2f5816b0569acfb2d9262dc5eddfab/Specifications_EBPQ2220B_EBPQ2216BW_EBPQ2213B_EN_Rev02.pdf,official,yes,https://download3.ebz.epson.net/dsc/f/03/00/15/88/32/3fe37a314a2f5816b0569acfb2d9262dc5eddfab/Specifications_EBPQ2220B_EBPQ2216BW_EBPQ2213B_EN_Rev02.pdf,2026-10-09
Epson,EB-PQ2213B,,"3840x2160 (4K enhancement; 1920x1080 x3, 1.04in 3LCD)",Epson ELPL (PU/L-series bayonet),ELPLW05,0.74,1.04,V x 18%,,"wide zoom #1; limited shift lens: Epson gives max vertical travel V x 18%; 3LCD laser; lumens_ansi was 13000 (Epson rates 13,000 lm white light output, no ANSI figure published); shift_h was 0% (spec PDF's 'V x 0%' is the vertical travel left at maximum horizontal shift, not a horizontal limit, horizontal limit not stated numerically)",https://download3.ebz.epson.net/dsc/f/03/00/15/88/32/3fe37a314a2f5816b0569acfb2d9262dc5eddfab/Specifications_EBPQ2220B_EBPQ2216BW_EBPQ2213B_EN_Rev02.pdf,official,yes,https://download3.ebz.epson.net/dsc/f/03/00/15/88/32/3fe37a314a2f5816b0569acfb2d9262dc5eddfab/Specifications_EBPQ2220B_EBPQ2216BW_EBPQ2213B_EN_Rev02.pdf,2026-10-09
Epson,EB-PQ2213B,,"3840x2160 (4K enhancement; 1920x1080 x3, 1.04in 3LCD)",Epson ELPL (PU/L-series bayonet),ELPLW08,0.83,1.17,±58%,±16%,"wide zoom #3; 3LCD laser; lumens_ansi was 13000 (Epson rates 13,000 lm white light output, no ANSI figure published)",https://download3.ebz.epson.net/dsc/f/03/00/15/88/32/3fe37a314a2f5816b0569acfb2d9262dc5eddfab/Specifications_EBPQ2220B_EBPQ2216BW_EBPQ2213B_EN_Rev02.pdf,official,yes,https://download3.ebz.epson.net/dsc/f/03/00/15/88/32/3fe37a314a2f5816b0569acfb2d9262dc5eddfab/Specifications_EBPQ2220B_EBPQ2216BW_EBPQ2213B_EN_Rev02.pdf,2026-10-09
Epson,EB-PQ2213B,,"3840x2160 (4K enhancement; 1920x1080 x3, 1.04in 3LCD)",Epson ELPL (PU/L-series bayonet),ELPLM08,1.02,1.64,V x 18%,,"middle zoom #1; limited shift lens: Epson gives max vertical travel V x 18%; 3LCD laser; lumens_ansi was 13000 (Epson rates 13,000 lm white light output, no ANSI figure published); shift_h was 0% (spec PDF's 'V x 0%' is the vertical travel left at maximum horizontal shift, not a horizontal limit, horizontal limit not stated numerically)",https://download3.ebz.epson.net/dsc/f/03/00/15/88/32/3fe37a314a2f5816b0569acfb2d9262dc5eddfab/Specifications_EBPQ2220B_EBPQ2216BW_EBPQ2213B_EN_Rev02.pdf,official,yes,https://download3.ebz.epson.net/dsc/f/03/00/15/88/32/3fe37a314a2f5816b0569acfb2d9262dc5eddfab/Specifications_EBPQ2220B_EBPQ2216BW_EBPQ2213B_EN_Rev02.pdf,2026-10-09
Epson,EB-PQ2213B,,"3840x2160 (4K enhancement; 1920x1080 x3, 1.04in 3LCD)",Epson ELPL (PU/L-series bayonet),ELPLW06,1.15,1.57,±58%,±16%,"wide zoom #2; 3LCD laser; lumens_ansi was 13000 (Epson rates 13,000 lm white light output, no ANSI figure published)",https://download3.ebz.epson.net/dsc/f/03/00/15/88/32/3fe37a314a2f5816b0569acfb2d9262dc5eddfab/Specifications_EBPQ2220B_EBPQ2216BW_EBPQ2213B_EN_Rev02.pdf,official,yes,https://download3.ebz.epson.net/dsc/f/03/00/15/88/32/3fe37a314a2f5816b0569acfb2d9262dc5eddfab/Specifications_EBPQ2220B_EBPQ2216BW_EBPQ2213B_EN_Rev02.pdf,2026-10-09
Epson,EB-PQ2213B,,"3840x2160 (4K enhancement; 1920x1080 x3, 1.04in 3LCD)",Epson ELPL (PU/L-series bayonet),ELPLM15,1.52,2.47,±58%,±16%,"middle zoom #2 (also ELPLM09); Epson US FAQ prints 1.57-2.56 (WUXGA value) - spec PDF used; 3LCD laser; lumens_ansi was 13000 (Epson rates 13,000 lm white light output, no ANSI figure published)",https://download3.ebz.epson.net/dsc/f/03/00/15/88/32/3fe37a314a2f5816b0569acfb2d9262dc5eddfab/Specifications_EBPQ2220B_EBPQ2216BW_EBPQ2213B_EN_Rev02.pdf,official,yes,https://download3.ebz.epson.net/dsc/f/03/00/15/88/32/3fe37a314a2f5816b0569acfb2d9262dc5eddfab/Specifications_EBPQ2220B_EBPQ2216BW_EBPQ2213B_EN_Rev02.pdf,2026-10-09
Epson,EB-PQ2213B,,"3840x2160 (4K enhancement; 1920x1080 x3, 1.04in 3LCD)",Epson ELPL (PU/L-series bayonet),ELPLM10,2.34,3.59,±58%,±16%,"middle zoom #3; 3LCD laser; lumens_ansi was 13000 (Epson rates 13,000 lm white light output, no ANSI figure published)",https://download3.ebz.epson.net/dsc/f/03/00/15/88/32/3fe37a314a2f5816b0569acfb2d9262dc5eddfab/Specifications_EBPQ2220B_EBPQ2216BW_EBPQ2213B_EN_Rev02.pdf,official,yes,https://download3.ebz.epson.net/dsc/f/03/00/15/88/32/3fe37a314a2f5816b0569acfb2d9262dc5eddfab/Specifications_EBPQ2220B_EBPQ2216BW_EBPQ2213B_EN_Rev02.pdf,2026-10-09
Epson,EB-PQ2213B,,"3840x2160 (4K enhancement; 1920x1080 x3, 1.04in 3LCD)",Epson ELPL (PU/L-series bayonet),ELPLM11,3.42,5.23,±58%,±16%,"middle zoom #4; 3LCD laser; lumens_ansi was 13000 (Epson rates 13,000 lm white light output, no ANSI figure published)",https://download3.ebz.epson.net/dsc/f/03/00/15/88/32/3fe37a314a2f5816b0569acfb2d9262dc5eddfab/Specifications_EBPQ2220B_EBPQ2216BW_EBPQ2213B_EN_Rev02.pdf,official,yes,https://download3.ebz.epson.net/dsc/f/03/00/15/88/32/3fe37a314a2f5816b0569acfb2d9262dc5eddfab/Specifications_EBPQ2220B_EBPQ2216BW_EBPQ2213B_EN_Rev02.pdf,2026-10-09
Epson,EB-PQ2213B,,"3840x2160 (4K enhancement; 1920x1080 x3, 1.04in 3LCD)",Epson ELPL (PU/L-series bayonet),ELPLL08,5.09,7.16,±58%,±16%,"long zoom; 3LCD laser; lumens_ansi was 13000 (Epson rates 13,000 lm white light output, no ANSI figure published)",https://download3.ebz.epson.net/dsc/f/03/00/15/88/32/3fe37a314a2f5816b0569acfb2d9262dc5eddfab/Specifications_EBPQ2220B_EBPQ2216BW_EBPQ2213B_EN_Rev02.pdf,official,yes,https://download3.ebz.epson.net/dsc/f/03/00/15/88/32/3fe37a314a2f5816b0569acfb2d9262dc5eddfab/Specifications_EBPQ2220B_EBPQ2216BW_EBPQ2213B_EN_Rev02.pdf,2026-10-09
Epson,EB-PQ2216B,,"3840x2160 (4K enhancement; 1920x1080 x3, 1.04in 3LCD)",Epson ELPL (PU/L-series bayonet),ELPLX02S,0.34,0.34,,,"UST zero-offset (also X02/X02W/X02WS); 16:9 value; 3LCD laser; EB-PQ2216W white twin; lumens_ansi was 16000 (Epson rates 16,000 lm white light output, no ANSI figure published)",https://download3.ebz.epson.net/dsc/f/03/00/15/88/32/3fe37a314a2f5816b0569acfb2d9262dc5eddfab/Specifications_EBPQ2220B_EBPQ2216BW_EBPQ2213B_EN_Rev02.pdf,official,yes,https://download3.ebz.epson.net/dsc/f/03/00/15/88/32/3fe37a314a2f5816b0569acfb2d9262dc5eddfab/Specifications_EBPQ2220B_EBPQ2216BW_EBPQ2213B_EN_Rev02.pdf,2026-10-09
Epson,EB-PQ2216B,,"3840x2160 (4K enhancement; 1920x1080 x3, 1.04in 3LCD)",Epson ELPL (PU/L-series bayonet),ELPLU03S,0.46,0.56,V x 18%,,"short zoom #1; limited shift lens: Epson gives max vertical travel V x 18%; 3LCD laser; EB-PQ2216W white twin; lumens_ansi was 16000 (Epson rates 16,000 lm white light output, no ANSI figure published); shift_h was 0% (spec PDF's 'V x 0%' is the vertical travel left at maximum horizontal shift, not a horizontal limit, horizontal limit not stated numerically)",https://download3.ebz.epson.net/dsc/f/03/00/15/88/32/3fe37a314a2f5816b0569acfb2d9262dc5eddfab/Specifications_EBPQ2220B_EBPQ2216BW_EBPQ2213B_EN_Rev02.pdf,official,yes,https://download3.ebz.epson.net/dsc/f/03/00/15/88/32/3fe37a314a2f5816b0569acfb2d9262dc5eddfab/Specifications_EBPQ2220B_EBPQ2216BW_EBPQ2213B_EN_Rev02.pdf,2026-10-09
Epson,EB-PQ2216B,,"3840x2160 (4K enhancement; 1920x1080 x3, 1.04in 3LCD)",Epson ELPL (PU/L-series bayonet),ELPLU04,0.62,0.75,±58%,±16%,"short zoom #2; 3LCD laser; EB-PQ2216W white twin; lumens_ansi was 16000 (Epson rates 16,000 lm white light output, no ANSI figure published)",https://download3.ebz.epson.net/dsc/f/03/00/15/88/32/3fe37a314a2f5816b0569acfb2d9262dc5eddfab/Specifications_EBPQ2220B_EBPQ2216BW_EBPQ2213B_EN_Rev02.pdf,official,yes,https://download3.ebz.epson.net/dsc/f/03/00/15/88/32/3fe37a314a2f5816b0569acfb2d9262dc5eddfab/Specifications_EBPQ2220B_EBPQ2216BW_EBPQ2213B_EN_Rev02.pdf,2026-10-09
Epson,EB-PQ2216B,,"3840x2160 (4K enhancement; 1920x1080 x3, 1.04in 3LCD)",Epson ELPL (PU/L-series bayonet),ELPLW05,0.74,1.04,V x 18%,,"wide zoom #1; limited shift lens: Epson gives max vertical travel V x 18%; 3LCD laser; EB-PQ2216W white twin; lumens_ansi was 16000 (Epson rates 16,000 lm white light output, no ANSI figure published); shift_h was 0% (spec PDF's 'V x 0%' is the vertical travel left at maximum horizontal shift, not a horizontal limit, horizontal limit not stated numerically)",https://download3.ebz.epson.net/dsc/f/03/00/15/88/32/3fe37a314a2f5816b0569acfb2d9262dc5eddfab/Specifications_EBPQ2220B_EBPQ2216BW_EBPQ2213B_EN_Rev02.pdf,official,yes,https://download3.ebz.epson.net/dsc/f/03/00/15/88/32/3fe37a314a2f5816b0569acfb2d9262dc5eddfab/Specifications_EBPQ2220B_EBPQ2216BW_EBPQ2213B_EN_Rev02.pdf,2026-10-09
Epson,EB-PQ2216B,,"3840x2160 (4K enhancement; 1920x1080 x3, 1.04in 3LCD)",Epson ELPL (PU/L-series bayonet),ELPLW08,0.83,1.17,±58%,±16%,"wide zoom #3; 3LCD laser; EB-PQ2216W white twin; lumens_ansi was 16000 (Epson rates 16,000 lm white light output, no ANSI figure published)",https://download3.ebz.epson.net/dsc/f/03/00/15/88/32/3fe37a314a2f5816b0569acfb2d9262dc5eddfab/Specifications_EBPQ2220B_EBPQ2216BW_EBPQ2213B_EN_Rev02.pdf,official,yes,https://download3.ebz.epson.net/dsc/f/03/00/15/88/32/3fe37a314a2f5816b0569acfb2d9262dc5eddfab/Specifications_EBPQ2220B_EBPQ2216BW_EBPQ2213B_EN_Rev02.pdf,2026-10-09
Epson,EB-PQ2216B,,"3840x2160 (4K enhancement; 1920x1080 x3, 1.04in 3LCD)",Epson ELPL (PU/L-series bayonet),ELPLM08,1.02,1.64,V x 18%,,"middle zoom #1; limited shift lens: Epson gives max vertical travel V x 18%; 3LCD laser; EB-PQ2216W white twin; lumens_ansi was 16000 (Epson rates 16,000 lm white light output, no ANSI figure published); shift_h was 0% (spec PDF's 'V x 0%' is the vertical travel left at maximum horizontal shift, not a horizontal limit, horizontal limit not stated numerically)",https://download3.ebz.epson.net/dsc/f/03/00/15/88/32/3fe37a314a2f5816b0569acfb2d9262dc5eddfab/Specifications_EBPQ2220B_EBPQ2216BW_EBPQ2213B_EN_Rev02.pdf,official,yes,https://download3.ebz.epson.net/dsc/f/03/00/15/88/32/3fe37a314a2f5816b0569acfb2d9262dc5eddfab/Specifications_EBPQ2220B_EBPQ2216BW_EBPQ2213B_EN_Rev02.pdf,2026-10-09
Epson,EB-PQ2216B,,"3840x2160 (4K enhancement; 1920x1080 x3, 1.04in 3LCD)",Epson ELPL (PU/L-series bayonet),ELPLW06,1.15,1.57,±58%,±16%,"wide zoom #2; 3LCD laser; EB-PQ2216W white twin; lumens_ansi was 16000 (Epson rates 16,000 lm white light output, no ANSI figure published)",https://download3.ebz.epson.net/dsc/f/03/00/15/88/32/3fe37a314a2f5816b0569acfb2d9262dc5eddfab/Specifications_EBPQ2220B_EBPQ2216BW_EBPQ2213B_EN_Rev02.pdf,official,yes,https://download3.ebz.epson.net/dsc/f/03/00/15/88/32/3fe37a314a2f5816b0569acfb2d9262dc5eddfab/Specifications_EBPQ2220B_EBPQ2216BW_EBPQ2213B_EN_Rev02.pdf,2026-10-09
Epson,EB-PQ2216B,,"3840x2160 (4K enhancement; 1920x1080 x3, 1.04in 3LCD)",Epson ELPL (PU/L-series bayonet),ELPLM15,1.52,2.47,±58%,±16%,"middle zoom #2 (also ELPLM09); Epson US FAQ prints 1.57-2.56 (WUXGA value) - spec PDF used; 3LCD laser; EB-PQ2216W white twin; lumens_ansi was 16000 (Epson rates 16,000 lm white light output, no ANSI figure published)",https://download3.ebz.epson.net/dsc/f/03/00/15/88/32/3fe37a314a2f5816b0569acfb2d9262dc5eddfab/Specifications_EBPQ2220B_EBPQ2216BW_EBPQ2213B_EN_Rev02.pdf,official,yes,https://download3.ebz.epson.net/dsc/f/03/00/15/88/32/3fe37a314a2f5816b0569acfb2d9262dc5eddfab/Specifications_EBPQ2220B_EBPQ2216BW_EBPQ2213B_EN_Rev02.pdf,2026-10-09
Epson,EB-PQ2216B,,"3840x2160 (4K enhancement; 1920x1080 x3, 1.04in 3LCD)",Epson ELPL (PU/L-series bayonet),ELPLM10,2.34,3.59,±58%,±16%,"middle zoom #3; 3LCD laser; EB-PQ2216W white twin; lumens_ansi was 16000 (Epson rates 16,000 lm white light output, no ANSI figure published)",https://download3.ebz.epson.net/dsc/f/03/00/15/88/32/3fe37a314a2f5816b0569acfb2d9262dc5eddfab/Specifications_EBPQ2220B_EBPQ2216BW_EBPQ2213B_EN_Rev02.pdf,official,yes,https://download3.ebz.epson.net/dsc/f/03/00/15/88/32/3fe37a314a2f5816b0569acfb2d9262dc5eddfab/Specifications_EBPQ2220B_EBPQ2216BW_EBPQ2213B_EN_Rev02.pdf,2026-10-09
Epson,EB-PQ2216B,,"3840x2160 (4K enhancement; 1920x1080 x3, 1.04in 3LCD)",Epson ELPL (PU/L-series bayonet),ELPLM11,3.42,5.23,±58%,±16%,"middle zoom #4; 3LCD laser; EB-PQ2216W white twin; lumens_ansi was 16000 (Epson rates 16,000 lm white light output, no ANSI figure published)",https://download3.ebz.epson.net/dsc/f/03/00/15/88/32/3fe37a314a2f5816b0569acfb2d9262dc5eddfab/Specifications_EBPQ2220B_EBPQ2216BW_EBPQ2213B_EN_Rev02.pdf,official,yes,https://download3.ebz.epson.net/dsc/f/03/00/15/88/32/3fe37a314a2f5816b0569acfb2d9262dc5eddfab/Specifications_EBPQ2220B_EBPQ2216BW_EBPQ2213B_EN_Rev02.pdf,2026-10-09
Epson,EB-PQ2216B,,"3840x2160 (4K enhancement; 1920x1080 x3, 1.04in 3LCD)",Epson ELPL (PU/L-series bayonet),ELPLL08,5.09,7.16,±58%,±16%,"long zoom; 3LCD laser; EB-PQ2216W white twin; lumens_ansi was 16000 (Epson rates 16,000 lm white light output, no ANSI figure published)",https://download3.ebz.epson.net/dsc/f/03/00/15/88/32/3fe37a314a2f5816b0569acfb2d9262dc5eddfab/Specifications_EBPQ2220B_EBPQ2216BW_EBPQ2213B_EN_Rev02.pdf,official,yes,https://download3.ebz.epson.net/dsc/f/03/00/15/88/32/3fe37a314a2f5816b0569acfb2d9262dc5eddfab/Specifications_EBPQ2220B_EBPQ2216BW_EBPQ2213B_EN_Rev02.pdf,2026-10-09
Epson,EB-PQ2216W,,"3840x2160 (4K enhancement; 1920x1080 x3, 1.04in 3LCD)",Epson ELPL (PU/L-series bayonet),ELPLX02S,0.34,0.34,,,"white-body twin of EB-PQ2216B (listed together in Epson spec); UST zero-offset (also X02/X02W/X02WS); 16:9 value; 3LCD laser; Epson rates 16,000 lm white light output, no ANSI figure published",https://download3.ebz.epson.net/dsc/f/03/00/15/88/32/3fe37a314a2f5816b0569acfb2d9262dc5eddfab/Specifications_EBPQ2220B_EBPQ2216BW_EBPQ2213B_EN_Rev02.pdf,official,yes,https://download3.ebz.epson.net/dsc/f/03/00/15/88/32/3fe37a314a2f5816b0569acfb2d9262dc5eddfab/Specifications_EBPQ2220B_EBPQ2216BW_EBPQ2213B_EN_Rev02.pdf,2026-10-09
Epson,EB-PQ2216W,,"3840x2160 (4K enhancement; 1920x1080 x3, 1.04in 3LCD)",Epson ELPL (PU/L-series bayonet),ELPLU03S,0.46,0.56,V x 18%,,"white-body twin of EB-PQ2216B (listed together in Epson spec); short zoom #1; limited shift lens: Epson gives max vertical travel V x 18%; 3LCD laser; Epson rates 16,000 lm white light output, no ANSI figure published",https://download3.ebz.epson.net/dsc/f/03/00/15/88/32/3fe37a314a2f5816b0569acfb2d9262dc5eddfab/Specifications_EBPQ2220B_EBPQ2216BW_EBPQ2213B_EN_Rev02.pdf,official,yes,https://download3.ebz.epson.net/dsc/f/03/00/15/88/32/3fe37a314a2f5816b0569acfb2d9262dc5eddfab/Specifications_EBPQ2220B_EBPQ2216BW_EBPQ2213B_EN_Rev02.pdf,2026-10-09
Epson,EB-PQ2216W,,"3840x2160 (4K enhancement; 1920x1080 x3, 1.04in 3LCD)",Epson ELPL (PU/L-series bayonet),ELPLU04,0.62,0.75,±58%,±16%,"white-body twin of EB-PQ2216B (listed together in Epson spec); short zoom #2; 3LCD laser; Epson rates 16,000 lm white light output, no ANSI figure published",https://download3.ebz.epson.net/dsc/f/03/00/15/88/32/3fe37a314a2f5816b0569acfb2d9262dc5eddfab/Specifications_EBPQ2220B_EBPQ2216BW_EBPQ2213B_EN_Rev02.pdf,official,yes,https://download3.ebz.epson.net/dsc/f/03/00/15/88/32/3fe37a314a2f5816b0569acfb2d9262dc5eddfab/Specifications_EBPQ2220B_EBPQ2216BW_EBPQ2213B_EN_Rev02.pdf,2026-10-09
Epson,EB-PQ2216W,,"3840x2160 (4K enhancement; 1920x1080 x3, 1.04in 3LCD)",Epson ELPL (PU/L-series bayonet),ELPLW05,0.74,1.04,V x 18%,,"white-body twin of EB-PQ2216B (listed together in Epson spec); wide zoom #1; limited shift lens: Epson gives max vertical travel V x 18%; 3LCD laser; Epson rates 16,000 lm white light output, no ANSI figure published",https://download3.ebz.epson.net/dsc/f/03/00/15/88/32/3fe37a314a2f5816b0569acfb2d9262dc5eddfab/Specifications_EBPQ2220B_EBPQ2216BW_EBPQ2213B_EN_Rev02.pdf,official,yes,https://download3.ebz.epson.net/dsc/f/03/00/15/88/32/3fe37a314a2f5816b0569acfb2d9262dc5eddfab/Specifications_EBPQ2220B_EBPQ2216BW_EBPQ2213B_EN_Rev02.pdf,2026-10-09
Epson,EB-PQ2216W,,"3840x2160 (4K enhancement; 1920x1080 x3, 1.04in 3LCD)",Epson ELPL (PU/L-series bayonet),ELPLW08,0.83,1.17,±58%,±16%,"white-body twin of EB-PQ2216B (listed together in Epson spec); wide zoom #3; 3LCD laser; Epson rates 16,000 lm white light output, no ANSI figure published",https://download3.ebz.epson.net/dsc/f/03/00/15/88/32/3fe37a314a2f5816b0569acfb2d9262dc5eddfab/Specifications_EBPQ2220B_EBPQ2216BW_EBPQ2213B_EN_Rev02.pdf,official,yes,https://download3.ebz.epson.net/dsc/f/03/00/15/88/32/3fe37a314a2f5816b0569acfb2d9262dc5eddfab/Specifications_EBPQ2220B_EBPQ2216BW_EBPQ2213B_EN_Rev02.pdf,2026-10-09
Epson,EB-PQ2216W,,"3840x2160 (4K enhancement; 1920x1080 x3, 1.04in 3LCD)",Epson ELPL (PU/L-series bayonet),ELPLM08,1.02,1.64,V x 18%,,"white-body twin of EB-PQ2216B (listed together in Epson spec); middle zoom #1; limited shift lens: Epson gives max vertical travel V x 18%; 3LCD laser; Epson rates 16,000 lm white light output, no ANSI figure published",https://download3.ebz.epson.net/dsc/f/03/00/15/88/32/3fe37a314a2f5816b0569acfb2d9262dc5eddfab/Specifications_EBPQ2220B_EBPQ2216BW_EBPQ2213B_EN_Rev02.pdf,official,yes,https://download3.ebz.epson.net/dsc/f/03/00/15/88/32/3fe37a314a2f5816b0569acfb2d9262dc5eddfab/Specifications_EBPQ2220B_EBPQ2216BW_EBPQ2213B_EN_Rev02.pdf,2026-10-09
Epson,EB-PQ2216W,,"3840x2160 (4K enhancement; 1920x1080 x3, 1.04in 3LCD)",Epson ELPL (PU/L-series bayonet),ELPLW06,1.15,1.57,±58%,±16%,"white-body twin of EB-PQ2216B (listed together in Epson spec); wide zoom #2; 3LCD laser; Epson rates 16,000 lm white light output, no ANSI figure published",https://download3.ebz.epson.net/dsc/f/03/00/15/88/32/3fe37a314a2f5816b0569acfb2d9262dc5eddfab/Specifications_EBPQ2220B_EBPQ2216BW_EBPQ2213B_EN_Rev02.pdf,official,yes,https://download3.ebz.epson.net/dsc/f/03/00/15/88/32/3fe37a314a2f5816b0569acfb2d9262dc5eddfab/Specifications_EBPQ2220B_EBPQ2216BW_EBPQ2213B_EN_Rev02.pdf,2026-10-09
Epson,EB-PQ2216W,,"3840x2160 (4K enhancement; 1920x1080 x3, 1.04in 3LCD)",Epson ELPL (PU/L-series bayonet),ELPLM15,1.52,2.47,±58%,±16%,"white-body twin of EB-PQ2216B (listed together in Epson spec); middle zoom #2 (also ELPLM09); Epson US FAQ prints 1.57-2.56 (WUXGA value) - spec PDF used; 3LCD laser; Epson rates 16,000 lm white light output, no ANSI figure published",https://download3.ebz.epson.net/dsc/f/03/00/15/88/32/3fe37a314a2f5816b0569acfb2d9262dc5eddfab/Specifications_EBPQ2220B_EBPQ2216BW_EBPQ2213B_EN_Rev02.pdf,official,yes,https://download3.ebz.epson.net/dsc/f/03/00/15/88/32/3fe37a314a2f5816b0569acfb2d9262dc5eddfab/Specifications_EBPQ2220B_EBPQ2216BW_EBPQ2213B_EN_Rev02.pdf,2026-10-09
Epson,EB-PQ2216W,,"3840x2160 (4K enhancement; 1920x1080 x3, 1.04in 3LCD)",Epson ELPL (PU/L-series bayonet),ELPLM10,2.34,3.59,±58%,±16%,"white-body twin of EB-PQ2216B (listed together in Epson spec); middle zoom #3; 3LCD laser; Epson rates 16,000 lm white light output, no ANSI figure published",https://download3.ebz.epson.net/dsc/f/03/00/15/88/32/3fe37a314a2f5816b0569acfb2d9262dc5eddfab/Specifications_EBPQ2220B_EBPQ2216BW_EBPQ2213B_EN_Rev02.pdf,official,yes,https://download3.ebz.epson.net/dsc/f/03/00/15/88/32/3fe37a314a2f5816b0569acfb2d9262dc5eddfab/Specifications_EBPQ2220B_EBPQ2216BW_EBPQ2213B_EN_Rev02.pdf,2026-10-09
Epson,EB-PQ2216W,,"3840x2160 (4K enhancement; 1920x1080 x3, 1.04in 3LCD)",Epson ELPL (PU/L-series bayonet),ELPLM11,3.42,5.23,±58%,±16%,"white-body twin of EB-PQ2216B (listed together in Epson spec); middle zoom #4; 3LCD laser; Epson rates 16,000 lm white light output, no ANSI figure published",https://download3.ebz.epson.net/dsc/f/03/00/15/88/32/3fe37a314a2f5816b0569acfb2d9262dc5eddfab/Specifications_EBPQ2220B_EBPQ2216BW_EBPQ2213B_EN_Rev02.pdf,official,yes,https://download3.ebz.epson.net/dsc/f/03/00/15/88/32/3fe37a314a2f5816b0569acfb2d9262dc5eddfab/Specifications_EBPQ2220B_EBPQ2216BW_EBPQ2213B_EN_Rev02.pdf,2026-10-09
Epson,EB-PQ2216W,,"3840x2160 (4K enhancement; 1920x1080 x3, 1.04in 3LCD)",Epson ELPL (PU/L-series bayonet),ELPLL08,5.09,7.16,±58%,±16%,"white-body twin of EB-PQ2216B (listed together in Epson spec); long zoom; 3LCD laser; Epson rates 16,000 lm white light output, no ANSI figure published",https://download3.ebz.epson.net/dsc/f/03/00/15/88/32/3fe37a314a2f5816b0569acfb2d9262dc5eddfab/Specifications_EBPQ2220B_EBPQ2216BW_EBPQ2213B_EN_Rev02.pdf,official,yes,https://download3.ebz.epson.net/dsc/f/03/00/15/88/32/3fe37a314a2f5816b0569acfb2d9262dc5eddfab/Specifications_EBPQ2220B_EBPQ2216BW_EBPQ2213B_EN_Rev02.pdf,2026-10-09
Epson,EB-PQ2220B,,"3840x2160 (4K enhancement; 1920x1080 x3, 1.04in 3LCD)",Epson ELPL (PU/L-series bayonet),ELPLX02S,0.34,0.34,,,"UST zero-offset (also X02/X02W/X02WS); 16:9 value; 3LCD laser; throw at 16:9; lumens_ansi was 20000 (Epson rates 20,000 lm white light output, no ANSI figure published)",https://download3.ebz.epson.net/dsc/f/03/00/15/88/32/3fe37a314a2f5816b0569acfb2d9262dc5eddfab/Specifications_EBPQ2220B_EBPQ2216BW_EBPQ2213B_EN_Rev02.pdf,official,yes,https://download3.ebz.epson.net/dsc/f/03/00/15/88/32/3fe37a314a2f5816b0569acfb2d9262dc5eddfab/Specifications_EBPQ2220B_EBPQ2216BW_EBPQ2213B_EN_Rev02.pdf,2026-10-09
Epson,EB-PQ2220B,,"3840x2160 (4K enhancement; 1920x1080 x3, 1.04in 3LCD)",Epson ELPL (PU/L-series bayonet),ELPLU03S,0.46,0.56,V x 18%,,"short zoom #1; limited shift lens: Epson gives max vertical travel V x 18%; 3LCD laser; throw at 16:9; lumens_ansi was 20000 (Epson rates 20,000 lm white light output, no ANSI figure published); shift_h was 0% (spec PDF's 'V x 0%' is the vertical travel left at maximum horizontal shift, not a horizontal limit, horizontal limit not stated numerically)",https://download3.ebz.epson.net/dsc/f/03/00/15/88/32/3fe37a314a2f5816b0569acfb2d9262dc5eddfab/Specifications_EBPQ2220B_EBPQ2216BW_EBPQ2213B_EN_Rev02.pdf,official,yes,https://download3.ebz.epson.net/dsc/f/03/00/15/88/32/3fe37a314a2f5816b0569acfb2d9262dc5eddfab/Specifications_EBPQ2220B_EBPQ2216BW_EBPQ2213B_EN_Rev02.pdf,2026-10-09
Epson,EB-PQ2220B,,"3840x2160 (4K enhancement; 1920x1080 x3, 1.04in 3LCD)",Epson ELPL (PU/L-series bayonet),ELPLU04,0.62,0.75,±58%,±16%,"short zoom #2; 3LCD laser; throw at 16:9; lumens_ansi was 20000 (Epson rates 20,000 lm white light output, no ANSI figure published)",https://download3.ebz.epson.net/dsc/f/03/00/15/88/32/3fe37a314a2f5816b0569acfb2d9262dc5eddfab/Specifications_EBPQ2220B_EBPQ2216BW_EBPQ2213B_EN_Rev02.pdf,official,yes,https://download3.ebz.epson.net/dsc/f/03/00/15/88/32/3fe37a314a2f5816b0569acfb2d9262dc5eddfab/Specifications_EBPQ2220B_EBPQ2216BW_EBPQ2213B_EN_Rev02.pdf,2026-10-09
Epson,EB-PQ2220B,,"3840x2160 (4K enhancement; 1920x1080 x3, 1.04in 3LCD)",Epson ELPL (PU/L-series bayonet),ELPLW05,0.74,1.04,V x 18%,,"wide zoom #1; limited shift lens: Epson gives max vertical travel V x 18%; 3LCD laser; throw at 16:9; lumens_ansi was 20000 (Epson rates 20,000 lm white light output, no ANSI figure published); shift_h was 0% (spec PDF's 'V x 0%' is the vertical travel left at maximum horizontal shift, not a horizontal limit, horizontal limit not stated numerically)",https://download3.ebz.epson.net/dsc/f/03/00/15/88/32/3fe37a314a2f5816b0569acfb2d9262dc5eddfab/Specifications_EBPQ2220B_EBPQ2216BW_EBPQ2213B_EN_Rev02.pdf,official,yes,https://download3.ebz.epson.net/dsc/f/03/00/15/88/32/3fe37a314a2f5816b0569acfb2d9262dc5eddfab/Specifications_EBPQ2220B_EBPQ2216BW_EBPQ2213B_EN_Rev02.pdf,2026-10-09
Epson,EB-PQ2220B,,"3840x2160 (4K enhancement; 1920x1080 x3, 1.04in 3LCD)",Epson ELPL (PU/L-series bayonet),ELPLW08,0.83,1.17,±58%,±16%,"wide zoom #3; 3LCD laser; throw at 16:9; lumens_ansi was 20000 (Epson rates 20,000 lm white light output, no ANSI figure published)",https://download3.ebz.epson.net/dsc/f/03/00/15/88/32/3fe37a314a2f5816b0569acfb2d9262dc5eddfab/Specifications_EBPQ2220B_EBPQ2216BW_EBPQ2213B_EN_Rev02.pdf,official,yes,https://download3.ebz.epson.net/dsc/f/03/00/15/88/32/3fe37a314a2f5816b0569acfb2d9262dc5eddfab/Specifications_EBPQ2220B_EBPQ2216BW_EBPQ2213B_EN_Rev02.pdf,2026-10-09
Epson,EB-PQ2220B,,"3840x2160 (4K enhancement; 1920x1080 x3, 1.04in 3LCD)",Epson ELPL (PU/L-series bayonet),ELPLM08,1.02,1.64,V x 18%,,"middle zoom #1; limited shift lens: Epson gives max vertical travel V x 18%; 3LCD laser; throw at 16:9; lumens_ansi was 20000 (Epson rates 20,000 lm white light output, no ANSI figure published); shift_h was 0% (spec PDF's 'V x 0%' is the vertical travel left at maximum horizontal shift, not a horizontal limit, horizontal limit not stated numerically)",https://download3.ebz.epson.net/dsc/f/03/00/15/88/32/3fe37a314a2f5816b0569acfb2d9262dc5eddfab/Specifications_EBPQ2220B_EBPQ2216BW_EBPQ2213B_EN_Rev02.pdf,official,yes,https://download3.ebz.epson.net/dsc/f/03/00/15/88/32/3fe37a314a2f5816b0569acfb2d9262dc5eddfab/Specifications_EBPQ2220B_EBPQ2216BW_EBPQ2213B_EN_Rev02.pdf,2026-10-09
Epson,EB-PQ2220B,,"3840x2160 (4K enhancement; 1920x1080 x3, 1.04in 3LCD)",Epson ELPL (PU/L-series bayonet),ELPLW06,1.15,1.57,±58%,±16%,"wide zoom #2; 3LCD laser; throw at 16:9; lumens_ansi was 20000 (Epson rates 20,000 lm white light output, no ANSI figure published)",https://download3.ebz.epson.net/dsc/f/03/00/15/88/32/3fe37a314a2f5816b0569acfb2d9262dc5eddfab/Specifications_EBPQ2220B_EBPQ2216BW_EBPQ2213B_EN_Rev02.pdf,official,yes,https://download3.ebz.epson.net/dsc/f/03/00/15/88/32/3fe37a314a2f5816b0569acfb2d9262dc5eddfab/Specifications_EBPQ2220B_EBPQ2216BW_EBPQ2213B_EN_Rev02.pdf,2026-10-09
Epson,EB-PQ2220B,,"3840x2160 (4K enhancement; 1920x1080 x3, 1.04in 3LCD)",Epson ELPL (PU/L-series bayonet),ELPLM15,1.52,2.47,±58%,±16%,"middle zoom #2 (also ELPLM09); Epson US FAQ prints 1.57-2.56 (WUXGA value) - spec PDF used; 3LCD laser; throw at 16:9; lumens_ansi was 20000 (Epson rates 20,000 lm white light output, no ANSI figure published)",https://download3.ebz.epson.net/dsc/f/03/00/15/88/32/3fe37a314a2f5816b0569acfb2d9262dc5eddfab/Specifications_EBPQ2220B_EBPQ2216BW_EBPQ2213B_EN_Rev02.pdf,official,yes,https://download3.ebz.epson.net/dsc/f/03/00/15/88/32/3fe37a314a2f5816b0569acfb2d9262dc5eddfab/Specifications_EBPQ2220B_EBPQ2216BW_EBPQ2213B_EN_Rev02.pdf,2026-10-09
Epson,EB-PQ2220B,,"3840x2160 (4K enhancement; 1920x1080 x3, 1.04in 3LCD)",Epson ELPL (PU/L-series bayonet),ELPLM10,2.34,3.59,±58%,±16%,"middle zoom #3; 3LCD laser; throw at 16:9; lumens_ansi was 20000 (Epson rates 20,000 lm white light output, no ANSI figure published)",https://download3.ebz.epson.net/dsc/f/03/00/15/88/32/3fe37a314a2f5816b0569acfb2d9262dc5eddfab/Specifications_EBPQ2220B_EBPQ2216BW_EBPQ2213B_EN_Rev02.pdf,official,yes,https://download3.ebz.epson.net/dsc/f/03/00/15/88/32/3fe37a314a2f5816b0569acfb2d9262dc5eddfab/Specifications_EBPQ2220B_EBPQ2216BW_EBPQ2213B_EN_Rev02.pdf,2026-10-09
Epson,EB-PQ2220B,,"3840x2160 (4K enhancement; 1920x1080 x3, 1.04in 3LCD)",Epson ELPL (PU/L-series bayonet),ELPLM11,3.42,5.23,±58%,±16%,"middle zoom #4; 3LCD laser; throw at 16:9; lumens_ansi was 20000 (Epson rates 20,000 lm white light output, no ANSI figure published)",https://download3.ebz.epson.net/dsc/f/03/00/15/88/32/3fe37a314a2f5816b0569acfb2d9262dc5eddfab/Specifications_EBPQ2220B_EBPQ2216BW_EBPQ2213B_EN_Rev02.pdf,official,yes,https://download3.ebz.epson.net/dsc/f/03/00/15/88/32/3fe37a314a2f5816b0569acfb2d9262dc5eddfab/Specifications_EBPQ2220B_EBPQ2216BW_EBPQ2213B_EN_Rev02.pdf,2026-10-09
Epson,EB-PQ2220B,,"3840x2160 (4K enhancement; 1920x1080 x3, 1.04in 3LCD)",Epson ELPL (PU/L-series bayonet),ELPLL08,5.09,7.16,±58%,±16%,"long zoom; 3LCD laser; throw at 16:9; lumens_ansi was 20000 (Epson rates 20,000 lm white light output, no ANSI figure published)",https://download3.ebz.epson.net/dsc/f/03/00/15/88/32/3fe37a314a2f5816b0569acfb2d9262dc5eddfab/Specifications_EBPQ2220B_EBPQ2216BW_EBPQ2213B_EN_Rev02.pdf,official,yes,https://download3.ebz.epson.net/dsc/f/03/00/15/88/32/3fe37a314a2f5816b0569acfb2d9262dc5eddfab/Specifications_EBPQ2220B_EBPQ2216BW_EBPQ2213B_EN_Rev02.pdf,2026-10-09
Epson,EB-PU1006W,,"1920x1200 (WUXGA, 0.76in 3LCD)",Epson ELPL (PU/L-series bayonet),ELPLX01,0.35,0.35,,,"UST zero-offset (also X01S/X01W/X01WS); 3LCD laser; lumens_ansi was 6000 (Epson rates 6,000 lm white light output, no ANSI figure published)",https://files.support.epson.com/pdf/specs/specifications_ebpu2010series_en_r106.pdf,official,yes,https://files.support.epson.com/pdf/specs/specifications_ebpu2010series_en_r106.pdf,2026-10-09
Epson,EB-PU1006W,,"1920x1200 (WUXGA, 0.76in 3LCD)",Epson ELPL (PU/L-series bayonet),ELPLU03S,0.65,0.78,,,"short zoom #1 (also ELPLU03); 3LCD laser; lumens_ansi was 6000 (Epson rates 6,000 lm white light output, no ANSI figure published)",https://files.support.epson.com/pdf/specs/specifications_ebpu2010series_en_r106.pdf,official,yes,https://files.support.epson.com/pdf/specs/specifications_ebpu2010series_en_r106.pdf,2026-10-09
Epson,EB-PU1006W,,"1920x1200 (WUXGA, 0.76in 3LCD)",Epson ELPL (PU/L-series bayonet),ELPLU04,0.87,1.05,,,"short zoom #2 (also ELPLU02); 3LCD laser; lumens_ansi was 6000 (Epson rates 6,000 lm white light output, no ANSI figure published)",https://files.support.epson.com/pdf/specs/specifications_ebpu2010series_en_r106.pdf,official,yes,https://files.support.epson.com/pdf/specs/specifications_ebpu2010series_en_r106.pdf,2026-10-09
Epson,EB-PU1006W,,"1920x1200 (WUXGA, 0.76in 3LCD)",Epson ELPL (PU/L-series bayonet),ELPLR04,0.95,0.95,,,"rear-projection mirror lens; 3LCD laser; lumens_ansi was 6000 (Epson rates 6,000 lm white light output, no ANSI figure published)",https://files.support.epson.com/pdf/specs/specifications_ebpu2010series_en_r106.pdf,official,yes,https://files.support.epson.com/pdf/specs/specifications_ebpu2010series_en_r106.pdf,2026-10-09
Epson,EB-PU1006W,,"1920x1200 (WUXGA, 0.76in 3LCD)",Epson ELPL (PU/L-series bayonet),ELPLW05,1.04,1.46,,,"wide zoom #1; 3LCD laser; lumens_ansi was 6000 (Epson rates 6,000 lm white light output, no ANSI figure published)",https://files.support.epson.com/pdf/specs/specifications_ebpu2010series_en_r106.pdf,official,yes,https://files.support.epson.com/pdf/specs/specifications_ebpu2010series_en_r106.pdf,2026-10-09
Epson,EB-PU1006W,,"1920x1200 (WUXGA, 0.76in 3LCD)",Epson ELPL (PU/L-series bayonet),ELPLW08,1.18,1.66,,,"wide zoom #3; 3LCD laser; lumens_ansi was 6000 (Epson rates 6,000 lm white light output, no ANSI figure published)",https://files.support.epson.com/pdf/specs/specifications_ebpu2010series_en_r106.pdf,official,yes,https://files.support.epson.com/pdf/specs/specifications_ebpu2010series_en_r106.pdf,2026-10-09
Epson,EB-PU1006W,,"1920x1200 (WUXGA, 0.76in 3LCD)",Epson ELPL (PU/L-series bayonet),ELPLM08,1.44,2.32,±67%,±30%,"middle zoom #1, standard lens; shift spec quoted for this lens; 3LCD laser; lumens_ansi was 6000 (Epson rates 6,000 lm white light output, no ANSI figure published)",https://files.support.epson.com/pdf/specs/specifications_ebpu2010series_en_r106.pdf,official,yes,https://files.support.epson.com/pdf/specs/specifications_ebpu2010series_en_r106.pdf,2026-10-09
Epson,EB-PU1006W,,"1920x1200 (WUXGA, 0.76in 3LCD)",Epson ELPL (PU/L-series bayonet),ELPLW06,1.62,2.22,,,"wide zoom #2 (also ELPLW04); 3LCD laser; lumens_ansi was 6000 (Epson rates 6,000 lm white light output, no ANSI figure published)",https://files.support.epson.com/pdf/specs/specifications_ebpu2010series_en_r106.pdf,official,yes,https://files.support.epson.com/pdf/specs/specifications_ebpu2010series_en_r106.pdf,2026-10-09
Epson,EB-PU1006W,,"1920x1200 (WUXGA, 0.76in 3LCD)",Epson ELPL (PU/L-series bayonet),ELPLM15,2.16,3.48,,,"middle zoom #2 (also ELPLM09); 3LCD laser; lumens_ansi was 6000 (Epson rates 6,000 lm white light output, no ANSI figure published)",https://files.support.epson.com/pdf/specs/specifications_ebpu2010series_en_r106.pdf,official,yes,https://files.support.epson.com/pdf/specs/specifications_ebpu2010series_en_r106.pdf,2026-10-09
Epson,EB-PU1006W,,"1920x1200 (WUXGA, 0.76in 3LCD)",Epson ELPL (PU/L-series bayonet),ELPLM10,3.32,5.06,,,"middle zoom #3 (also ELPLM06); 3LCD laser; lumens_ansi was 6000 (Epson rates 6,000 lm white light output, no ANSI figure published)",https://files.support.epson.com/pdf/specs/specifications_ebpu2010series_en_r106.pdf,official,yes,https://files.support.epson.com/pdf/specs/specifications_ebpu2010series_en_r106.pdf,2026-10-09
Epson,EB-PU1006W,,"1920x1200 (WUXGA, 0.76in 3LCD)",Epson ELPL (PU/L-series bayonet),ELPLM11,4.85,7.38,,,"middle zoom #4 (also ELPLM07); 3LCD laser; lumens_ansi was 6000 (Epson rates 6,000 lm white light output, no ANSI figure published)",https://files.support.epson.com/pdf/specs/specifications_ebpu2010series_en_r106.pdf,official,yes,https://files.support.epson.com/pdf/specs/specifications_ebpu2010series_en_r106.pdf,2026-10-09
Epson,EB-PU1006W,,"1920x1200 (WUXGA, 0.76in 3LCD)",Epson ELPL (PU/L-series bayonet),ELPLL08,7.21,10.11,,,"long zoom (also ELPLL07); 3LCD laser; lumens_ansi was 6000 (Epson rates 6,000 lm white light output, no ANSI figure published)",https://files.support.epson.com/pdf/specs/specifications_ebpu2010series_en_r106.pdf,official,yes,https://files.support.epson.com/pdf/specs/specifications_ebpu2010series_en_r106.pdf,2026-10-09
Epson,EB-PU1007B,,"1920x1200 (WUXGA, 0.76in 3LCD)",Epson ELPL (PU/L-series bayonet),ELPLX01,0.35,0.35,,,"UST zero-offset (also X01S/X01W/X01WS); 3LCD laser; W twin; lumens_ansi was 7000 (Epson rates 7,000 lm white light output, no ANSI figure published)",https://files.support.epson.com/pdf/specs/specifications_ebpu2010series_en_r106.pdf,official,yes,https://files.support.epson.com/pdf/specs/specifications_ebpu2010series_en_r106.pdf,2026-10-09
Epson,EB-PU1007B,,"1920x1200 (WUXGA, 0.76in 3LCD)",Epson ELPL (PU/L-series bayonet),ELPLU03S,0.65,0.78,,,"short zoom #1 (also ELPLU03); 3LCD laser; W twin; lumens_ansi was 7000 (Epson rates 7,000 lm white light output, no ANSI figure published)",https://files.support.epson.com/pdf/specs/specifications_ebpu2010series_en_r106.pdf,official,yes,https://files.support.epson.com/pdf/specs/specifications_ebpu2010series_en_r106.pdf,2026-10-09
Epson,EB-PU1007B,,"1920x1200 (WUXGA, 0.76in 3LCD)",Epson ELPL (PU/L-series bayonet),ELPLU04,0.87,1.05,,,"short zoom #2 (also ELPLU02); 3LCD laser; W twin; lumens_ansi was 7000 (Epson rates 7,000 lm white light output, no ANSI figure published)",https://files.support.epson.com/pdf/specs/specifications_ebpu2010series_en_r106.pdf,official,yes,https://files.support.epson.com/pdf/specs/specifications_ebpu2010series_en_r106.pdf,2026-10-09
Epson,EB-PU1007B,,"1920x1200 (WUXGA, 0.76in 3LCD)",Epson ELPL (PU/L-series bayonet),ELPLR04,0.95,0.95,,,"rear-projection mirror lens; 3LCD laser; W twin; lumens_ansi was 7000 (Epson rates 7,000 lm white light output, no ANSI figure published)",https://files.support.epson.com/pdf/specs/specifications_ebpu2010series_en_r106.pdf,official,yes,https://files.support.epson.com/pdf/specs/specifications_ebpu2010series_en_r106.pdf,2026-10-09
Epson,EB-PU1007B,,"1920x1200 (WUXGA, 0.76in 3LCD)",Epson ELPL (PU/L-series bayonet),ELPLW05,1.04,1.46,,,"wide zoom #1; 3LCD laser; W twin; lumens_ansi was 7000 (Epson rates 7,000 lm white light output, no ANSI figure published)",https://files.support.epson.com/pdf/specs/specifications_ebpu2010series_en_r106.pdf,official,yes,https://files.support.epson.com/pdf/specs/specifications_ebpu2010series_en_r106.pdf,2026-10-09
Epson,EB-PU1007B,,"1920x1200 (WUXGA, 0.76in 3LCD)",Epson ELPL (PU/L-series bayonet),ELPLW08,1.18,1.66,,,"wide zoom #3; 3LCD laser; W twin; lumens_ansi was 7000 (Epson rates 7,000 lm white light output, no ANSI figure published)",https://files.support.epson.com/pdf/specs/specifications_ebpu2010series_en_r106.pdf,official,yes,https://files.support.epson.com/pdf/specs/specifications_ebpu2010series_en_r106.pdf,2026-10-09
Epson,EB-PU1007B,,"1920x1200 (WUXGA, 0.76in 3LCD)",Epson ELPL (PU/L-series bayonet),ELPLM08,1.44,2.32,±67%,±30%,"middle zoom #1, standard lens; shift spec quoted for this lens; 3LCD laser; W twin; lumens_ansi was 7000 (Epson rates 7,000 lm white light output, no ANSI figure published)",https://files.support.epson.com/pdf/specs/specifications_ebpu2010series_en_r106.pdf,official,yes,https://files.support.epson.com/pdf/specs/specifications_ebpu2010series_en_r106.pdf,2026-10-09
Epson,EB-PU1007B,,"1920x1200 (WUXGA, 0.76in 3LCD)",Epson ELPL (PU/L-series bayonet),ELPLW06,1.62,2.22,,,"wide zoom #2 (also ELPLW04); 3LCD laser; W twin; lumens_ansi was 7000 (Epson rates 7,000 lm white light output, no ANSI figure published)",https://files.support.epson.com/pdf/specs/specifications_ebpu2010series_en_r106.pdf,official,yes,https://files.support.epson.com/pdf/specs/specifications_ebpu2010series_en_r106.pdf,2026-10-09
Epson,EB-PU1007B,,"1920x1200 (WUXGA, 0.76in 3LCD)",Epson ELPL (PU/L-series bayonet),ELPLM15,2.16,3.48,,,"middle zoom #2 (also ELPLM09); 3LCD laser; W twin; lumens_ansi was 7000 (Epson rates 7,000 lm white light output, no ANSI figure published)",https://files.support.epson.com/pdf/specs/specifications_ebpu2010series_en_r106.pdf,official,yes,https://files.support.epson.com/pdf/specs/specifications_ebpu2010series_en_r106.pdf,2026-10-09
Epson,EB-PU1007B,,"1920x1200 (WUXGA, 0.76in 3LCD)",Epson ELPL (PU/L-series bayonet),ELPLM10,3.32,5.06,,,"middle zoom #3 (also ELPLM06); 3LCD laser; W twin; lumens_ansi was 7000 (Epson rates 7,000 lm white light output, no ANSI figure published)",https://files.support.epson.com/pdf/specs/specifications_ebpu2010series_en_r106.pdf,official,yes,https://files.support.epson.com/pdf/specs/specifications_ebpu2010series_en_r106.pdf,2026-10-09
Epson,EB-PU1007B,,"1920x1200 (WUXGA, 0.76in 3LCD)",Epson ELPL (PU/L-series bayonet),ELPLM11,4.85,7.38,,,"middle zoom #4 (also ELPLM07); 3LCD laser; W twin; lumens_ansi was 7000 (Epson rates 7,000 lm white light output, no ANSI figure published)",https://files.support.epson.com/pdf/specs/specifications_ebpu2010series_en_r106.pdf,official,yes,https://files.support.epson.com/pdf/specs/specifications_ebpu2010series_en_r106.pdf,2026-10-09
Epson,EB-PU1007B,,"1920x1200 (WUXGA, 0.76in 3LCD)",Epson ELPL (PU/L-series bayonet),ELPLL08,7.21,10.11,,,"long zoom (also ELPLL07); 3LCD laser; W twin; lumens_ansi was 7000 (Epson rates 7,000 lm white light output, no ANSI figure published)",https://files.support.epson.com/pdf/specs/specifications_ebpu2010series_en_r106.pdf,official,yes,https://files.support.epson.com/pdf/specs/specifications_ebpu2010series_en_r106.pdf,2026-10-09
Epson,EB-PU1007W,,"1920x1200 (WUXGA, 0.76in 3LCD)",Epson ELPL (PU/L-series bayonet),ELPLX01,0.35,0.35,,,"white-body twin of EB-PU1007B (listed together in Epson spec); UST zero-offset (also X01S/X01W/X01WS); 3LCD laser; Epson rates 7,000 lm white light output, no ANSI figure published",https://files.support.epson.com/pdf/specs/specifications_ebpu2010series_en_r106.pdf,official,yes,https://files.support.epson.com/pdf/specs/specifications_ebpu2010series_en_r106.pdf,2026-10-09
Epson,EB-PU1007W,,"1920x1200 (WUXGA, 0.76in 3LCD)",Epson ELPL (PU/L-series bayonet),ELPLU03S,0.65,0.78,,,"white-body twin of EB-PU1007B (listed together in Epson spec); short zoom #1 (also ELPLU03); 3LCD laser; Epson rates 7,000 lm white light output, no ANSI figure published",https://files.support.epson.com/pdf/specs/specifications_ebpu2010series_en_r106.pdf,official,yes,https://files.support.epson.com/pdf/specs/specifications_ebpu2010series_en_r106.pdf,2026-10-09
Epson,EB-PU1007W,,"1920x1200 (WUXGA, 0.76in 3LCD)",Epson ELPL (PU/L-series bayonet),ELPLU04,0.87,1.05,,,"white-body twin of EB-PU1007B (listed together in Epson spec); short zoom #2 (also ELPLU02); 3LCD laser; Epson rates 7,000 lm white light output, no ANSI figure published",https://files.support.epson.com/pdf/specs/specifications_ebpu2010series_en_r106.pdf,official,yes,https://files.support.epson.com/pdf/specs/specifications_ebpu2010series_en_r106.pdf,2026-10-09
Epson,EB-PU1007W,,"1920x1200 (WUXGA, 0.76in 3LCD)",Epson ELPL (PU/L-series bayonet),ELPLR04,0.95,0.95,,,"white-body twin of EB-PU1007B (listed together in Epson spec); rear-projection mirror lens; 3LCD laser; Epson rates 7,000 lm white light output, no ANSI figure published",https://files.support.epson.com/pdf/specs/specifications_ebpu2010series_en_r106.pdf,official,yes,https://files.support.epson.com/pdf/specs/specifications_ebpu2010series_en_r106.pdf,2026-10-09
Epson,EB-PU1007W,,"1920x1200 (WUXGA, 0.76in 3LCD)",Epson ELPL (PU/L-series bayonet),ELPLW05,1.04,1.46,,,"white-body twin of EB-PU1007B (listed together in Epson spec); wide zoom #1; 3LCD laser; Epson rates 7,000 lm white light output, no ANSI figure published",https://files.support.epson.com/pdf/specs/specifications_ebpu2010series_en_r106.pdf,official,yes,https://files.support.epson.com/pdf/specs/specifications_ebpu2010series_en_r106.pdf,2026-10-09
Epson,EB-PU1007W,,"1920x1200 (WUXGA, 0.76in 3LCD)",Epson ELPL (PU/L-series bayonet),ELPLW08,1.18,1.66,,,"white-body twin of EB-PU1007B (listed together in Epson spec); wide zoom #3; 3LCD laser; Epson rates 7,000 lm white light output, no ANSI figure published",https://files.support.epson.com/pdf/specs/specifications_ebpu2010series_en_r106.pdf,official,yes,https://files.support.epson.com/pdf/specs/specifications_ebpu2010series_en_r106.pdf,2026-10-09
Epson,EB-PU1007W,,"1920x1200 (WUXGA, 0.76in 3LCD)",Epson ELPL (PU/L-series bayonet),ELPLM08,1.44,2.32,±67%,±30%,"white-body twin of EB-PU1007B (listed together in Epson spec); middle zoom #1, standard lens; shift spec quoted for this lens; 3LCD laser; Epson rates 7,000 lm white light output, no ANSI figure published",https://files.support.epson.com/pdf/specs/specifications_ebpu2010series_en_r106.pdf,official,yes,https://files.support.epson.com/pdf/specs/specifications_ebpu2010series_en_r106.pdf,2026-10-09
Epson,EB-PU1007W,,"1920x1200 (WUXGA, 0.76in 3LCD)",Epson ELPL (PU/L-series bayonet),ELPLW06,1.62,2.22,,,"white-body twin of EB-PU1007B (listed together in Epson spec); wide zoom #2 (also ELPLW04); 3LCD laser; Epson rates 7,000 lm white light output, no ANSI figure published",https://files.support.epson.com/pdf/specs/specifications_ebpu2010series_en_r106.pdf,official,yes,https://files.support.epson.com/pdf/specs/specifications_ebpu2010series_en_r106.pdf,2026-10-09
Epson,EB-PU1007W,,"1920x1200 (WUXGA, 0.76in 3LCD)",Epson ELPL (PU/L-series bayonet),ELPLM15,2.16,3.48,,,"white-body twin of EB-PU1007B (listed together in Epson spec); middle zoom #2 (also ELPLM09); 3LCD laser; Epson rates 7,000 lm white light output, no ANSI figure published",https://files.support.epson.com/pdf/specs/specifications_ebpu2010series_en_r106.pdf,official,yes,https://files.support.epson.com/pdf/specs/specifications_ebpu2010series_en_r106.pdf,2026-10-09
Epson,EB-PU1007W,,"1920x1200 (WUXGA, 0.76in 3LCD)",Epson ELPL (PU/L-series bayonet),ELPLM10,3.32,5.06,,,"white-body twin of EB-PU1007B (listed together in Epson spec); middle zoom #3 (also ELPLM06); 3LCD laser; Epson rates 7,000 lm white light output, no ANSI figure published",https://files.support.epson.com/pdf/specs/specifications_ebpu2010series_en_r106.pdf,official,yes,https://files.support.epson.com/pdf/specs/specifications_ebpu2010series_en_r106.pdf,2026-10-09
Epson,EB-PU1007W,,"1920x1200 (WUXGA, 0.76in 3LCD)",Epson ELPL (PU/L-series bayonet),ELPLM11,4.85,7.38,,,"white-body twin of EB-PU1007B (listed together in Epson spec); middle zoom #4 (also ELPLM07); 3LCD laser; Epson rates 7,000 lm white light output, no ANSI figure published",https://files.support.epson.com/pdf/specs/specifications_ebpu2010series_en_r106.pdf,official,yes,https://files.support.epson.com/pdf/specs/specifications_ebpu2010series_en_r106.pdf,2026-10-09
Epson,EB-PU1007W,,"1920x1200 (WUXGA, 0.76in 3LCD)",Epson ELPL (PU/L-series bayonet),ELPLL08,7.21,10.11,,,"white-body twin of EB-PU1007B (listed together in Epson spec); long zoom (also ELPLL07); 3LCD laser; Epson rates 7,000 lm white light output, no ANSI figure published",https://files.support.epson.com/pdf/specs/specifications_ebpu2010series_en_r106.pdf,official,yes,https://files.support.epson.com/pdf/specs/specifications_ebpu2010series_en_r106.pdf,2026-10-09
Epson,EB-PU1008B,,"1920x1200 (WUXGA, 0.76in 3LCD)",Epson ELPL (PU/L-series bayonet),ELPLX01,0.35,0.35,,,"UST zero-offset (also X01S/X01W/X01WS); 3LCD laser; W twin; projector shift max ±67% V / ±30% H; lumens_ansi was 8500 (Epson rates 8,500 lm white light output, no ANSI figure published)",https://files.support.epson.com/pdf/specs/specifications_ebpu2010series_en_r106.pdf,official,yes,https://files.support.epson.com/pdf/specs/specifications_ebpu2010series_en_r106.pdf,2026-10-09
Epson,EB-PU1008B,,"1920x1200 (WUXGA, 0.76in 3LCD)",Epson ELPL (PU/L-series bayonet),ELPLU03S,0.65,0.78,,,"short zoom #1 (also ELPLU03); 3LCD laser; W twin; projector shift max ±67% V / ±30% H; lumens_ansi was 8500 (Epson rates 8,500 lm white light output, no ANSI figure published)",https://files.support.epson.com/pdf/specs/specifications_ebpu2010series_en_r106.pdf,official,yes,https://files.support.epson.com/pdf/specs/specifications_ebpu2010series_en_r106.pdf,2026-10-09
Epson,EB-PU1008B,,"1920x1200 (WUXGA, 0.76in 3LCD)",Epson ELPL (PU/L-series bayonet),ELPLU04,0.87,1.05,,,"short zoom #2 (also ELPLU02); 3LCD laser; W twin; projector shift max ±67% V / ±30% H; lumens_ansi was 8500 (Epson rates 8,500 lm white light output, no ANSI figure published)",https://files.support.epson.com/pdf/specs/specifications_ebpu2010series_en_r106.pdf,official,yes,https://files.support.epson.com/pdf/specs/specifications_ebpu2010series_en_r106.pdf,2026-10-09
Epson,EB-PU1008B,,"1920x1200 (WUXGA, 0.76in 3LCD)",Epson ELPL (PU/L-series bayonet),ELPLR04,0.95,0.95,,,"rear-projection mirror lens; 3LCD laser; W twin; projector shift max ±67% V / ±30% H; lumens_ansi was 8500 (Epson rates 8,500 lm white light output, no ANSI figure published)",https://files.support.epson.com/pdf/specs/specifications_ebpu2010series_en_r106.pdf,official,yes,https://files.support.epson.com/pdf/specs/specifications_ebpu2010series_en_r106.pdf,2026-10-09
Epson,EB-PU1008B,,"1920x1200 (WUXGA, 0.76in 3LCD)",Epson ELPL (PU/L-series bayonet),ELPLW05,1.04,1.46,,,"wide zoom #1; 3LCD laser; W twin; projector shift max ±67% V / ±30% H; lumens_ansi was 8500 (Epson rates 8,500 lm white light output, no ANSI figure published)",https://files.support.epson.com/pdf/specs/specifications_ebpu2010series_en_r106.pdf,official,yes,https://files.support.epson.com/pdf/specs/specifications_ebpu2010series_en_r106.pdf,2026-10-09
Epson,EB-PU1008B,,"1920x1200 (WUXGA, 0.76in 3LCD)",Epson ELPL (PU/L-series bayonet),ELPLW08,1.18,1.66,,,"wide zoom #3; 3LCD laser; W twin; projector shift max ±67% V / ±30% H; lumens_ansi was 8500 (Epson rates 8,500 lm white light output, no ANSI figure published)",https://files.support.epson.com/pdf/specs/specifications_ebpu2010series_en_r106.pdf,official,yes,https://files.support.epson.com/pdf/specs/specifications_ebpu2010series_en_r106.pdf,2026-10-09
Epson,EB-PU1008B,,"1920x1200 (WUXGA, 0.76in 3LCD)",Epson ELPL (PU/L-series bayonet),ELPLM08,1.44,2.32,±67%,±30%,"middle zoom #1, standard lens; shift spec quoted for this lens; 3LCD laser; W twin; projector shift max ±67% V / ±30% H; lumens_ansi was 8500 (Epson rates 8,500 lm white light output, no ANSI figure published)",https://files.support.epson.com/pdf/specs/specifications_ebpu2010series_en_r106.pdf,official,yes,https://files.support.epson.com/pdf/specs/specifications_ebpu2010series_en_r106.pdf,2026-10-09
Epson,EB-PU1008B,,"1920x1200 (WUXGA, 0.76in 3LCD)",Epson ELPL (PU/L-series bayonet),ELPLW06,1.62,2.22,,,"wide zoom #2 (also ELPLW04); 3LCD laser; W twin; projector shift max ±67% V / ±30% H; lumens_ansi was 8500 (Epson rates 8,500 lm white light output, no ANSI figure published)",https://files.support.epson.com/pdf/specs/specifications_ebpu2010series_en_r106.pdf,official,yes,https://files.support.epson.com/pdf/specs/specifications_ebpu2010series_en_r106.pdf,2026-10-09
Epson,EB-PU1008B,,"1920x1200 (WUXGA, 0.76in 3LCD)",Epson ELPL (PU/L-series bayonet),ELPLM15,2.16,3.48,,,"middle zoom #2 (also ELPLM09); 3LCD laser; W twin; projector shift max ±67% V / ±30% H; lumens_ansi was 8500 (Epson rates 8,500 lm white light output, no ANSI figure published)",https://files.support.epson.com/pdf/specs/specifications_ebpu2010series_en_r106.pdf,official,yes,https://files.support.epson.com/pdf/specs/specifications_ebpu2010series_en_r106.pdf,2026-10-09
Epson,EB-PU1008B,,"1920x1200 (WUXGA, 0.76in 3LCD)",Epson ELPL (PU/L-series bayonet),ELPLM10,3.32,5.06,,,"middle zoom #3 (also ELPLM06); 3LCD laser; W twin; projector shift max ±67% V / ±30% H; lumens_ansi was 8500 (Epson rates 8,500 lm white light output, no ANSI figure published)",https://files.support.epson.com/pdf/specs/specifications_ebpu2010series_en_r106.pdf,official,yes,https://files.support.epson.com/pdf/specs/specifications_ebpu2010series_en_r106.pdf,2026-10-09
Epson,EB-PU1008B,,"1920x1200 (WUXGA, 0.76in 3LCD)",Epson ELPL (PU/L-series bayonet),ELPLM11,4.85,7.38,,,"middle zoom #4 (also ELPLM07); 3LCD laser; W twin; projector shift max ±67% V / ±30% H; lumens_ansi was 8500 (Epson rates 8,500 lm white light output, no ANSI figure published)",https://files.support.epson.com/pdf/specs/specifications_ebpu2010series_en_r106.pdf,official,yes,https://files.support.epson.com/pdf/specs/specifications_ebpu2010series_en_r106.pdf,2026-10-09
Epson,EB-PU1008B,,"1920x1200 (WUXGA, 0.76in 3LCD)",Epson ELPL (PU/L-series bayonet),ELPLL08,7.21,10.11,,,"long zoom (also ELPLL07); 3LCD laser; W twin; projector shift max ±67% V / ±30% H; lumens_ansi was 8500 (Epson rates 8,500 lm white light output, no ANSI figure published)",https://files.support.epson.com/pdf/specs/specifications_ebpu2010series_en_r106.pdf,official,yes,https://files.support.epson.com/pdf/specs/specifications_ebpu2010series_en_r106.pdf,2026-10-09
Epson,EB-PU1008W,,"1920x1200 (WUXGA, 0.76in 3LCD)",Epson ELPL (PU/L-series bayonet),ELPLX01,0.35,0.35,,,"white-body twin of EB-PU1008B (listed together in Epson spec); UST zero-offset (also X01S/X01W/X01WS); 3LCD laser; projector shift max ±67% V / ±30% H; Epson rates 8,500 lm white light output, no ANSI figure published",https://files.support.epson.com/pdf/specs/specifications_ebpu2010series_en_r106.pdf,official,yes,https://files.support.epson.com/pdf/specs/specifications_ebpu2010series_en_r106.pdf,2026-10-09
Epson,EB-PU1008W,,"1920x1200 (WUXGA, 0.76in 3LCD)",Epson ELPL (PU/L-series bayonet),ELPLU03S,0.65,0.78,,,"white-body twin of EB-PU1008B (listed together in Epson spec); short zoom #1 (also ELPLU03); 3LCD laser; projector shift max ±67% V / ±30% H; Epson rates 8,500 lm white light output, no ANSI figure published",https://files.support.epson.com/pdf/specs/specifications_ebpu2010series_en_r106.pdf,official,yes,https://files.support.epson.com/pdf/specs/specifications_ebpu2010series_en_r106.pdf,2026-10-09
Epson,EB-PU1008W,,"1920x1200 (WUXGA, 0.76in 3LCD)",Epson ELPL (PU/L-series bayonet),ELPLU04,0.87,1.05,,,"white-body twin of EB-PU1008B (listed together in Epson spec); short zoom #2 (also ELPLU02); 3LCD laser; projector shift max ±67% V / ±30% H; Epson rates 8,500 lm white light output, no ANSI figure published",https://files.support.epson.com/pdf/specs/specifications_ebpu2010series_en_r106.pdf,official,yes,https://files.support.epson.com/pdf/specs/specifications_ebpu2010series_en_r106.pdf,2026-10-09
Epson,EB-PU1008W,,"1920x1200 (WUXGA, 0.76in 3LCD)",Epson ELPL (PU/L-series bayonet),ELPLR04,0.95,0.95,,,"white-body twin of EB-PU1008B (listed together in Epson spec); rear-projection mirror lens; 3LCD laser; projector shift max ±67% V / ±30% H; Epson rates 8,500 lm white light output, no ANSI figure published",https://files.support.epson.com/pdf/specs/specifications_ebpu2010series_en_r106.pdf,official,yes,https://files.support.epson.com/pdf/specs/specifications_ebpu2010series_en_r106.pdf,2026-10-09
Epson,EB-PU1008W,,"1920x1200 (WUXGA, 0.76in 3LCD)",Epson ELPL (PU/L-series bayonet),ELPLW05,1.04,1.46,,,"white-body twin of EB-PU1008B (listed together in Epson spec); wide zoom #1; 3LCD laser; projector shift max ±67% V / ±30% H; Epson rates 8,500 lm white light output, no ANSI figure published",https://files.support.epson.com/pdf/specs/specifications_ebpu2010series_en_r106.pdf,official,yes,https://files.support.epson.com/pdf/specs/specifications_ebpu2010series_en_r106.pdf,2026-10-09
Epson,EB-PU1008W,,"1920x1200 (WUXGA, 0.76in 3LCD)",Epson ELPL (PU/L-series bayonet),ELPLW08,1.18,1.66,,,"white-body twin of EB-PU1008B (listed together in Epson spec); wide zoom #3; 3LCD laser; projector shift max ±67% V / ±30% H; Epson rates 8,500 lm white light output, no ANSI figure published",https://files.support.epson.com/pdf/specs/specifications_ebpu2010series_en_r106.pdf,official,yes,https://files.support.epson.com/pdf/specs/specifications_ebpu2010series_en_r106.pdf,2026-10-09
Epson,EB-PU1008W,,"1920x1200 (WUXGA, 0.76in 3LCD)",Epson ELPL (PU/L-series bayonet),ELPLM08,1.44,2.32,±67%,±30%,"white-body twin of EB-PU1008B (listed together in Epson spec); middle zoom #1, standard lens; shift spec quoted for this lens; 3LCD laser; projector shift max ±67% V / ±30% H; Epson rates 8,500 lm white light output, no ANSI figure published",https://files.support.epson.com/pdf/specs/specifications_ebpu2010series_en_r106.pdf,official,yes,https://files.support.epson.com/pdf/specs/specifications_ebpu2010series_en_r106.pdf,2026-10-09
Epson,EB-PU1008W,,"1920x1200 (WUXGA, 0.76in 3LCD)",Epson ELPL (PU/L-series bayonet),ELPLW06,1.62,2.22,,,"white-body twin of EB-PU1008B (listed together in Epson spec); wide zoom #2 (also ELPLW04); 3LCD laser; projector shift max ±67% V / ±30% H; Epson rates 8,500 lm white light output, no ANSI figure published",https://files.support.epson.com/pdf/specs/specifications_ebpu2010series_en_r106.pdf,official,yes,https://files.support.epson.com/pdf/specs/specifications_ebpu2010series_en_r106.pdf,2026-10-09
Epson,EB-PU1008W,,"1920x1200 (WUXGA, 0.76in 3LCD)",Epson ELPL (PU/L-series bayonet),ELPLM15,2.16,3.48,,,"white-body twin of EB-PU1008B (listed together in Epson spec); middle zoom #2 (also ELPLM09); 3LCD laser; projector shift max ±67% V / ±30% H; Epson rates 8,500 lm white light output, no ANSI figure published",https://files.support.epson.com/pdf/specs/specifications_ebpu2010series_en_r106.pdf,official,yes,https://files.support.epson.com/pdf/specs/specifications_ebpu2010series_en_r106.pdf,2026-10-09
Epson,EB-PU1008W,,"1920x1200 (WUXGA, 0.76in 3LCD)",Epson ELPL (PU/L-series bayonet),ELPLM10,3.32,5.06,,,"white-body twin of EB-PU1008B (listed together in Epson spec); middle zoom #3 (also ELPLM06); 3LCD laser; projector shift max ±67% V / ±30% H; Epson rates 8,500 lm white light output, no ANSI figure published",https://files.support.epson.com/pdf/specs/specifications_ebpu2010series_en_r106.pdf,official,yes,https://files.support.epson.com/pdf/specs/specifications_ebpu2010series_en_r106.pdf,2026-10-09
Epson,EB-PU1008W,,"1920x1200 (WUXGA, 0.76in 3LCD)",Epson ELPL (PU/L-series bayonet),ELPLM11,4.85,7.38,,,"white-body twin of EB-PU1008B (listed together in Epson spec); middle zoom #4 (also ELPLM07); 3LCD laser; projector shift max ±67% V / ±30% H; Epson rates 8,500 lm white light output, no ANSI figure published",https://files.support.epson.com/pdf/specs/specifications_ebpu2010series_en_r106.pdf,official,yes,https://files.support.epson.com/pdf/specs/specifications_ebpu2010series_en_r106.pdf,2026-10-09
Epson,EB-PU1008W,,"1920x1200 (WUXGA, 0.76in 3LCD)",Epson ELPL (PU/L-series bayonet),ELPLL08,7.21,10.11,,,"white-body twin of EB-PU1008B (listed together in Epson spec); long zoom (also ELPLL07); 3LCD laser; projector shift max ±67% V / ±30% H; Epson rates 8,500 lm white light output, no ANSI figure published",https://files.support.epson.com/pdf/specs/specifications_ebpu2010series_en_r106.pdf,official,yes,https://files.support.epson.com/pdf/specs/specifications_ebpu2010series_en_r106.pdf,2026-10-09
Epson,EB-PU2010B,,"1920x1200 (WUXGA, 1.0in 3LCD)",Epson ELPL (PU/L-series bayonet),ELPLX02S,0.35,0.35,,,"UST zero-offset (also ELPLX02/X02W/X02WS); shift shown only as diagram; 3LCD laser; EB-PU2010W white twin; shift ±60% V / ±18% H; lumens_ansi was 10000 (Epson rates 10,000 lm white light output, no ANSI figure published)",https://files.support.epson.com/pdf/specs/specifications_ebpu2010series_en_r106.pdf,official,yes,https://files.support.epson.com/pdf/specs/specifications_ebpu2010series_en_r106.pdf,2026-10-09
Epson,EB-PU2010B,,"1920x1200 (WUXGA, 1.0in 3LCD)",Epson ELPL (PU/L-series bayonet),ELPLU03S,0.48,0.57,,,"short zoom #1 (also ELPLU03); 3LCD laser; EB-PU2010W white twin; shift ±60% V / ±18% H; lumens_ansi was 10000 (Epson rates 10,000 lm white light output, no ANSI figure published)",https://files.support.epson.com/pdf/specs/specifications_ebpu2010series_en_r106.pdf,official,yes,https://files.support.epson.com/pdf/specs/specifications_ebpu2010series_en_r106.pdf,2026-10-09
Epson,EB-PU2010B,,"1920x1200 (WUXGA, 1.0in 3LCD)",Epson ELPL (PU/L-series bayonet),ELPLU04,0.64,0.77,±60%,±18%,"short zoom #2; 3LCD laser; EB-PU2010W white twin; shift ±60% V / ±18% H; lumens_ansi was 10000 (Epson rates 10,000 lm white light output, no ANSI figure published)",https://files.support.epson.com/pdf/specs/specifications_ebpu2010series_en_r106.pdf,official,yes,https://files.support.epson.com/pdf/specs/specifications_ebpu2010series_en_r106.pdf,2026-10-09
Epson,EB-PU2010B,,"1920x1200 (WUXGA, 1.0in 3LCD)",Epson ELPL (PU/L-series bayonet),ELPLR04,0.70,0.70,,,"rear-projection mirror lens; 3LCD laser; EB-PU2010W white twin; shift ±60% V / ±18% H; lumens_ansi was 10000 (Epson rates 10,000 lm white light output, no ANSI figure published)",https://files.support.epson.com/pdf/specs/specifications_ebpu2010series_en_r106.pdf,official,yes,https://files.support.epson.com/pdf/specs/specifications_ebpu2010series_en_r106.pdf,2026-10-09
Epson,EB-PU2010B,,"1920x1200 (WUXGA, 1.0in 3LCD)",Epson ELPL (PU/L-series bayonet),ELPLW05,0.77,1.07,,,"wide zoom #1; 3LCD laser; EB-PU2010W white twin; shift ±60% V / ±18% H; lumens_ansi was 10000 (Epson rates 10,000 lm white light output, no ANSI figure published)",https://files.support.epson.com/pdf/specs/specifications_ebpu2010series_en_r106.pdf,official,yes,https://files.support.epson.com/pdf/specs/specifications_ebpu2010series_en_r106.pdf,2026-10-09
Epson,EB-PU2010B,,"1920x1200 (WUXGA, 1.0in 3LCD)",Epson ELPL (PU/L-series bayonet),ELPLW08,0.86,1.21,±60%,±18%,"wide zoom #3; 3LCD laser; EB-PU2010W white twin; shift ±60% V / ±18% H; lumens_ansi was 10000 (Epson rates 10,000 lm white light output, no ANSI figure published)",https://files.support.epson.com/pdf/specs/specifications_ebpu2010series_en_r106.pdf,official,yes,https://files.support.epson.com/pdf/specs/specifications_ebpu2010series_en_r106.pdf,2026-10-09
Epson,EB-PU2010B,,"1920x1200 (WUXGA, 1.0in 3LCD)",Epson ELPL (PU/L-series bayonet),ELPLM08,1.06,1.69,,,"middle zoom #1; 3LCD laser; EB-PU2010W white twin; shift ±60% V / ±18% H; lumens_ansi was 10000 (Epson rates 10,000 lm white light output, no ANSI figure published)",https://files.support.epson.com/pdf/specs/specifications_ebpu2010series_en_r106.pdf,official,yes,https://files.support.epson.com/pdf/specs/specifications_ebpu2010series_en_r106.pdf,2026-10-09
Epson,EB-PU2010B,,"1920x1200 (WUXGA, 1.0in 3LCD)",Epson ELPL (PU/L-series bayonet),ELPLW06,1.19,1.62,±60%,±18%,"wide zoom #2; 3LCD laser; EB-PU2010W white twin; shift ±60% V / ±18% H; lumens_ansi was 10000 (Epson rates 10,000 lm white light output, no ANSI figure published)",https://files.support.epson.com/pdf/specs/specifications_ebpu2010series_en_r106.pdf,official,yes,https://files.support.epson.com/pdf/specs/specifications_ebpu2010series_en_r106.pdf,2026-10-09
Epson,EB-PU2010B,,"1920x1200 (WUXGA, 1.0in 3LCD)",Epson ELPL (PU/L-series bayonet),ELPLM15,1.57,2.56,±60%,±18%,"middle zoom #2, standard lens (also ELPLM09); 3LCD laser; EB-PU2010W white twin; shift ±60% V / ±18% H; lumens_ansi was 10000 (Epson rates 10,000 lm white light output, no ANSI figure published)",https://files.support.epson.com/pdf/specs/specifications_ebpu2010series_en_r106.pdf,official,yes,https://files.support.epson.com/pdf/specs/specifications_ebpu2010series_en_r106.pdf,2026-10-09
Epson,EB-PU2010B,,"1920x1200 (WUXGA, 1.0in 3LCD)",Epson ELPL (PU/L-series bayonet),ELPLM10,2.42,3.71,±60%,±18%,"middle zoom #3; 3LCD laser; EB-PU2010W white twin; shift ±60% V / ±18% H; lumens_ansi was 10000 (Epson rates 10,000 lm white light output, no ANSI figure published)",https://files.support.epson.com/pdf/specs/specifications_ebpu2010series_en_r106.pdf,official,yes,https://files.support.epson.com/pdf/specs/specifications_ebpu2010series_en_r106.pdf,2026-10-09
Epson,EB-PU2010B,,"1920x1200 (WUXGA, 1.0in 3LCD)",Epson ELPL (PU/L-series bayonet),ELPLM11,3.54,5.41,±60%,±18%,"middle zoom #4; 3LCD laser; EB-PU2010W white twin; shift ±60% V / ±18% H; lumens_ansi was 10000 (Epson rates 10,000 lm white light output, no ANSI figure published)",https://files.support.epson.com/pdf/specs/specifications_ebpu2010series_en_r106.pdf,official,yes,https://files.support.epson.com/pdf/specs/specifications_ebpu2010series_en_r106.pdf,2026-10-09
Epson,EB-PU2010B,,"1920x1200 (WUXGA, 1.0in 3LCD)",Epson ELPL (PU/L-series bayonet),ELPLL08,5.27,7.41,±60%,±18%,"long zoom; 3LCD laser; EB-PU2010W white twin; shift ±60% V / ±18% H; lumens_ansi was 10000 (Epson rates 10,000 lm white light output, no ANSI figure published)",https://files.support.epson.com/pdf/specs/specifications_ebpu2010series_en_r106.pdf,official,yes,https://files.support.epson.com/pdf/specs/specifications_ebpu2010series_en_r106.pdf,2026-10-09
Epson,EB-PU2010W,,"1920x1200 (WUXGA, 1.0in 3LCD)",Epson ELPL (PU/L-series bayonet),ELPLX02S,0.35,0.35,,,"white-body twin of EB-PU2010B (listed together in Epson spec); UST zero-offset (also ELPLX02/X02W/X02WS); shift shown only as diagram; 3LCD laser; shift ±60% V / ±18% H; Epson rates 10,000 lm white light output, no ANSI figure published",https://files.support.epson.com/pdf/specs/specifications_ebpu2010series_en_r106.pdf,official,yes,https://files.support.epson.com/pdf/specs/specifications_ebpu2010series_en_r106.pdf,2026-10-09
Epson,EB-PU2010W,,"1920x1200 (WUXGA, 1.0in 3LCD)",Epson ELPL (PU/L-series bayonet),ELPLU03S,0.48,0.57,,,"white-body twin of EB-PU2010B (listed together in Epson spec); short zoom #1 (also ELPLU03); 3LCD laser; shift ±60% V / ±18% H; Epson rates 10,000 lm white light output, no ANSI figure published",https://files.support.epson.com/pdf/specs/specifications_ebpu2010series_en_r106.pdf,official,yes,https://files.support.epson.com/pdf/specs/specifications_ebpu2010series_en_r106.pdf,2026-10-09
Epson,EB-PU2010W,,"1920x1200 (WUXGA, 1.0in 3LCD)",Epson ELPL (PU/L-series bayonet),ELPLU04,0.64,0.77,±60%,±18%,"white-body twin of EB-PU2010B (listed together in Epson spec); short zoom #2; 3LCD laser; shift ±60% V / ±18% H; Epson rates 10,000 lm white light output, no ANSI figure published",https://files.support.epson.com/pdf/specs/specifications_ebpu2010series_en_r106.pdf,official,yes,https://files.support.epson.com/pdf/specs/specifications_ebpu2010series_en_r106.pdf,2026-10-09
Epson,EB-PU2010W,,"1920x1200 (WUXGA, 1.0in 3LCD)",Epson ELPL (PU/L-series bayonet),ELPLR04,0.70,0.70,,,"white-body twin of EB-PU2010B (listed together in Epson spec); rear-projection mirror lens; 3LCD laser; shift ±60% V / ±18% H; Epson rates 10,000 lm white light output, no ANSI figure published",https://files.support.epson.com/pdf/specs/specifications_ebpu2010series_en_r106.pdf,official,yes,https://files.support.epson.com/pdf/specs/specifications_ebpu2010series_en_r106.pdf,2026-10-09
Epson,EB-PU2010W,,"1920x1200 (WUXGA, 1.0in 3LCD)",Epson ELPL (PU/L-series bayonet),ELPLW05,0.77,1.07,,,"white-body twin of EB-PU2010B (listed together in Epson spec); wide zoom #1; 3LCD laser; shift ±60% V / ±18% H; Epson rates 10,000 lm white light output, no ANSI figure published",https://files.support.epson.com/pdf/specs/specifications_ebpu2010series_en_r106.pdf,official,yes,https://files.support.epson.com/pdf/specs/specifications_ebpu2010series_en_r106.pdf,2026-10-09
Epson,EB-PU2010W,,"1920x1200 (WUXGA, 1.0in 3LCD)",Epson ELPL (PU/L-series bayonet),ELPLW08,0.86,1.21,±60%,±18%,"white-body twin of EB-PU2010B (listed together in Epson spec); wide zoom #3; 3LCD laser; shift ±60% V / ±18% H; Epson rates 10,000 lm white light output, no ANSI figure published",https://files.support.epson.com/pdf/specs/specifications_ebpu2010series_en_r106.pdf,official,yes,https://files.support.epson.com/pdf/specs/specifications_ebpu2010series_en_r106.pdf,2026-10-09
Epson,EB-PU2010W,,"1920x1200 (WUXGA, 1.0in 3LCD)",Epson ELPL (PU/L-series bayonet),ELPLM08,1.06,1.69,,,"white-body twin of EB-PU2010B (listed together in Epson spec); middle zoom #1; 3LCD laser; shift ±60% V / ±18% H; Epson rates 10,000 lm white light output, no ANSI figure published",https://files.support.epson.com/pdf/specs/specifications_ebpu2010series_en_r106.pdf,official,yes,https://files.support.epson.com/pdf/specs/specifications_ebpu2010series_en_r106.pdf,2026-10-09
Epson,EB-PU2010W,,"1920x1200 (WUXGA, 1.0in 3LCD)",Epson ELPL (PU/L-series bayonet),ELPLW06,1.19,1.62,±60%,±18%,"white-body twin of EB-PU2010B (listed together in Epson spec); wide zoom #2; 3LCD laser; shift ±60% V / ±18% H; Epson rates 10,000 lm white light output, no ANSI figure published",https://files.support.epson.com/pdf/specs/specifications_ebpu2010series_en_r106.pdf,official,yes,https://files.support.epson.com/pdf/specs/specifications_ebpu2010series_en_r106.pdf,2026-10-09
Epson,EB-PU2010W,,"1920x1200 (WUXGA, 1.0in 3LCD)",Epson ELPL (PU/L-series bayonet),ELPLM15,1.57,2.56,±60%,±18%,"white-body twin of EB-PU2010B (listed together in Epson spec); middle zoom #2, standard lens (also ELPLM09); 3LCD laser; shift ±60% V / ±18% H; Epson rates 10,000 lm white light output, no ANSI figure published",https://files.support.epson.com/pdf/specs/specifications_ebpu2010series_en_r106.pdf,official,yes,https://files.support.epson.com/pdf/specs/specifications_ebpu2010series_en_r106.pdf,2026-10-09
Epson,EB-PU2010W,,"1920x1200 (WUXGA, 1.0in 3LCD)",Epson ELPL (PU/L-series bayonet),ELPLM10,2.42,3.71,±60%,±18%,"white-body twin of EB-PU2010B (listed together in Epson spec); middle zoom #3; 3LCD laser; shift ±60% V / ±18% H; Epson rates 10,000 lm white light output, no ANSI figure published",https://files.support.epson.com/pdf/specs/specifications_ebpu2010series_en_r106.pdf,official,yes,https://files.support.epson.com/pdf/specs/specifications_ebpu2010series_en_r106.pdf,2026-10-09
Epson,EB-PU2010W,,"1920x1200 (WUXGA, 1.0in 3LCD)",Epson ELPL (PU/L-series bayonet),ELPLM11,3.54,5.41,±60%,±18%,"white-body twin of EB-PU2010B (listed together in Epson spec); middle zoom #4; 3LCD laser; shift ±60% V / ±18% H; Epson rates 10,000 lm white light output, no ANSI figure published",https://files.support.epson.com/pdf/specs/specifications_ebpu2010series_en_r106.pdf,official,yes,https://files.support.epson.com/pdf/specs/specifications_ebpu2010series_en_r106.pdf,2026-10-09
Epson,EB-PU2010W,,"1920x1200 (WUXGA, 1.0in 3LCD)",Epson ELPL (PU/L-series bayonet),ELPLL08,5.27,7.41,±60%,±18%,"white-body twin of EB-PU2010B (listed together in Epson spec); long zoom; 3LCD laser; shift ±60% V / ±18% H; Epson rates 10,000 lm white light output, no ANSI figure published",https://files.support.epson.com/pdf/specs/specifications_ebpu2010series_en_r106.pdf,official,yes,https://files.support.epson.com/pdf/specs/specifications_ebpu2010series_en_r106.pdf,2026-10-09
Epson,EB-PU2113W,,"1920x1200 (WUXGA, 1.0in 3LCD)",Epson ELPL (PU/L-series bayonet),ELPLX02S,0.35,0.35,,,"white-body twin of EB-PU2213B (listed together in Epson spec); UST zero-offset (also ELPLX02/X02W/X02WS); shift shown only as diagram; 3LCD laser; Epson rates 13,000 lm white light output, no ANSI figure published",https://www2.epson.jp/support/manual/data/elp/setup/specifications_ebpu2220series_ja_rev04.pdf,official,yes,https://www2.epson.jp/support/manual/data/elp/setup/specifications_ebpu2220series_ja_rev04.pdf,2026-10-09
Epson,EB-PU2113W,,"1920x1200 (WUXGA, 1.0in 3LCD)",Epson ELPL (PU/L-series bayonet),ELPLU03S,0.48,0.57,V x 24%,,"white-body twin of EB-PU2213B (listed together in Epson spec); short zoom #1 (also ELPLU03); limited shift lens: Epson gives max vertical travel V x 24%; 3LCD laser; Epson rates 13,000 lm white light output, no ANSI figure published",https://www2.epson.jp/support/manual/data/elp/setup/specifications_ebpu2220series_ja_rev04.pdf,official,yes,https://www2.epson.jp/support/manual/data/elp/setup/specifications_ebpu2220series_ja_rev04.pdf,2026-10-09
Epson,EB-PU2113W,,"1920x1200 (WUXGA, 1.0in 3LCD)",Epson ELPL (PU/L-series bayonet),ELPLU04,0.64,0.77,±60%,±18%,"white-body twin of EB-PU2213B (listed together in Epson spec); short zoom #2; 3LCD laser; Epson rates 13,000 lm white light output, no ANSI figure published",https://www2.epson.jp/support/manual/data/elp/setup/specifications_ebpu2220series_ja_rev04.pdf,official,yes,https://www2.epson.jp/support/manual/data/elp/setup/specifications_ebpu2220series_ja_rev04.pdf,2026-10-09
Epson,EB-PU2113W,,"1920x1200 (WUXGA, 1.0in 3LCD)",Epson ELPL (PU/L-series bayonet),ELPLW05,0.77,1.07,V x 24%,,"white-body twin of EB-PU2213B (listed together in Epson spec); wide zoom #1; limited shift lens: Epson gives max vertical travel V x 24%; 3LCD laser; Epson rates 13,000 lm white light output, no ANSI figure published",https://www2.epson.jp/support/manual/data/elp/setup/specifications_ebpu2220series_ja_rev04.pdf,official,yes,https://www2.epson.jp/support/manual/data/elp/setup/specifications_ebpu2220series_ja_rev04.pdf,2026-10-09
Epson,EB-PU2113W,,"1920x1200 (WUXGA, 1.0in 3LCD)",Epson ELPL (PU/L-series bayonet),ELPLW08,0.86,1.21,±60%,±18%,"white-body twin of EB-PU2213B (listed together in Epson spec); wide zoom #3; 3LCD laser; Epson rates 13,000 lm white light output, no ANSI figure published",https://www2.epson.jp/support/manual/data/elp/setup/specifications_ebpu2220series_ja_rev04.pdf,official,yes,https://www2.epson.jp/support/manual/data/elp/setup/specifications_ebpu2220series_ja_rev04.pdf,2026-10-09
Epson,EB-PU2113W,,"1920x1200 (WUXGA, 1.0in 3LCD)",Epson ELPL (PU/L-series bayonet),ELPLM08,1.06,1.69,V x 24%,,"white-body twin of EB-PU2213B (listed together in Epson spec); middle zoom #1; limited shift lens: Epson gives max vertical travel V x 24%; 3LCD laser; Epson rates 13,000 lm white light output, no ANSI figure published",https://www2.epson.jp/support/manual/data/elp/setup/specifications_ebpu2220series_ja_rev04.pdf,official,yes,https://www2.epson.jp/support/manual/data/elp/setup/specifications_ebpu2220series_ja_rev04.pdf,2026-10-09
Epson,EB-PU2113W,,"1920x1200 (WUXGA, 1.0in 3LCD)",Epson ELPL (PU/L-series bayonet),ELPLW06,1.19,1.62,±60%,±18%,"white-body twin of EB-PU2213B (listed together in Epson spec); wide zoom #2; 3LCD laser; Epson rates 13,000 lm white light output, no ANSI figure published",https://www2.epson.jp/support/manual/data/elp/setup/specifications_ebpu2220series_ja_rev04.pdf,official,yes,https://www2.epson.jp/support/manual/data/elp/setup/specifications_ebpu2220series_ja_rev04.pdf,2026-10-09
Epson,EB-PU2113W,,"1920x1200 (WUXGA, 1.0in 3LCD)",Epson ELPL (PU/L-series bayonet),ELPLM15,1.57,2.56,±60%,±18%,"white-body twin of EB-PU2213B (listed together in Epson spec); middle zoom #2, standard lens (also ELPLM09); 3LCD laser; Epson rates 13,000 lm white light output, no ANSI figure published",https://www2.epson.jp/support/manual/data/elp/setup/specifications_ebpu2220series_ja_rev04.pdf,official,yes,https://www2.epson.jp/support/manual/data/elp/setup/specifications_ebpu2220series_ja_rev04.pdf,2026-10-09
Epson,EB-PU2113W,,"1920x1200 (WUXGA, 1.0in 3LCD)",Epson ELPL (PU/L-series bayonet),ELPLM10,2.42,3.71,±60%,±18%,"white-body twin of EB-PU2213B (listed together in Epson spec); middle zoom #3; 3LCD laser; Epson rates 13,000 lm white light output, no ANSI figure published",https://www2.epson.jp/support/manual/data/elp/setup/specifications_ebpu2220series_ja_rev04.pdf,official,yes,https://www2.epson.jp/support/manual/data/elp/setup/specifications_ebpu2220series_ja_rev04.pdf,2026-10-09
Epson,EB-PU2113W,,"1920x1200 (WUXGA, 1.0in 3LCD)",Epson ELPL (PU/L-series bayonet),ELPLM11,3.54,5.41,±60%,±18%,"white-body twin of EB-PU2213B (listed together in Epson spec); middle zoom #4; 3LCD laser; Epson rates 13,000 lm white light output, no ANSI figure published",https://www2.epson.jp/support/manual/data/elp/setup/specifications_ebpu2220series_ja_rev04.pdf,official,yes,https://www2.epson.jp/support/manual/data/elp/setup/specifications_ebpu2220series_ja_rev04.pdf,2026-10-09
Epson,EB-PU2113W,,"1920x1200 (WUXGA, 1.0in 3LCD)",Epson ELPL (PU/L-series bayonet),ELPLL08,5.27,7.41,±60%,±18%,"white-body twin of EB-PU2213B (listed together in Epson spec); long zoom; 3LCD laser; Epson rates 13,000 lm white light output, no ANSI figure published",https://www2.epson.jp/support/manual/data/elp/setup/specifications_ebpu2220series_ja_rev04.pdf,official,yes,https://www2.epson.jp/support/manual/data/elp/setup/specifications_ebpu2220series_ja_rev04.pdf,2026-10-09
Epson,EB-PU2116W,,"1920x1200 (WUXGA, 1.0in 3LCD)",Epson ELPL (PU/L-series bayonet),ELPLX02S,0.35,0.35,,,"white-body twin of EB-PU2216B (listed together in Epson spec); UST zero-offset (also ELPLX02/X02W/X02WS); shift shown only as diagram; 3LCD laser; Epson rates 16,000 lm white light output, no ANSI figure published",https://www2.epson.jp/support/manual/data/elp/setup/specifications_ebpu2220series_ja_rev04.pdf,official,yes,https://www2.epson.jp/support/manual/data/elp/setup/specifications_ebpu2220series_ja_rev04.pdf,2026-10-09
Epson,EB-PU2116W,,"1920x1200 (WUXGA, 1.0in 3LCD)",Epson ELPL (PU/L-series bayonet),ELPLU03S,0.48,0.57,V x 24%,,"white-body twin of EB-PU2216B (listed together in Epson spec); short zoom #1 (also ELPLU03); limited shift lens: Epson gives max vertical travel V x 24%; 3LCD laser; Epson rates 16,000 lm white light output, no ANSI figure published",https://www2.epson.jp/support/manual/data/elp/setup/specifications_ebpu2220series_ja_rev04.pdf,official,yes,https://www2.epson.jp/support/manual/data/elp/setup/specifications_ebpu2220series_ja_rev04.pdf,2026-10-09
Epson,EB-PU2116W,,"1920x1200 (WUXGA, 1.0in 3LCD)",Epson ELPL (PU/L-series bayonet),ELPLU04,0.64,0.77,±60%,±18%,"white-body twin of EB-PU2216B (listed together in Epson spec); short zoom #2; 3LCD laser; Epson rates 16,000 lm white light output, no ANSI figure published",https://www2.epson.jp/support/manual/data/elp/setup/specifications_ebpu2220series_ja_rev04.pdf,official,yes,https://www2.epson.jp/support/manual/data/elp/setup/specifications_ebpu2220series_ja_rev04.pdf,2026-10-09
Epson,EB-PU2116W,,"1920x1200 (WUXGA, 1.0in 3LCD)",Epson ELPL (PU/L-series bayonet),ELPLW05,0.77,1.07,V x 24%,,"white-body twin of EB-PU2216B (listed together in Epson spec); wide zoom #1; limited shift lens: Epson gives max vertical travel V x 24%; 3LCD laser; Epson rates 16,000 lm white light output, no ANSI figure published",https://www2.epson.jp/support/manual/data/elp/setup/specifications_ebpu2220series_ja_rev04.pdf,official,yes,https://www2.epson.jp/support/manual/data/elp/setup/specifications_ebpu2220series_ja_rev04.pdf,2026-10-09
Epson,EB-PU2116W,,"1920x1200 (WUXGA, 1.0in 3LCD)",Epson ELPL (PU/L-series bayonet),ELPLW08,0.86,1.21,±60%,±18%,"white-body twin of EB-PU2216B (listed together in Epson spec); wide zoom #3; 3LCD laser; Epson rates 16,000 lm white light output, no ANSI figure published",https://www2.epson.jp/support/manual/data/elp/setup/specifications_ebpu2220series_ja_rev04.pdf,official,yes,https://www2.epson.jp/support/manual/data/elp/setup/specifications_ebpu2220series_ja_rev04.pdf,2026-10-09
Epson,EB-PU2116W,,"1920x1200 (WUXGA, 1.0in 3LCD)",Epson ELPL (PU/L-series bayonet),ELPLM08,1.06,1.69,V x 24%,,"white-body twin of EB-PU2216B (listed together in Epson spec); middle zoom #1; limited shift lens: Epson gives max vertical travel V x 24%; 3LCD laser; Epson rates 16,000 lm white light output, no ANSI figure published",https://www2.epson.jp/support/manual/data/elp/setup/specifications_ebpu2220series_ja_rev04.pdf,official,yes,https://www2.epson.jp/support/manual/data/elp/setup/specifications_ebpu2220series_ja_rev04.pdf,2026-10-09
Epson,EB-PU2116W,,"1920x1200 (WUXGA, 1.0in 3LCD)",Epson ELPL (PU/L-series bayonet),ELPLW06,1.19,1.62,±60%,±18%,"white-body twin of EB-PU2216B (listed together in Epson spec); wide zoom #2; 3LCD laser; Epson rates 16,000 lm white light output, no ANSI figure published",https://www2.epson.jp/support/manual/data/elp/setup/specifications_ebpu2220series_ja_rev04.pdf,official,yes,https://www2.epson.jp/support/manual/data/elp/setup/specifications_ebpu2220series_ja_rev04.pdf,2026-10-09
Epson,EB-PU2116W,,"1920x1200 (WUXGA, 1.0in 3LCD)",Epson ELPL (PU/L-series bayonet),ELPLM15,1.57,2.56,±60%,±18%,"white-body twin of EB-PU2216B (listed together in Epson spec); middle zoom #2, standard lens (also ELPLM09); 3LCD laser; Epson rates 16,000 lm white light output, no ANSI figure published",https://www2.epson.jp/support/manual/data/elp/setup/specifications_ebpu2220series_ja_rev04.pdf,official,yes,https://www2.epson.jp/support/manual/data/elp/setup/specifications_ebpu2220series_ja_rev04.pdf,2026-10-09
Epson,EB-PU2116W,,"1920x1200 (WUXGA, 1.0in 3LCD)",Epson ELPL (PU/L-series bayonet),ELPLM10,2.42,3.71,±60%,±18%,"white-body twin of EB-PU2216B (listed together in Epson spec); middle zoom #3; 3LCD laser; Epson rates 16,000 lm white light output, no ANSI figure published",https://www2.epson.jp/support/manual/data/elp/setup/specifications_ebpu2220series_ja_rev04.pdf,official,yes,https://www2.epson.jp/support/manual/data/elp/setup/specifications_ebpu2220series_ja_rev04.pdf,2026-10-09
Epson,EB-PU2116W,,"1920x1200 (WUXGA, 1.0in 3LCD)",Epson ELPL (PU/L-series bayonet),ELPLM11,3.54,5.41,±60%,±18%,"white-body twin of EB-PU2216B (listed together in Epson spec); middle zoom #4; 3LCD laser; Epson rates 16,000 lm white light output, no ANSI figure published",https://www2.epson.jp/support/manual/data/elp/setup/specifications_ebpu2220series_ja_rev04.pdf,official,yes,https://www2.epson.jp/support/manual/data/elp/setup/specifications_ebpu2220series_ja_rev04.pdf,2026-10-09
Epson,EB-PU2116W,,"1920x1200 (WUXGA, 1.0in 3LCD)",Epson ELPL (PU/L-series bayonet),ELPLL08,5.27,7.41,±60%,±18%,"white-body twin of EB-PU2216B (listed together in Epson spec); long zoom; 3LCD laser; Epson rates 16,000 lm white light output, no ANSI figure published",https://www2.epson.jp/support/manual/data/elp/setup/specifications_ebpu2220series_ja_rev04.pdf,official,yes,https://www2.epson.jp/support/manual/data/elp/setup/specifications_ebpu2220series_ja_rev04.pdf,2026-10-09
Epson,EB-PU2120W,,"1920x1200 (WUXGA, 1.0in 3LCD)",Epson ELPL (PU/L-series bayonet),ELPLX02S,0.35,0.35,,,"white-body twin of EB-PU2220B (listed together in Epson spec); UST zero-offset (also ELPLX02/X02W/X02WS); shift shown only as diagram; 3LCD laser; shift max ±60% V / ±18% H (H at max V x 32%); Epson rates 20,000 lm white light output, no ANSI figure published",https://www2.epson.jp/support/manual/data/elp/setup/specifications_ebpu2220series_ja_rev04.pdf,official,yes,https://www2.epson.jp/support/manual/data/elp/setup/specifications_ebpu2220series_ja_rev04.pdf,2026-10-09
Epson,EB-PU2120W,,"1920x1200 (WUXGA, 1.0in 3LCD)",Epson ELPL (PU/L-series bayonet),ELPLU03S,0.48,0.57,V x 24%,,"white-body twin of EB-PU2220B (listed together in Epson spec); short zoom #1 (also ELPLU03); limited shift lens: Epson gives max vertical travel V x 24%; 3LCD laser; shift max ±60% V / ±18% H (H at max V x 32%); Epson rates 20,000 lm white light output, no ANSI figure published",https://www2.epson.jp/support/manual/data/elp/setup/specifications_ebpu2220series_ja_rev04.pdf,official,yes,https://www2.epson.jp/support/manual/data/elp/setup/specifications_ebpu2220series_ja_rev04.pdf,2026-10-09
Epson,EB-PU2120W,,"1920x1200 (WUXGA, 1.0in 3LCD)",Epson ELPL (PU/L-series bayonet),ELPLU04,0.64,0.77,±60%,±18%,"white-body twin of EB-PU2220B (listed together in Epson spec); short zoom #2; 3LCD laser; shift max ±60% V / ±18% H (H at max V x 32%); Epson rates 20,000 lm white light output, no ANSI figure published",https://www2.epson.jp/support/manual/data/elp/setup/specifications_ebpu2220series_ja_rev04.pdf,official,yes,https://www2.epson.jp/support/manual/data/elp/setup/specifications_ebpu2220series_ja_rev04.pdf,2026-10-09
Epson,EB-PU2120W,,"1920x1200 (WUXGA, 1.0in 3LCD)",Epson ELPL (PU/L-series bayonet),ELPLW05,0.77,1.07,V x 24%,,"white-body twin of EB-PU2220B (listed together in Epson spec); wide zoom #1; limited shift lens: Epson gives max vertical travel V x 24%; 3LCD laser; shift max ±60% V / ±18% H (H at max V x 32%); Epson rates 20,000 lm white light output, no ANSI figure published",https://www2.epson.jp/support/manual/data/elp/setup/specifications_ebpu2220series_ja_rev04.pdf,official,yes,https://www2.epson.jp/support/manual/data/elp/setup/specifications_ebpu2220series_ja_rev04.pdf,2026-10-09
Epson,EB-PU2120W,,"1920x1200 (WUXGA, 1.0in 3LCD)",Epson ELPL (PU/L-series bayonet),ELPLW08,0.86,1.21,±60%,±18%,"white-body twin of EB-PU2220B (listed together in Epson spec); wide zoom #3; 3LCD laser; shift max ±60% V / ±18% H (H at max V x 32%); Epson rates 20,000 lm white light output, no ANSI figure published",https://www2.epson.jp/support/manual/data/elp/setup/specifications_ebpu2220series_ja_rev04.pdf,official,yes,https://www2.epson.jp/support/manual/data/elp/setup/specifications_ebpu2220series_ja_rev04.pdf,2026-10-09
Epson,EB-PU2120W,,"1920x1200 (WUXGA, 1.0in 3LCD)",Epson ELPL (PU/L-series bayonet),ELPLM08,1.06,1.69,V x 24%,,"white-body twin of EB-PU2220B (listed together in Epson spec); middle zoom #1; limited shift lens: Epson gives max vertical travel V x 24%; 3LCD laser; shift max ±60% V / ±18% H (H at max V x 32%); Epson rates 20,000 lm white light output, no ANSI figure published",https://www2.epson.jp/support/manual/data/elp/setup/specifications_ebpu2220series_ja_rev04.pdf,official,yes,https://www2.epson.jp/support/manual/data/elp/setup/specifications_ebpu2220series_ja_rev04.pdf,2026-10-09
Epson,EB-PU2120W,,"1920x1200 (WUXGA, 1.0in 3LCD)",Epson ELPL (PU/L-series bayonet),ELPLW06,1.19,1.62,±60%,±18%,"white-body twin of EB-PU2220B (listed together in Epson spec); wide zoom #2; 3LCD laser; shift max ±60% V / ±18% H (H at max V x 32%); Epson rates 20,000 lm white light output, no ANSI figure published",https://www2.epson.jp/support/manual/data/elp/setup/specifications_ebpu2220series_ja_rev04.pdf,official,yes,https://www2.epson.jp/support/manual/data/elp/setup/specifications_ebpu2220series_ja_rev04.pdf,2026-10-09
Epson,EB-PU2120W,,"1920x1200 (WUXGA, 1.0in 3LCD)",Epson ELPL (PU/L-series bayonet),ELPLM15,1.57,2.56,±60%,±18%,"white-body twin of EB-PU2220B (listed together in Epson spec); middle zoom #2, standard lens (also ELPLM09); 3LCD laser; shift max ±60% V / ±18% H (H at max V x 32%); Epson rates 20,000 lm white light output, no ANSI figure published",https://www2.epson.jp/support/manual/data/elp/setup/specifications_ebpu2220series_ja_rev04.pdf,official,yes,https://www2.epson.jp/support/manual/data/elp/setup/specifications_ebpu2220series_ja_rev04.pdf,2026-10-09
Epson,EB-PU2120W,,"1920x1200 (WUXGA, 1.0in 3LCD)",Epson ELPL (PU/L-series bayonet),ELPLM10,2.42,3.71,±60%,±18%,"white-body twin of EB-PU2220B (listed together in Epson spec); middle zoom #3; 3LCD laser; shift max ±60% V / ±18% H (H at max V x 32%); Epson rates 20,000 lm white light output, no ANSI figure published",https://www2.epson.jp/support/manual/data/elp/setup/specifications_ebpu2220series_ja_rev04.pdf,official,yes,https://www2.epson.jp/support/manual/data/elp/setup/specifications_ebpu2220series_ja_rev04.pdf,2026-10-09
Epson,EB-PU2120W,,"1920x1200 (WUXGA, 1.0in 3LCD)",Epson ELPL (PU/L-series bayonet),ELPLM11,3.54,5.41,±60%,±18%,"white-body twin of EB-PU2220B (listed together in Epson spec); middle zoom #4; 3LCD laser; shift max ±60% V / ±18% H (H at max V x 32%); Epson rates 20,000 lm white light output, no ANSI figure published",https://www2.epson.jp/support/manual/data/elp/setup/specifications_ebpu2220series_ja_rev04.pdf,official,yes,https://www2.epson.jp/support/manual/data/elp/setup/specifications_ebpu2220series_ja_rev04.pdf,2026-10-09
Epson,EB-PU2120W,,"1920x1200 (WUXGA, 1.0in 3LCD)",Epson ELPL (PU/L-series bayonet),ELPLL08,5.27,7.41,±60%,±18%,"white-body twin of EB-PU2220B (listed together in Epson spec); long zoom; 3LCD laser; shift max ±60% V / ±18% H (H at max V x 32%); Epson rates 20,000 lm white light output, no ANSI figure published",https://www2.epson.jp/support/manual/data/elp/setup/specifications_ebpu2220series_ja_rev04.pdf,official,yes,https://www2.epson.jp/support/manual/data/elp/setup/specifications_ebpu2220series_ja_rev04.pdf,2026-10-09
Epson,EB-PU2213B,,"1920x1200 (WUXGA, 1.0in 3LCD)",Epson ELPL (PU/L-series bayonet),ELPLX02S,0.35,0.35,,,"UST zero-offset (also ELPLX02/X02W/X02WS); shift shown only as diagram; 3LCD laser; EB-PU2113W white twin; lumens_ansi was 13000 (Epson rates 13,000 lm white light output, no ANSI figure published)",https://www2.epson.jp/support/manual/data/elp/setup/specifications_ebpu2220series_ja_rev04.pdf,official,yes,https://www2.epson.jp/support/manual/data/elp/setup/specifications_ebpu2220series_ja_rev04.pdf,2026-10-09
Epson,EB-PU2213B,,"1920x1200 (WUXGA, 1.0in 3LCD)",Epson ELPL (PU/L-series bayonet),ELPLU03S,0.48,0.57,V x 24%,,"short zoom #1 (also ELPLU03); limited shift lens: Epson gives max vertical travel V x 24%; 3LCD laser; EB-PU2113W white twin; lumens_ansi was 13000 (Epson rates 13,000 lm white light output, no ANSI figure published); shift_h was 0% (spec PDF's 'V x 0%' is the vertical travel left at maximum horizontal shift, not a horizontal limit, horizontal limit not stated numerically)",https://www2.epson.jp/support/manual/data/elp/setup/specifications_ebpu2220series_ja_rev04.pdf,official,yes,https://www2.epson.jp/support/manual/data/elp/setup/specifications_ebpu2220series_ja_rev04.pdf,2026-10-09
Epson,EB-PU2213B,,"1920x1200 (WUXGA, 1.0in 3LCD)",Epson ELPL (PU/L-series bayonet),ELPLU04,0.64,0.77,±60%,±18%,"short zoom #2; 3LCD laser; EB-PU2113W white twin; lumens_ansi was 13000 (Epson rates 13,000 lm white light output, no ANSI figure published)",https://www2.epson.jp/support/manual/data/elp/setup/specifications_ebpu2220series_ja_rev04.pdf,official,yes,https://www2.epson.jp/support/manual/data/elp/setup/specifications_ebpu2220series_ja_rev04.pdf,2026-10-09
Epson,EB-PU2213B,,"1920x1200 (WUXGA, 1.0in 3LCD)",Epson ELPL (PU/L-series bayonet),ELPLW05,0.77,1.07,V x 24%,,"wide zoom #1; limited shift lens: Epson gives max vertical travel V x 24%; 3LCD laser; EB-PU2113W white twin; lumens_ansi was 13000 (Epson rates 13,000 lm white light output, no ANSI figure published); shift_h was 0% (spec PDF's 'V x 0%' is the vertical travel left at maximum horizontal shift, not a horizontal limit, horizontal limit not stated numerically)",https://www2.epson.jp/support/manual/data/elp/setup/specifications_ebpu2220series_ja_rev04.pdf,official,yes,https://www2.epson.jp/support/manual/data/elp/setup/specifications_ebpu2220series_ja_rev04.pdf,2026-10-09
Epson,EB-PU2213B,,"1920x1200 (WUXGA, 1.0in 3LCD)",Epson ELPL (PU/L-series bayonet),ELPLW08,0.86,1.21,±60%,±18%,"wide zoom #3; 3LCD laser; EB-PU2113W white twin; lumens_ansi was 13000 (Epson rates 13,000 lm white light output, no ANSI figure published)",https://www2.epson.jp/support/manual/data/elp/setup/specifications_ebpu2220series_ja_rev04.pdf,official,yes,https://www2.epson.jp/support/manual/data/elp/setup/specifications_ebpu2220series_ja_rev04.pdf,2026-10-09
Epson,EB-PU2213B,,"1920x1200 (WUXGA, 1.0in 3LCD)",Epson ELPL (PU/L-series bayonet),ELPLM08,1.06,1.69,V x 24%,,"middle zoom #1; limited shift lens: Epson gives max vertical travel V x 24%; 3LCD laser; EB-PU2113W white twin; lumens_ansi was 13000 (Epson rates 13,000 lm white light output, no ANSI figure published); shift_h was 0% (spec PDF's 'V x 0%' is the vertical travel left at maximum horizontal shift, not a horizontal limit, horizontal limit not stated numerically)",https://www2.epson.jp/support/manual/data/elp/setup/specifications_ebpu2220series_ja_rev04.pdf,official,yes,https://www2.epson.jp/support/manual/data/elp/setup/specifications_ebpu2220series_ja_rev04.pdf,2026-10-09
Epson,EB-PU2213B,,"1920x1200 (WUXGA, 1.0in 3LCD)",Epson ELPL (PU/L-series bayonet),ELPLW06,1.19,1.62,±60%,±18%,"wide zoom #2; 3LCD laser; EB-PU2113W white twin; lumens_ansi was 13000 (Epson rates 13,000 lm white light output, no ANSI figure published)",https://www2.epson.jp/support/manual/data/elp/setup/specifications_ebpu2220series_ja_rev04.pdf,official,yes,https://www2.epson.jp/support/manual/data/elp/setup/specifications_ebpu2220series_ja_rev04.pdf,2026-10-09
Epson,EB-PU2213B,,"1920x1200 (WUXGA, 1.0in 3LCD)",Epson ELPL (PU/L-series bayonet),ELPLM15,1.57,2.56,±60%,±18%,"middle zoom #2, standard lens (also ELPLM09); 3LCD laser; EB-PU2113W white twin; lumens_ansi was 13000 (Epson rates 13,000 lm white light output, no ANSI figure published)",https://www2.epson.jp/support/manual/data/elp/setup/specifications_ebpu2220series_ja_rev04.pdf,official,yes,https://www2.epson.jp/support/manual/data/elp/setup/specifications_ebpu2220series_ja_rev04.pdf,2026-10-09
Epson,EB-PU2213B,,"1920x1200 (WUXGA, 1.0in 3LCD)",Epson ELPL (PU/L-series bayonet),ELPLM10,2.42,3.71,±60%,±18%,"middle zoom #3; 3LCD laser; EB-PU2113W white twin; lumens_ansi was 13000 (Epson rates 13,000 lm white light output, no ANSI figure published)",https://www2.epson.jp/support/manual/data/elp/setup/specifications_ebpu2220series_ja_rev04.pdf,official,yes,https://www2.epson.jp/support/manual/data/elp/setup/specifications_ebpu2220series_ja_rev04.pdf,2026-10-09
Epson,EB-PU2213B,,"1920x1200 (WUXGA, 1.0in 3LCD)",Epson ELPL (PU/L-series bayonet),ELPLM11,3.54,5.41,±60%,±18%,"middle zoom #4; 3LCD laser; EB-PU2113W white twin; lumens_ansi was 13000 (Epson rates 13,000 lm white light output, no ANSI figure published)",https://www2.epson.jp/support/manual/data/elp/setup/specifications_ebpu2220series_ja_rev04.pdf,official,yes,https://www2.epson.jp/support/manual/data/elp/setup/specifications_ebpu2220series_ja_rev04.pdf,2026-10-09
Epson,EB-PU2213B,,"1920x1200 (WUXGA, 1.0in 3LCD)",Epson ELPL (PU/L-series bayonet),ELPLL08,5.27,7.41,±60%,±18%,"long zoom; 3LCD laser; EB-PU2113W white twin; lumens_ansi was 13000 (Epson rates 13,000 lm white light output, no ANSI figure published)",https://www2.epson.jp/support/manual/data/elp/setup/specifications_ebpu2220series_ja_rev04.pdf,official,yes,https://www2.epson.jp/support/manual/data/elp/setup/specifications_ebpu2220series_ja_rev04.pdf,2026-10-09
Epson,EB-PU2216B,,"1920x1200 (WUXGA, 1.0in 3LCD)",Epson ELPL (PU/L-series bayonet),ELPLX02S,0.35,0.35,,,"UST zero-offset (also ELPLX02/X02W/X02WS); shift shown only as diagram; 3LCD laser; EB-PU2116W white twin; lumens_ansi was 16000 (Epson rates 16,000 lm white light output, no ANSI figure published)",https://www2.epson.jp/support/manual/data/elp/setup/specifications_ebpu2220series_ja_rev04.pdf,official,yes,https://www2.epson.jp/support/manual/data/elp/setup/specifications_ebpu2220series_ja_rev04.pdf,2026-10-09
Epson,EB-PU2216B,,"1920x1200 (WUXGA, 1.0in 3LCD)",Epson ELPL (PU/L-series bayonet),ELPLU03S,0.48,0.57,V x 24%,,"short zoom #1 (also ELPLU03); limited shift lens: Epson gives max vertical travel V x 24%; 3LCD laser; EB-PU2116W white twin; lumens_ansi was 16000 (Epson rates 16,000 lm white light output, no ANSI figure published); shift_h was 0% (spec PDF's 'V x 0%' is the vertical travel left at maximum horizontal shift, not a horizontal limit, horizontal limit not stated numerically)",https://www2.epson.jp/support/manual/data/elp/setup/specifications_ebpu2220series_ja_rev04.pdf,official,yes,https://www2.epson.jp/support/manual/data/elp/setup/specifications_ebpu2220series_ja_rev04.pdf,2026-10-09
Epson,EB-PU2216B,,"1920x1200 (WUXGA, 1.0in 3LCD)",Epson ELPL (PU/L-series bayonet),ELPLU04,0.64,0.77,±60%,±18%,"short zoom #2; 3LCD laser; EB-PU2116W white twin; lumens_ansi was 16000 (Epson rates 16,000 lm white light output, no ANSI figure published)",https://www2.epson.jp/support/manual/data/elp/setup/specifications_ebpu2220series_ja_rev04.pdf,official,yes,https://www2.epson.jp/support/manual/data/elp/setup/specifications_ebpu2220series_ja_rev04.pdf,2026-10-09
Epson,EB-PU2216B,,"1920x1200 (WUXGA, 1.0in 3LCD)",Epson ELPL (PU/L-series bayonet),ELPLW05,0.77,1.07,V x 24%,,"wide zoom #1; limited shift lens: Epson gives max vertical travel V x 24%; 3LCD laser; EB-PU2116W white twin; lumens_ansi was 16000 (Epson rates 16,000 lm white light output, no ANSI figure published); shift_h was 0% (spec PDF's 'V x 0%' is the vertical travel left at maximum horizontal shift, not a horizontal limit, horizontal limit not stated numerically)",https://www2.epson.jp/support/manual/data/elp/setup/specifications_ebpu2220series_ja_rev04.pdf,official,yes,https://www2.epson.jp/support/manual/data/elp/setup/specifications_ebpu2220series_ja_rev04.pdf,2026-10-09
Epson,EB-PU2216B,,"1920x1200 (WUXGA, 1.0in 3LCD)",Epson ELPL (PU/L-series bayonet),ELPLW08,0.86,1.21,±60%,±18%,"wide zoom #3; 3LCD laser; EB-PU2116W white twin; lumens_ansi was 16000 (Epson rates 16,000 lm white light output, no ANSI figure published)",https://www2.epson.jp/support/manual/data/elp/setup/specifications_ebpu2220series_ja_rev04.pdf,official,yes,https://www2.epson.jp/support/manual/data/elp/setup/specifications_ebpu2220series_ja_rev04.pdf,2026-10-09
Epson,EB-PU2216B,,"1920x1200 (WUXGA, 1.0in 3LCD)",Epson ELPL (PU/L-series bayonet),ELPLM08,1.06,1.69,V x 24%,,"middle zoom #1; limited shift lens: Epson gives max vertical travel V x 24%; 3LCD laser; EB-PU2116W white twin; lumens_ansi was 16000 (Epson rates 16,000 lm white light output, no ANSI figure published); shift_h was 0% (spec PDF's 'V x 0%' is the vertical travel left at maximum horizontal shift, not a horizontal limit, horizontal limit not stated numerically)",https://www2.epson.jp/support/manual/data/elp/setup/specifications_ebpu2220series_ja_rev04.pdf,official,yes,https://www2.epson.jp/support/manual/data/elp/setup/specifications_ebpu2220series_ja_rev04.pdf,2026-10-09
Epson,EB-PU2216B,,"1920x1200 (WUXGA, 1.0in 3LCD)",Epson ELPL (PU/L-series bayonet),ELPLW06,1.19,1.62,±60%,±18%,"wide zoom #2; 3LCD laser; EB-PU2116W white twin; lumens_ansi was 16000 (Epson rates 16,000 lm white light output, no ANSI figure published)",https://www2.epson.jp/support/manual/data/elp/setup/specifications_ebpu2220series_ja_rev04.pdf,official,yes,https://www2.epson.jp/support/manual/data/elp/setup/specifications_ebpu2220series_ja_rev04.pdf,2026-10-09
Epson,EB-PU2216B,,"1920x1200 (WUXGA, 1.0in 3LCD)",Epson ELPL (PU/L-series bayonet),ELPLM15,1.57,2.56,±60%,±18%,"middle zoom #2, standard lens (also ELPLM09); 3LCD laser; EB-PU2116W white twin; lumens_ansi was 16000 (Epson rates 16,000 lm white light output, no ANSI figure published)",https://www2.epson.jp/support/manual/data/elp/setup/specifications_ebpu2220series_ja_rev04.pdf,official,yes,https://www2.epson.jp/support/manual/data/elp/setup/specifications_ebpu2220series_ja_rev04.pdf,2026-10-09
Epson,EB-PU2216B,,"1920x1200 (WUXGA, 1.0in 3LCD)",Epson ELPL (PU/L-series bayonet),ELPLM10,2.42,3.71,±60%,±18%,"middle zoom #3; 3LCD laser; EB-PU2116W white twin; lumens_ansi was 16000 (Epson rates 16,000 lm white light output, no ANSI figure published)",https://www2.epson.jp/support/manual/data/elp/setup/specifications_ebpu2220series_ja_rev04.pdf,official,yes,https://www2.epson.jp/support/manual/data/elp/setup/specifications_ebpu2220series_ja_rev04.pdf,2026-10-09
Epson,EB-PU2216B,,"1920x1200 (WUXGA, 1.0in 3LCD)",Epson ELPL (PU/L-series bayonet),ELPLM11,3.54,5.41,±60%,±18%,"middle zoom #4; 3LCD laser; EB-PU2116W white twin; lumens_ansi was 16000 (Epson rates 16,000 lm white light output, no ANSI figure published)",https://www2.epson.jp/support/manual/data/elp/setup/specifications_ebpu2220series_ja_rev04.pdf,official,yes,https://www2.epson.jp/support/manual/data/elp/setup/specifications_ebpu2220series_ja_rev04.pdf,2026-10-09
Epson,EB-PU2216B,,"1920x1200 (WUXGA, 1.0in 3LCD)",Epson ELPL (PU/L-series bayonet),ELPLL08,5.27,7.41,±60%,±18%,"long zoom; 3LCD laser; EB-PU2116W white twin; lumens_ansi was 16000 (Epson rates 16,000 lm white light output, no ANSI figure published)",https://www2.epson.jp/support/manual/data/elp/setup/specifications_ebpu2220series_ja_rev04.pdf,official,yes,https://www2.epson.jp/support/manual/data/elp/setup/specifications_ebpu2220series_ja_rev04.pdf,2026-10-09
Epson,EB-PU2220B,,"1920x1200 (WUXGA, 1.0in 3LCD)",Epson ELPL (PU/L-series bayonet),ELPLX02S,0.35,0.35,,,"UST zero-offset (also ELPLX02/X02W/X02WS); shift shown only as diagram; 3LCD laser; EB-PU2120W is the white-body twin; shift max ±60% V / ±18% H (H at max V x 32%); lumens_ansi was 20000 (Epson rates 20,000 lm white light output, no ANSI figure published)",https://www2.epson.jp/support/manual/data/elp/setup/specifications_ebpu2220series_ja_rev04.pdf,official,yes,https://www2.epson.jp/support/manual/data/elp/setup/specifications_ebpu2220series_ja_rev04.pdf,2026-10-09
Epson,EB-PU2220B,,"1920x1200 (WUXGA, 1.0in 3LCD)",Epson ELPL (PU/L-series bayonet),ELPLU03S,0.48,0.57,V x 24%,,"short zoom #1 (also ELPLU03); limited shift lens: Epson gives max vertical travel V x 24%; 3LCD laser; EB-PU2120W is the white-body twin; shift max ±60% V / ±18% H (H at max V x 32%); lumens_ansi was 20000 (Epson rates 20,000 lm white light output, no ANSI figure published); shift_h was 0% (spec PDF's 'V x 0%' is the vertical travel left at maximum horizontal shift, not a horizontal limit, horizontal limit not stated numerically)",https://www2.epson.jp/support/manual/data/elp/setup/specifications_ebpu2220series_ja_rev04.pdf,official,yes,https://www2.epson.jp/support/manual/data/elp/setup/specifications_ebpu2220series_ja_rev04.pdf,2026-10-09
Epson,EB-PU2220B,,"1920x1200 (WUXGA, 1.0in 3LCD)",Epson ELPL (PU/L-series bayonet),ELPLU04,0.64,0.77,±60%,±18%,"short zoom #2; 3LCD laser; EB-PU2120W is the white-body twin; shift max ±60% V / ±18% H (H at max V x 32%); lumens_ansi was 20000 (Epson rates 20,000 lm white light output, no ANSI figure published)",https://www2.epson.jp/support/manual/data/elp/setup/specifications_ebpu2220series_ja_rev04.pdf,official,yes,https://www2.epson.jp/support/manual/data/elp/setup/specifications_ebpu2220series_ja_rev04.pdf,2026-10-09
Epson,EB-PU2220B,,"1920x1200 (WUXGA, 1.0in 3LCD)",Epson ELPL (PU/L-series bayonet),ELPLW05,0.77,1.07,V x 24%,,"wide zoom #1; limited shift lens: Epson gives max vertical travel V x 24%; 3LCD laser; EB-PU2120W is the white-body twin; shift max ±60% V / ±18% H (H at max V x 32%); lumens_ansi was 20000 (Epson rates 20,000 lm white light output, no ANSI figure published); shift_h was 0% (spec PDF's 'V x 0%' is the vertical travel left at maximum horizontal shift, not a horizontal limit, horizontal limit not stated numerically)",https://www2.epson.jp/support/manual/data/elp/setup/specifications_ebpu2220series_ja_rev04.pdf,official,yes,https://www2.epson.jp/support/manual/data/elp/setup/specifications_ebpu2220series_ja_rev04.pdf,2026-10-09
Epson,EB-PU2220B,,"1920x1200 (WUXGA, 1.0in 3LCD)",Epson ELPL (PU/L-series bayonet),ELPLW08,0.86,1.21,±60%,±18%,"wide zoom #3; 3LCD laser; EB-PU2120W is the white-body twin; shift max ±60% V / ±18% H (H at max V x 32%); lumens_ansi was 20000 (Epson rates 20,000 lm white light output, no ANSI figure published)",https://www2.epson.jp/support/manual/data/elp/setup/specifications_ebpu2220series_ja_rev04.pdf,official,yes,https://www2.epson.jp/support/manual/data/elp/setup/specifications_ebpu2220series_ja_rev04.pdf,2026-10-09
Epson,EB-PU2220B,,"1920x1200 (WUXGA, 1.0in 3LCD)",Epson ELPL (PU/L-series bayonet),ELPLM08,1.06,1.69,V x 24%,,"middle zoom #1; limited shift lens: Epson gives max vertical travel V x 24%; 3LCD laser; EB-PU2120W is the white-body twin; shift max ±60% V / ±18% H (H at max V x 32%); lumens_ansi was 20000 (Epson rates 20,000 lm white light output, no ANSI figure published); shift_h was 0% (spec PDF's 'V x 0%' is the vertical travel left at maximum horizontal shift, not a horizontal limit, horizontal limit not stated numerically)",https://www2.epson.jp/support/manual/data/elp/setup/specifications_ebpu2220series_ja_rev04.pdf,official,yes,https://www2.epson.jp/support/manual/data/elp/setup/specifications_ebpu2220series_ja_rev04.pdf,2026-10-09
Epson,EB-PU2220B,,"1920x1200 (WUXGA, 1.0in 3LCD)",Epson ELPL (PU/L-series bayonet),ELPLW06,1.19,1.62,±60%,±18%,"wide zoom #2; 3LCD laser; EB-PU2120W is the white-body twin; shift max ±60% V / ±18% H (H at max V x 32%); lumens_ansi was 20000 (Epson rates 20,000 lm white light output, no ANSI figure published)",https://www2.epson.jp/support/manual/data/elp/setup/specifications_ebpu2220series_ja_rev04.pdf,official,yes,https://www2.epson.jp/support/manual/data/elp/setup/specifications_ebpu2220series_ja_rev04.pdf,2026-10-09
Epson,EB-PU2220B,,"1920x1200 (WUXGA, 1.0in 3LCD)",Epson ELPL (PU/L-series bayonet),ELPLM15,1.57,2.56,±60%,±18%,"middle zoom #2, standard lens (also ELPLM09); 3LCD laser; EB-PU2120W is the white-body twin; shift max ±60% V / ±18% H (H at max V x 32%); lumens_ansi was 20000 (Epson rates 20,000 lm white light output, no ANSI figure published)",https://www2.epson.jp/support/manual/data/elp/setup/specifications_ebpu2220series_ja_rev04.pdf,official,yes,https://www2.epson.jp/support/manual/data/elp/setup/specifications_ebpu2220series_ja_rev04.pdf,2026-10-09
Epson,EB-PU2220B,,"1920x1200 (WUXGA, 1.0in 3LCD)",Epson ELPL (PU/L-series bayonet),ELPLM10,2.42,3.71,±60%,±18%,"middle zoom #3; 3LCD laser; EB-PU2120W is the white-body twin; shift max ±60% V / ±18% H (H at max V x 32%); lumens_ansi was 20000 (Epson rates 20,000 lm white light output, no ANSI figure published)",https://www2.epson.jp/support/manual/data/elp/setup/specifications_ebpu2220series_ja_rev04.pdf,official,yes,https://www2.epson.jp/support/manual/data/elp/setup/specifications_ebpu2220series_ja_rev04.pdf,2026-10-09
Epson,EB-PU2220B,,"1920x1200 (WUXGA, 1.0in 3LCD)",Epson ELPL (PU/L-series bayonet),ELPLM11,3.54,5.41,±60%,±18%,"middle zoom #4; 3LCD laser; EB-PU2120W is the white-body twin; shift max ±60% V / ±18% H (H at max V x 32%); lumens_ansi was 20000 (Epson rates 20,000 lm white light output, no ANSI figure published)",https://www2.epson.jp/support/manual/data/elp/setup/specifications_ebpu2220series_ja_rev04.pdf,official,yes,https://www2.epson.jp/support/manual/data/elp/setup/specifications_ebpu2220series_ja_rev04.pdf,2026-10-09
Epson,EB-PU2220B,,"1920x1200 (WUXGA, 1.0in 3LCD)",Epson ELPL (PU/L-series bayonet),ELPLL08,5.27,7.41,±60%,±18%,"long zoom; 3LCD laser; EB-PU2120W is the white-body twin; shift max ±60% V / ±18% H (H at max V x 32%); lumens_ansi was 20000 (Epson rates 20,000 lm white light output, no ANSI figure published)",https://www2.epson.jp/support/manual/data/elp/setup/specifications_ebpu2220series_ja_rev04.pdf,official,yes,https://www2.epson.jp/support/manual/data/elp/setup/specifications_ebpu2220series_ja_rev04.pdf,2026-10-09
Epson,EB-Z9870U,,1920x1200 (WUXGA),Epson ELPL (Z-series bayonet),ELPLU02,0.64,0.77,,,"short zoom; lens and 100in distances from Epson Japan EB-Z9870U projection-distance table, consistent with the EB-PU2010 spec table values used; 3LCD lamp; discontinued; lumens not recorded (no ANSI figure)",https://files.support.epson.com/pdf/specs/specifications_ebpu2010series_en_r106.pdf,official,yes,https://www2.epson.jp/support/manual/data/elp/setup/syouninzu/ebz9870u.pdf,2026-10-09
Epson,EB-Z9870U,,1920x1200 (WUXGA),Epson ELPL (Z-series bayonet),ELPLR04,0.70,0.70,,,"rear-projection mirror lens; lens and 100in distances from Epson Japan EB-Z9870U projection-distance table, consistent with the EB-PU2010 spec table values used; 3LCD lamp; discontinued; lumens not recorded (no ANSI figure)",https://files.support.epson.com/pdf/specs/specifications_ebpu2010series_en_r106.pdf,official,yes,https://www2.epson.jp/support/manual/data/elp/setup/syouninzu/ebz9870u.pdf,2026-10-09
Epson,EB-Z9870U,,1920x1200 (WUXGA),Epson ELPL (Z-series bayonet),ELPLW04,1.19,1.62,,,"wide zoom; lens and 100in distances from Epson Japan EB-Z9870U projection-distance table, consistent with the EB-PU2010 spec table values used; 3LCD lamp; discontinued; lumens not recorded (no ANSI figure)",https://files.support.epson.com/pdf/specs/specifications_ebpu2010series_en_r106.pdf,official,yes,https://www2.epson.jp/support/manual/data/elp/setup/syouninzu/ebz9870u.pdf,2026-10-09
Epson,EB-Z9870U,,1920x1200 (WUXGA),Epson ELPL (Z-series bayonet),ELPLS04,1.57,2.56,,,"standard zoom; lens and 100in distances from Epson Japan EB-Z9870U projection-distance table, consistent with the EB-PU2010 spec table values used; 3LCD lamp; discontinued; lumens not recorded (no ANSI figure)",https://files.support.epson.com/pdf/specs/specifications_ebpu2010series_en_r106.pdf,official,yes,https://www2.epson.jp/support/manual/data/elp/setup/syouninzu/ebz9870u.pdf,2026-10-09
Epson,EB-Z9870U,,1920x1200 (WUXGA),Epson ELPL (Z-series bayonet),ELPLM06,2.42,3.71,,,"middle zoom; lens and 100in distances from Epson Japan EB-Z9870U projection-distance table, consistent with the EB-PU2010 spec table values used; 3LCD lamp; discontinued; lumens not recorded (no ANSI figure)",https://files.support.epson.com/pdf/specs/specifications_ebpu2010series_en_r106.pdf,official,yes,https://www2.epson.jp/support/manual/data/elp/setup/syouninzu/ebz9870u.pdf,2026-10-09
Epson,EB-Z9870U,,1920x1200 (WUXGA),Epson ELPL (Z-series bayonet),ELPLM07,3.54,5.41,,,"middle zoom; lens and 100in distances from Epson Japan EB-Z9870U projection-distance table, consistent with the EB-PU2010 spec table values used; 3LCD lamp; discontinued; lumens not recorded (no ANSI figure)",https://files.support.epson.com/pdf/specs/specifications_ebpu2010series_en_r106.pdf,official,yes,https://www2.epson.jp/support/manual/data/elp/setup/syouninzu/ebz9870u.pdf,2026-10-09
Epson,EB-Z9870U,,1920x1200 (WUXGA),Epson ELPL (Z-series bayonet),ELPLL07,5.27,7.41,,,"long zoom; lens and 100in distances from Epson Japan EB-Z9870U projection-distance table, consistent with the EB-PU2010 spec table values used; 3LCD lamp; discontinued; lumens not recorded (no ANSI figure)",https://files.support.epson.com/pdf/specs/specifications_ebpu2010series_en_r106.pdf,official,yes,https://www2.epson.jp/support/manual/data/elp/setup/syouninzu/ebz9870u.pdf,2026-10-09
Epson,EB-Z10000U,,"1920x1200 (WUXGA, 1.03in 3LCD)",Epson ELPL (Z-series bayonet),ELPLU02,0.64,0.77,±60%,±18%,"short zoom; lens and 100in distances from Epson Japan EB-Z10000U projection-distance table, consistent with the EB-PU2010 spec table values used; 3LCD lamp; discontinued; lumens not recorded (no ANSI figure); shift is the projector range from an Epson-authored datasheet hosted by a reseller (https://euro-trend.pl/pdf/EB-Z10000U.pdf), secondary",https://files.support.epson.com/pdf/specs/specifications_ebpu2010series_en_r106.pdf,official,yes,https://www2.epson.jp/support/manual/data/elp/setup/syouninzu/ebz10000u.pdf,2026-10-09
Epson,EB-Z10000U,,"1920x1200 (WUXGA, 1.03in 3LCD)",Epson ELPL (Z-series bayonet),ELPLR04,0.70,0.70,±60%,±18%,"rear-projection mirror lens; lens and 100in distances from Epson Japan EB-Z10000U projection-distance table, consistent with the EB-PU2010 spec table values used; 3LCD lamp; discontinued; lumens not recorded (no ANSI figure); shift is the projector range from an Epson-authored datasheet hosted by a reseller (https://euro-trend.pl/pdf/EB-Z10000U.pdf), secondary",https://files.support.epson.com/pdf/specs/specifications_ebpu2010series_en_r106.pdf,official,yes,https://www2.epson.jp/support/manual/data/elp/setup/syouninzu/ebz10000u.pdf,2026-10-09
Epson,EB-Z10000U,,"1920x1200 (WUXGA, 1.03in 3LCD)",Epson ELPL (Z-series bayonet),ELPLW04,1.19,1.62,±60%,±18%,"wide zoom; lens and 100in distances from Epson Japan EB-Z10000U projection-distance table, consistent with the EB-PU2010 spec table values used; 3LCD lamp; discontinued; lumens not recorded (no ANSI figure); shift is the projector range from an Epson-authored datasheet hosted by a reseller (https://euro-trend.pl/pdf/EB-Z10000U.pdf), secondary",https://files.support.epson.com/pdf/specs/specifications_ebpu2010series_en_r106.pdf,official,yes,https://www2.epson.jp/support/manual/data/elp/setup/syouninzu/ebz10000u.pdf,2026-10-09
Epson,EB-Z10000U,,"1920x1200 (WUXGA, 1.03in 3LCD)",Epson ELPL (Z-series bayonet),ELPLS04,1.57,2.56,±60%,±18%,"standard zoom; lens and 100in distances from Epson Japan EB-Z10000U projection-distance table, consistent with the EB-PU2010 spec table values used; 3LCD lamp; discontinued; lumens not recorded (no ANSI figure); shift is the projector range from an Epson-authored datasheet hosted by a reseller (https://euro-trend.pl/pdf/EB-Z10000U.pdf), secondary",https://files.support.epson.com/pdf/specs/specifications_ebpu2010series_en_r106.pdf,official,yes,https://www2.epson.jp/support/manual/data/elp/setup/syouninzu/ebz10000u.pdf,2026-10-09
Epson,EB-Z10000U,,"1920x1200 (WUXGA, 1.03in 3LCD)",Epson ELPL (Z-series bayonet),ELPLM06,2.42,3.71,±60%,±18%,"middle zoom; lens and 100in distances from Epson Japan EB-Z10000U projection-distance table, consistent with the EB-PU2010 spec table values used; 3LCD lamp; discontinued; lumens not recorded (no ANSI figure); shift is the projector range from an Epson-authored datasheet hosted by a reseller (https://euro-trend.pl/pdf/EB-Z10000U.pdf), secondary",https://files.support.epson.com/pdf/specs/specifications_ebpu2010series_en_r106.pdf,official,yes,https://www2.epson.jp/support/manual/data/elp/setup/syouninzu/ebz10000u.pdf,2026-10-09
Epson,EB-Z10000U,,"1920x1200 (WUXGA, 1.03in 3LCD)",Epson ELPL (Z-series bayonet),ELPLM07,3.54,5.41,±60%,±18%,"middle zoom; lens and 100in distances from Epson Japan EB-Z10000U projection-distance table, consistent with the EB-PU2010 spec table values used; 3LCD lamp; discontinued; lumens not recorded (no ANSI figure); shift is the projector range from an Epson-authored datasheet hosted by a reseller (https://euro-trend.pl/pdf/EB-Z10000U.pdf), secondary",https://files.support.epson.com/pdf/specs/specifications_ebpu2010series_en_r106.pdf,official,yes,https://www2.epson.jp/support/manual/data/elp/setup/syouninzu/ebz10000u.pdf,2026-10-09
Epson,EB-Z10000U,,"1920x1200 (WUXGA, 1.03in 3LCD)",Epson ELPL (Z-series bayonet),ELPLL07,5.27,7.41,±60%,±18%,"long zoom; lens and 100in distances from Epson Japan EB-Z10000U projection-distance table, consistent with the EB-PU2010 spec table values used; 3LCD lamp; discontinued; lumens not recorded (no ANSI figure); shift is the projector range from an Epson-authored datasheet hosted by a reseller (https://euro-trend.pl/pdf/EB-Z10000U.pdf), secondary",https://files.support.epson.com/pdf/specs/specifications_ebpu2010series_en_r106.pdf,official,yes,https://www2.epson.jp/support/manual/data/elp/setup/syouninzu/ebz10000u.pdf,2026-10-09
Epson,EB-Z11000W,,1280x800 (WXGA),Epson ELPL (Z-series bayonet),ELPLU02,0.64,0.77,,,"short zoom; lens and 100in distances from Epson Japan EB-Z11000W projection-distance table, consistent with the EB-PU2010 spec table values used; 3LCD lamp; discontinued; lumens not recorded (no ANSI figure)",https://files.support.epson.com/pdf/specs/specifications_ebpu2010series_en_r106.pdf,official,yes,https://www2.epson.jp/support/manual/data/elp/setup/syouninzu/ebz11000w.pdf,2026-10-09
Epson,EB-Z11000W,,1280x800 (WXGA),Epson ELPL (Z-series bayonet),ELPLR04,0.70,0.70,,,"rear-projection mirror lens; lens and 100in distances from Epson Japan EB-Z11000W projection-distance table, consistent with the EB-PU2010 spec table values used; 3LCD lamp; discontinued; lumens not recorded (no ANSI figure)",https://files.support.epson.com/pdf/specs/specifications_ebpu2010series_en_r106.pdf,official,yes,https://www2.epson.jp/support/manual/data/elp/setup/syouninzu/ebz11000w.pdf,2026-10-09
Epson,EB-Z11000W,,1280x800 (WXGA),Epson ELPL (Z-series bayonet),ELPLW04,1.19,1.62,,,"wide zoom; lens and 100in distances from Epson Japan EB-Z11000W projection-distance table, consistent with the EB-PU2010 spec table values used; 3LCD lamp; discontinued; lumens not recorded (no ANSI figure)",https://files.support.epson.com/pdf/specs/specifications_ebpu2010series_en_r106.pdf,official,yes,https://www2.epson.jp/support/manual/data/elp/setup/syouninzu/ebz11000w.pdf,2026-10-09
Epson,EB-Z11000W,,1280x800 (WXGA),Epson ELPL (Z-series bayonet),ELPLS04,1.57,2.56,,,"standard zoom; lens and 100in distances from Epson Japan EB-Z11000W projection-distance table, consistent with the EB-PU2010 spec table values used; 3LCD lamp; discontinued; lumens not recorded (no ANSI figure)",https://files.support.epson.com/pdf/specs/specifications_ebpu2010series_en_r106.pdf,official,yes,https://www2.epson.jp/support/manual/data/elp/setup/syouninzu/ebz11000w.pdf,2026-10-09
Epson,EB-Z11000W,,1280x800 (WXGA),Epson ELPL (Z-series bayonet),ELPLM06,2.42,3.71,,,"middle zoom; lens and 100in distances from Epson Japan EB-Z11000W projection-distance table, consistent with the EB-PU2010 spec table values used; 3LCD lamp; discontinued; lumens not recorded (no ANSI figure)",https://files.support.epson.com/pdf/specs/specifications_ebpu2010series_en_r106.pdf,official,yes,https://www2.epson.jp/support/manual/data/elp/setup/syouninzu/ebz11000w.pdf,2026-10-09
Epson,EB-Z11000W,,1280x800 (WXGA),Epson ELPL (Z-series bayonet),ELPLM07,3.54,5.41,,,"middle zoom; lens and 100in distances from Epson Japan EB-Z11000W projection-distance table, consistent with the EB-PU2010 spec table values used; 3LCD lamp; discontinued; lumens not recorded (no ANSI figure)",https://files.support.epson.com/pdf/specs/specifications_ebpu2010series_en_r106.pdf,official,yes,https://www2.epson.jp/support/manual/data/elp/setup/syouninzu/ebz11000w.pdf,2026-10-09
Epson,EB-Z11000W,,1280x800 (WXGA),Epson ELPL (Z-series bayonet),ELPLL07,5.27,7.41,,,"long zoom; lens and 100in distances from Epson Japan EB-Z11000W projection-distance table, consistent with the EB-PU2010 spec table values used; 3LCD lamp; discontinued; lumens not recorded (no ANSI figure)",https://files.support.epson.com/pdf/specs/specifications_ebpu2010series_en_r106.pdf,official,yes,https://www2.epson.jp/support/manual/data/elp/setup/syouninzu/ebz11000w.pdf,2026-10-09
Optoma,WU1500,11000,1920x1200 (WUXGA),Optoma BX-CTA (ZU1700/1900/2200 & ZK1120/1320 mount),BX-CTA18,0.84,1.02,,,"short zoom; lens list, throw and 11,000 ANSI lm from ProjectorCentral only (Optoma datasheet link redirects); discontinued (2019)",https://www.projectorcentral.com/Optoma-WU1500.htm,secondary,no,https://www.projectorcentral.com/Optoma-WU1500.htm,2026-10-09
Optoma,WU1500,11000,1920x1200 (WUXGA),Optoma BX-CTA (ZU1700/1900/2200 & ZK1120/1320 mount),BX-CTA19,1.02,1.36,,,"wide zoom; lens list, throw and 11,000 ANSI lm from ProjectorCentral only (Optoma datasheet link redirects); discontinued (2019)",https://www.projectorcentral.com/Optoma-WU1500.htm,secondary,no,https://www.projectorcentral.com/Optoma-WU1500.htm,2026-10-09
Optoma,WU1500,11000,1920x1200 (WUXGA),Optoma BX-CTA (ZU1700/1900/2200 & ZK1120/1320 mount),BX-CTA20,1.20,1.50,,,"semi-wide zoom; lens list, throw and 11,000 ANSI lm from ProjectorCentral only (Optoma datasheet link redirects); discontinued (2019)",https://www.projectorcentral.com/Optoma-WU1500.htm,secondary,no,https://www.projectorcentral.com/Optoma-WU1500.htm,2026-10-09
Optoma,WU1500,11000,1920x1200 (WUXGA),Optoma BX-CTA (ZU1700/1900/2200 & ZK1120/1320 mount),BX-CTA21,1.50,2.00,,,"standard zoom; lens list, throw and 11,000 ANSI lm from ProjectorCentral only (Optoma datasheet link redirects); discontinued (2019)",https://www.projectorcentral.com/Optoma-WU1500.htm,secondary,no,https://www.projectorcentral.com/Optoma-WU1500.htm,2026-10-09
Optoma,WU1500,11000,1920x1200 (WUXGA),Optoma BX-CTA (ZU1700/1900/2200 & ZK1120/1320 mount),BX-CTA22,2.00,4.00,,,"long zoom; lens list, throw and 11,000 ANSI lm from ProjectorCentral only (Optoma datasheet link redirects); discontinued (2019)",https://www.projectorcentral.com/Optoma-WU1500.htm,secondary,no,https://www.projectorcentral.com/Optoma-WU1500.htm,2026-10-09
Optoma,WU1500,11000,1920x1200 (WUXGA),Optoma BX-CTA (ZU1700/1900/2200 & ZK1120/1320 mount),BX-CTA23,4.00,7.20,,,"extra-long zoom; lens list, throw and 11,000 ANSI lm from ProjectorCentral only (Optoma datasheet link redirects); discontinued (2019)",https://www.projectorcentral.com/Optoma-WU1500.htm,secondary,no,https://www.projectorcentral.com/Optoma-WU1500.htm,2026-10-09
Optoma,ZK1120,9300,3840x2400 (4K UHD+ 16:10),Optoma BX-CTA (ZU1700/1900/2200 & ZK1120/1320 mount),BX-CTA28,0.34,0.37,±60%,±25%,"UST zoom; 11,000 lm ISO; 1-chip DLP laser; ANSI value via ProjectorCentral (secondary); shift ±60% V / ±25% H per ProjectorCentral",https://www.optomausa.com/product/bx-cta28,official,yes,https://www.optomausa.com/product/bx-cta28,2026-10-09
Optoma,ZK1120,9300,3840x2400 (4K UHD+ 16:10),Optoma BX-CTA (ZU1700/1900/2200 & ZK1120/1320 mount),BX-CTA10,0.50,0.65,±60%,±25%,"short zoom; 11,000 lm ISO; 1-chip DLP laser; ANSI value via ProjectorCentral (secondary); shift ±60% V / ±25% H per ProjectorCentral",https://www.optomausa.com/product/bx-cta10,official,yes,https://www.optomausa.com/product/bx-cta10,2026-10-09
Optoma,ZK1120,9300,3840x2400 (4K UHD+ 16:10),Optoma BX-CTA (ZU1700/1900/2200 & ZK1120/1320 mount),BX-CTA11,0.78,0.9,±60%,±25%,"short zoom; 11,000 lm ISO; 1-chip DLP laser; ANSI value via ProjectorCentral (secondary); shift ±60% V / ±25% H per ProjectorCentral",https://region-resource.optoma.com/datasheets/2/bx-cta11.pdf,official,yes,https://region-resource.optoma.com/datasheets/2/bx-cta11.pdf,2026-10-09
Optoma,ZK1120,9300,3840x2400 (4K UHD+ 16:10),Optoma BX-CTA (ZU1700/1900/2200 & ZK1120/1320 mount),BX-CTA12,0.9,1.3,±60%,±25%,"semi-short zoom; 11,000 lm ISO; 1-chip DLP laser; ANSI value via ProjectorCentral (secondary); shift ±60% V / ±25% H per ProjectorCentral",https://region-resource.optoma.com/datasheets/2/bx-cta12.pdf,official,yes,https://region-resource.optoma.com/datasheets/2/bx-cta12.pdf,2026-10-09
Optoma,ZK1120,9300,3840x2400 (4K UHD+ 16:10),Optoma BX-CTA (ZU1700/1900/2200 & ZK1120/1320 mount),BX-CTA08,1.25,2.0,±60%,±25%,"zoom; 11,000 lm ISO; 1-chip DLP laser; ANSI value via ProjectorCentral (secondary); shift ±60% V / ±25% H per ProjectorCentral",https://www.optomausa.com/product/bx-cta08,official,yes,https://www.optomausa.com/product/bx-cta08,2026-10-09
Optoma,ZK1120,9300,3840x2400 (4K UHD+ 16:10),Optoma BX-CTA (ZU1700/1900/2200 & ZK1120/1320 mount),BX-CTA07,1.30,1.80,±60%,±25%,"zoom; only seen on ProjectorCentral; 11,000 lm ISO; 1-chip DLP laser; ANSI value via ProjectorCentral (secondary); shift ±60% V / ±25% H per ProjectorCentral; not on Optoma USA optional-lens list for ZK1120/ZK1320; no manufacturer page found",https://www.projectorcentral.com/optoma-zk1120.htm,secondary,no,https://www.optomausa.com/products/accessories/optional-lenses,2026-10-09
Optoma,ZK1120,9300,3840x2400 (4K UHD+ 16:10),Optoma BX-CTA (ZU1700/1900/2200 & ZK1120/1320 mount),BX-CTA20,1.44,1.8,±60%,±25%,"semi-wide zoom; 11,000 lm ISO; 1-chip DLP laser; ANSI value via ProjectorCentral (secondary); shift ±60% V / ±25% H per ProjectorCentral",https://region-resource.optoma.com/datasheets/15/bx-cta20.pdf,official,yes,https://region-resource.optoma.com/datasheets/15/bx-cta20.pdf,2026-10-09
Optoma,ZK1120,9300,3840x2400 (4K UHD+ 16:10),Optoma BX-CTA (ZU1700/1900/2200 & ZK1120/1320 mount),BX-CTA21,1.8,2.4,±60%,±25%,"standard zoom; 11,000 lm ISO; 1-chip DLP laser; ANSI value via ProjectorCentral (secondary); shift ±60% V / ±25% H per ProjectorCentral",https://region-resource.optoma.com/datasheets/15/bx-cta21.pdf,official,yes,https://region-resource.optoma.com/datasheets/15/bx-cta21.pdf,2026-10-09
Optoma,ZK1120,9300,3840x2400 (4K UHD+ 16:10),Optoma BX-CTA (ZU1700/1900/2200 & ZK1120/1320 mount),BX-CTA22,2.4,4.8,±60%,±25%,"long zoom; 11,000 lm ISO; 1-chip DLP laser; ANSI value via ProjectorCentral (secondary); shift ±60% V / ±25% H per ProjectorCentral",https://region-resource.optoma.com/datasheets/15/bx-cta22.pdf,official,yes,https://region-resource.optoma.com/datasheets/15/bx-cta22.pdf,2026-10-09
Optoma,ZK1120,9300,3840x2400 (4K UHD+ 16:10),Optoma BX-CTA (ZU1700/1900/2200 & ZK1120/1320 mount),BX-CTA23,4.8,8.64,±60%,±25%,"extra-long zoom; 11,000 lm ISO; 1-chip DLP laser; ANSI value via ProjectorCentral (secondary); shift ±60% V / ±25% H per ProjectorCentral",https://region-resource.optoma.com/datasheets/15/bx-cta23.pdf,official,yes,https://region-resource.optoma.com/datasheets/15/bx-cta23.pdf,2026-10-09
Optoma,ZK1320,11500,3840x2400 (4K UHD+ 16:10),Optoma BX-CTA (ZU1700/1900/2200 & ZK1120/1320 mount),BX-CTA28,0.34,0.37,±60%,±25%,"UST zoom; 13,500 lm ISO; 1-chip DLP laser; ANSI value via ProjectorCentral (secondary); shift ±60% V / ±25% H per ProjectorCentral",https://www.optomausa.com/product/bx-cta28,official,yes,https://www.optomausa.com/product/bx-cta28,2026-10-09
Optoma,ZK1320,11500,3840x2400 (4K UHD+ 16:10),Optoma BX-CTA (ZU1700/1900/2200 & ZK1120/1320 mount),BX-CTA10,0.50,0.65,±60%,±25%,"short zoom; 13,500 lm ISO; 1-chip DLP laser; ANSI value via ProjectorCentral (secondary); shift ±60% V / ±25% H per ProjectorCentral",https://www.optomausa.com/product/bx-cta10,official,yes,https://www.optomausa.com/product/bx-cta10,2026-10-09
Optoma,ZK1320,11500,3840x2400 (4K UHD+ 16:10),Optoma BX-CTA (ZU1700/1900/2200 & ZK1120/1320 mount),BX-CTA11,0.78,0.9,±60%,±25%,"short zoom; 13,500 lm ISO; 1-chip DLP laser; ANSI value via ProjectorCentral (secondary); shift ±60% V / ±25% H per ProjectorCentral",https://region-resource.optoma.com/datasheets/2/bx-cta11.pdf,official,yes,https://region-resource.optoma.com/datasheets/2/bx-cta11.pdf,2026-10-09
Optoma,ZK1320,11500,3840x2400 (4K UHD+ 16:10),Optoma BX-CTA (ZU1700/1900/2200 & ZK1120/1320 mount),BX-CTA12,0.9,1.3,±60%,±25%,"semi-short zoom; 13,500 lm ISO; 1-chip DLP laser; ANSI value via ProjectorCentral (secondary); shift ±60% V / ±25% H per ProjectorCentral",https://region-resource.optoma.com/datasheets/2/bx-cta12.pdf,official,yes,https://region-resource.optoma.com/datasheets/2/bx-cta12.pdf,2026-10-09
Optoma,ZK1320,11500,3840x2400 (4K UHD+ 16:10),Optoma BX-CTA (ZU1700/1900/2200 & ZK1120/1320 mount),BX-CTA08,1.25,2.0,±60%,±25%,"zoom; 13,500 lm ISO; 1-chip DLP laser; ANSI value via ProjectorCentral (secondary); shift ±60% V / ±25% H per ProjectorCentral",https://www.optomausa.com/product/bx-cta08,official,yes,https://www.optomausa.com/product/bx-cta08,2026-10-09
Optoma,ZK1320,11500,3840x2400 (4K UHD+ 16:10),Optoma BX-CTA (ZU1700/1900/2200 & ZK1120/1320 mount),BX-CTA07,1.30,1.80,±60%,±25%,"zoom; only seen on ProjectorCentral; 13,500 lm ISO; 1-chip DLP laser; ANSI value via ProjectorCentral (secondary); shift ±60% V / ±25% H per ProjectorCentral; not on Optoma USA optional-lens list for ZK1120/ZK1320; no manufacturer page found",https://www.projectorcentral.com/optoma-zk1120.htm,secondary,no,https://www.optomausa.com/products/accessories/optional-lenses,2026-10-09
Optoma,ZK1320,11500,3840x2400 (4K UHD+ 16:10),Optoma BX-CTA (ZU1700/1900/2200 & ZK1120/1320 mount),BX-CTA20,1.44,1.8,±60%,±25%,"semi-wide zoom; 13,500 lm ISO; 1-chip DLP laser; ANSI value via ProjectorCentral (secondary); shift ±60% V / ±25% H per ProjectorCentral",https://region-resource.optoma.com/datasheets/15/bx-cta20.pdf,official,yes,https://region-resource.optoma.com/datasheets/15/bx-cta20.pdf,2026-10-09
Optoma,ZK1320,11500,3840x2400 (4K UHD+ 16:10),Optoma BX-CTA (ZU1700/1900/2200 & ZK1120/1320 mount),BX-CTA21,1.8,2.4,±60%,±25%,"standard zoom; 13,500 lm ISO; 1-chip DLP laser; ANSI value via ProjectorCentral (secondary); shift ±60% V / ±25% H per ProjectorCentral",https://region-resource.optoma.com/datasheets/15/bx-cta21.pdf,official,yes,https://region-resource.optoma.com/datasheets/15/bx-cta21.pdf,2026-10-09
Optoma,ZK1320,11500,3840x2400 (4K UHD+ 16:10),Optoma BX-CTA (ZU1700/1900/2200 & ZK1120/1320 mount),BX-CTA22,2.4,4.8,±60%,±25%,"long zoom; 13,500 lm ISO; 1-chip DLP laser; ANSI value via ProjectorCentral (secondary); shift ±60% V / ±25% H per ProjectorCentral",https://region-resource.optoma.com/datasheets/15/bx-cta22.pdf,official,yes,https://region-resource.optoma.com/datasheets/15/bx-cta22.pdf,2026-10-09
Optoma,ZK1320,11500,3840x2400 (4K UHD+ 16:10),Optoma BX-CTA (ZU1700/1900/2200 & ZK1120/1320 mount),BX-CTA23,4.8,8.64,±60%,±25%,"extra-long zoom; 13,500 lm ISO; 1-chip DLP laser; ANSI value via ProjectorCentral (secondary); shift ±60% V / ±25% H per ProjectorCentral",https://region-resource.optoma.com/datasheets/15/bx-cta23.pdf,official,yes,https://region-resource.optoma.com/datasheets/15/bx-cta23.pdf,2026-10-09
Optoma,ZU720T,7500,1920x1200 (WUXGA),fixed lens,(fixed 1.8x manual zoom),1.44,2.59,±55%,±25%,FIXED LENS (not interchangeable); values from ProjectorCentral only; discontinued (Nov 2022),https://www.projectorcentral.com/optoma-zu720t.htm,secondary,no,https://www.projectorcentral.com/optoma-zu720t.htm,2026-10-09
Optoma,ZU750,7500,1920x1200 (WUXGA),Optoma BX-CAA/CTA (ZU1050-ZU1300 mount),BX-CTA16,0.36,0.36,,,UST fixed; lens list and ANSI lumens from Optoma product page/datasheet; numeric shift not published; 1-chip DLP laser; discontinued,https://www.optomausa.com/product/zu750,official,yes,https://www.optomausa.com/product/zu750,2026-10-09
Optoma,ZU750,7500,1920x1200 (WUXGA),Optoma BX-CAA/CTA (ZU1050-ZU1300 mount),BX-CTA17,0.65,0.75,,,short zoom; lens list and ANSI lumens from Optoma product page/datasheet; numeric shift not published; 1-chip DLP laser; discontinued,https://www.optomausa.com/product/zu750,official,yes,https://www.optomausa.com/product/zu750,2026-10-09
Optoma,ZU750,7500,1920x1200 (WUXGA),Optoma BX-CAA/CTA (ZU1050-ZU1300 mount),BX-CTA15,0.75,0.95,,,short zoom; lens list and ANSI lumens from Optoma product page/datasheet; numeric shift not published; 1-chip DLP laser; discontinued,https://www.optomausa.com/product/zu750,official,yes,https://www.optomausa.com/product/zu750,2026-10-09
Optoma,ZU750,7500,1920x1200 (WUXGA),Optoma BX-CAA/CTA (ZU1050-ZU1300 mount),BX-CTA01,0.95,1.22,,,wide zoom; lens list and ANSI lumens from Optoma product page/datasheet; numeric shift not published; 1-chip DLP laser; discontinued,https://www.optomausa.com/product/zu750,official,yes,https://www.optomausa.com/product/zu750,2026-10-09
Optoma,ZU750,7500,1920x1200 (WUXGA),Optoma BX-CAA/CTA (ZU1050-ZU1300 mount),BX-CTA06,1.22,1.53,,,standard zoom; lens list and ANSI lumens from Optoma product page/datasheet; numeric shift not published; 1-chip DLP laser; discontinued,https://www.optomausa.com/product/zu750,official,yes,https://www.optomausa.com/product/zu750,2026-10-09
Optoma,ZU750,7500,1920x1200 (WUXGA),Optoma BX-CAA/CTA (ZU1050-ZU1300 mount),BX-CTA03,1.52,2.92,,,long zoom; lens list and ANSI lumens from Optoma product page/datasheet; numeric shift not published; 1-chip DLP laser; discontinued,https://www.optomausa.com/product/zu750,official,yes,https://www.optomausa.com/product/zu750,2026-10-09
Optoma,ZU750,7500,1920x1200 (WUXGA),Optoma BX-CAA/CTA (ZU1050-ZU1300 mount),BX-CTA13,2.90,5.50,,,ultra-long zoom; lens list and ANSI lumens from Optoma product page/datasheet; numeric shift not published; 1-chip DLP laser; discontinued,https://www.optomausa.com/product/zu750,official,yes,https://www.optomausa.com/product/zu750,2026-10-09
Optoma,ZU750,7500,1920x1200 (WUXGA),Optoma BX-CAA/CTA (ZU1050-ZU1300 mount),BX-CTADOME,,,,,dome lens; no throw ratio published; lens list and ANSI lumens from Optoma product page/datasheet; numeric shift not published; 1-chip DLP laser; discontinued,https://www.optomausa.com/product/zu750,official,yes,https://www.optomausa.com/product/zu750,2026-10-09
Optoma,ZU820T,,1920x1200 (WUXGA),fixed lens,(fixed 1.6x zoom),1.25,2.00,,,"FIXED LENS (not interchangeable); 8,800 lm ISO 21118 (no ANSI); ProjectorCentral prints shift as H ±50% / V ±110% (likely total travel), left blank; Optoma page did not render",https://www.projectorcentral.com/optoma-zu820t.htm,secondary,no,https://www.projectorcentral.com/optoma-zu820t.htm,2026-10-09
Optoma,ZU850,8000,1920x1200 (WUXGA),Optoma BX-CAA/CTA (ZU1050-ZU1300 mount),BX-CTA16,0.36,0.36,,,UST fixed; lens list and ANSI lumens from Optoma product page/datasheet; numeric shift not published; 1-chip DLP laser,https://www.optoma.de/ContentStorage/Documents/311a90d4-c215-4170-85d3-b7fc273281cd.pdf,official,yes,https://www.optoma.de/ContentStorage/Documents/311a90d4-c215-4170-85d3-b7fc273281cd.pdf,2026-10-09
Optoma,ZU850,8000,1920x1200 (WUXGA),Optoma BX-CAA/CTA (ZU1050-ZU1300 mount),BX-CTA15,0.75,0.95,,,short zoom; lens list and ANSI lumens from Optoma product page/datasheet; numeric shift not published; 1-chip DLP laser,https://www.optoma.de/ContentStorage/Documents/311a90d4-c215-4170-85d3-b7fc273281cd.pdf,official,yes,https://www.optoma.de/ContentStorage/Documents/311a90d4-c215-4170-85d3-b7fc273281cd.pdf,2026-10-09
Optoma,ZU850,8000,1920x1200 (WUXGA),Optoma BX-CAA/CTA (ZU1050-ZU1300 mount),BX-CTA01,0.95,1.22,,,wide zoom; lens list and ANSI lumens from Optoma product page/datasheet; numeric shift not published; 1-chip DLP laser,https://www.optoma.de/ContentStorage/Documents/311a90d4-c215-4170-85d3-b7fc273281cd.pdf,official,yes,https://www.optoma.de/ContentStorage/Documents/311a90d4-c215-4170-85d3-b7fc273281cd.pdf,2026-10-09
Optoma,ZU850,8000,1920x1200 (WUXGA),Optoma BX-CAA/CTA (ZU1050-ZU1300 mount),BX-CTA06,1.22,1.53,,,standard zoom; lens list and ANSI lumens from Optoma product page/datasheet; numeric shift not published; 1-chip DLP laser,https://www.optoma.de/ContentStorage/Documents/311a90d4-c215-4170-85d3-b7fc273281cd.pdf,official,yes,https://www.optoma.de/ContentStorage/Documents/311a90d4-c215-4170-85d3-b7fc273281cd.pdf,2026-10-09
Optoma,ZU850,8000,1920x1200 (WUXGA),Optoma BX-CAA/CTA (ZU1050-ZU1300 mount),BX-CTA03,1.52,2.92,,,long zoom; lens list and ANSI lumens from Optoma product page/datasheet; numeric shift not published; 1-chip DLP laser,https://www.optoma.de/ContentStorage/Documents/311a90d4-c215-4170-85d3-b7fc273281cd.pdf,official,yes,https://www.optoma.de/ContentStorage/Documents/311a90d4-c215-4170-85d3-b7fc273281cd.pdf,2026-10-09
Optoma,ZU850,8000,1920x1200 (WUXGA),Optoma BX-CAA/CTA (ZU1050-ZU1300 mount),BX-CTA13,2.90,5.50,,,ultra-long zoom; lens list and ANSI lumens from Optoma product page/datasheet; numeric shift not published; 1-chip DLP laser,https://www.optoma.de/ContentStorage/Documents/311a90d4-c215-4170-85d3-b7fc273281cd.pdf,official,yes,https://www.optoma.de/ContentStorage/Documents/311a90d4-c215-4170-85d3-b7fc273281cd.pdf,2026-10-09
Optoma,ZU850,8000,1920x1200 (WUXGA),Optoma BX-CAA/CTA (ZU1050-ZU1300 mount),BX-CTADOME,,,,,dome lens; no throw ratio published; lens list and ANSI lumens from Optoma product page/datasheet; numeric shift not published; 1-chip DLP laser,https://www.optoma.de/ContentStorage/Documents/311a90d4-c215-4170-85d3-b7fc273281cd.pdf,official,yes,https://www.optoma.de/ContentStorage/Documents/311a90d4-c215-4170-85d3-b7fc273281cd.pdf,2026-10-09
Optoma,ZU860,8500,1920x1200 (WUXGA),Optoma BX-CAA/CTA (ZU1050-ZU1300 mount),BX-CTA16,0.36,0.36,,,UST fixed; lens list and ANSI lumens from Optoma product page/datasheet; numeric shift not published; 1-chip DLP laser; discontinued,https://www.optomausa.com/product/zu860,official,yes,https://www.optomausa.com/product/zu860,2026-10-09
Optoma,ZU860,8500,1920x1200 (WUXGA),Optoma BX-CAA/CTA (ZU1050-ZU1300 mount),BX-CTA17,0.65,0.75,,,short zoom; lens list and ANSI lumens from Optoma product page/datasheet; numeric shift not published; 1-chip DLP laser; discontinued,https://www.optomausa.com/product/zu860,official,yes,https://www.optomausa.com/product/zu860,2026-10-09
Optoma,ZU860,8500,1920x1200 (WUXGA),Optoma BX-CAA/CTA (ZU1050-ZU1300 mount),BX-CTA15,0.75,0.95,,,short zoom; lens list and ANSI lumens from Optoma product page/datasheet; numeric shift not published; 1-chip DLP laser; discontinued,https://www.optomausa.com/product/zu860,official,yes,https://www.optomausa.com/product/zu860,2026-10-09
Optoma,ZU860,8500,1920x1200 (WUXGA),Optoma BX-CAA/CTA (ZU1050-ZU1300 mount),BX-CTA01,0.95,1.22,,,wide zoom; lens list and ANSI lumens from Optoma product page/datasheet; numeric shift not published; 1-chip DLP laser; discontinued,https://www.optomausa.com/product/zu860,official,yes,https://www.optomausa.com/product/zu860,2026-10-09
Optoma,ZU860,8500,1920x1200 (WUXGA),Optoma BX-CAA/CTA (ZU1050-ZU1300 mount),BX-CTA06,1.22,1.53,,,standard zoom; lens list and ANSI lumens from Optoma product page/datasheet; numeric shift not published; 1-chip DLP laser; discontinued,https://www.optomausa.com/product/zu860,official,yes,https://www.optomausa.com/product/zu860,2026-10-09
Optoma,ZU860,8500,1920x1200 (WUXGA),Optoma BX-CAA/CTA (ZU1050-ZU1300 mount),BX-CTA03,1.52,2.92,,,long zoom; lens list and ANSI lumens from Optoma product page/datasheet; numeric shift not published; 1-chip DLP laser; discontinued,https://www.optomausa.com/product/zu860,official,yes,https://www.optomausa.com/product/zu860,2026-10-09
Optoma,ZU860,8500,1920x1200 (WUXGA),Optoma BX-CAA/CTA (ZU1050-ZU1300 mount),BX-CTA13,2.90,5.50,,,ultra-long zoom; lens list and ANSI lumens from Optoma product page/datasheet; numeric shift not published; 1-chip DLP laser; discontinued,https://www.optomausa.com/product/zu860,official,yes,https://www.optomausa.com/product/zu860,2026-10-09
Optoma,ZU860,8500,1920x1200 (WUXGA),Optoma BX-CAA/CTA (ZU1050-ZU1300 mount),BX-CTADOME,,,,,dome lens; no throw ratio published; lens list and ANSI lumens from Optoma product page/datasheet; numeric shift not published; 1-chip DLP laser; discontinued,https://www.optomausa.com/product/zu860,official,yes,https://www.optomausa.com/product/zu860,2026-10-09
Optoma,ZU920T,,1920x1200 (WUXGA),fixed lens,(fixed 1.6x zoom),1.25,2.00,±55%,±25%,"fixed-lens install model; FIXED LENS (not interchangeable); 9,800 lm ISO; no Optoma page reachable this pass; ProjectorCentral lists 9,800 lm ISO, 1.25-2.00, H ±25% V ±55%",https://www.projectorcentral.com/optoma-zu920t.htm,secondary,no,https://www.projectorcentral.com/optoma-zu920t.htm,2026-10-09
Optoma,ZU1050,9500,1920x1200 (WUXGA),Optoma BX-CAA/CTA (ZU1050-ZU1300 mount),BX-CTA16,0.36,0.36,,,"UST fixed; 1-chip DLP laser, discontinued; numeric shift not on page",https://www.optomausa.com/product/zu1050,official,yes,https://www.optomausa.com/product/zu1050,2026-10-09
Optoma,ZU1050,9500,1920x1200 (WUXGA),Optoma BX-CAA/CTA (ZU1050-ZU1300 mount),BX-CTA17,0.65,0.75,,,"short zoom; 1-chip DLP laser, discontinued; numeric shift not on page",https://www.optomausa.com/product/zu1050,official,yes,https://www.optomausa.com/product/zu1050,2026-10-09
Optoma,ZU1050,9500,1920x1200 (WUXGA),Optoma BX-CAA/CTA (ZU1050-ZU1300 mount),BX-CTA15,0.75,0.95,,,"short zoom; 1-chip DLP laser, discontinued; numeric shift not on page",https://www.optomausa.com/product/zu1050,official,yes,https://www.optomausa.com/product/zu1050,2026-10-09
Optoma,ZU1050,9500,1920x1200 (WUXGA),Optoma BX-CAA/CTA (ZU1050-ZU1300 mount),BX-CTA01,0.95,1.22,,,"wide zoom (Optoma lists 'BX-CTA01'; same range as BX-CAA01); 1-chip DLP laser, discontinued; numeric shift not on page; Optoma USA optional-lens catalog sells this range as BX-CAA0x; ZU1050 product page lists BX-CTA0x",https://www.optomausa.com/product/zu1050,official,yes,https://www.optomausa.com/product/zu1050,2026-10-09
Optoma,ZU1050,9500,1920x1200 (WUXGA),Optoma BX-CAA/CTA (ZU1050-ZU1300 mount),BX-CTA06,1.22,1.53,,,"standard zoom (listed as 'BX-CTA06'; cf. BX-CAA06); 1-chip DLP laser, discontinued; numeric shift not on page; Optoma USA optional-lens catalog sells this range as BX-CAA0x; ZU1050 product page lists BX-CTA0x",https://www.optomausa.com/product/zu1050,official,yes,https://www.optomausa.com/product/zu1050,2026-10-09
Optoma,ZU1050,9500,1920x1200 (WUXGA),Optoma BX-CAA/CTA (ZU1050-ZU1300 mount),BX-CTA03,1.52,2.92,,,"long zoom (listed as 'BX-CTA03'; cf. BX-CAA03); 1-chip DLP laser, discontinued; numeric shift not on page; Optoma USA optional-lens catalog sells this range as BX-CAA0x; ZU1050 product page lists BX-CTA0x",https://www.optomausa.com/product/zu1050,official,yes,https://www.optomausa.com/product/zu1050,2026-10-09
Optoma,ZU1050,9500,1920x1200 (WUXGA),Optoma BX-CAA/CTA (ZU1050-ZU1300 mount),BX-CTA13,2.90,5.50,,,"ultra-long zoom; 1-chip DLP laser, discontinued; numeric shift not on page",https://www.optomausa.com/product/zu1050,official,yes,https://www.optomausa.com/product/zu1050,2026-10-09
Optoma,ZU1050,9500,1920x1200 (WUXGA),Optoma BX-CAA/CTA (ZU1050-ZU1300 mount),BX-CTADOME,,,,,"dome lens; no throw ratio published; 1-chip DLP laser, discontinued; numeric shift not on page",https://www.optomausa.com/product/zu1050,official,yes,https://www.optomausa.com/product/zu1050,2026-10-09
Optoma,ZU1100,,1920x1200 (WUXGA),Optoma BX-CAA/CTA (ZU1050-ZU1300 mount),BX-CTA16,0.36,0.36,,,"UST fixed; listed on ZU1100/ZU1300 datasheet (not on Optoma USA lens list); 11,500 lm (lumen standard not stated); 1-chip DLP laser; datasheet gives shift as V ±120% of half height / H ±30% of half width (= ±60% / ±15% of full image)",https://optoma.co.in/ContentStorage/Documents/c2d44602-801d-4b34-8456-72ed6c26695b.pdf,official,yes,https://optoma.co.in/ContentStorage/Documents/c2d44602-801d-4b34-8456-72ed6c26695b.pdf,2026-10-09
Optoma,ZU1100,,1920x1200 (WUXGA),Optoma BX-CAA/CTA (ZU1050-ZU1300 mount),BX-CTA17,0.65,0.75,±60%,±15%,"short zoom; 11,500 lm (lumen standard not stated); 1-chip DLP laser; datasheet gives shift as V ±120% of half height / H ±30% of half width (= ±60% / ±15% of full image)",https://optoma.co.in/ContentStorage/Documents/c2d44602-801d-4b34-8456-72ed6c26695b.pdf,official,yes,https://optoma.co.in/ContentStorage/Documents/c2d44602-801d-4b34-8456-72ed6c26695b.pdf,2026-10-09
Optoma,ZU1100,,1920x1200 (WUXGA),Optoma BX-CAA/CTA (ZU1050-ZU1300 mount),BX-CTA15,0.75,0.95,±60%,±15%,"short zoom; 11,500 lm (lumen standard not stated); 1-chip DLP laser; datasheet gives shift as V ±120% of half height / H ±30% of half width (= ±60% / ±15% of full image)",https://optoma.co.in/ContentStorage/Documents/c2d44602-801d-4b34-8456-72ed6c26695b.pdf,official,yes,https://optoma.co.in/ContentStorage/Documents/c2d44602-801d-4b34-8456-72ed6c26695b.pdf,2026-10-09
Optoma,ZU1100,,1920x1200 (WUXGA),Optoma BX-CAA/CTA (ZU1050-ZU1300 mount),BX-CAA01,0.95,1.22,±60%,±15%,"wide zoom; 11,500 lm (lumen standard not stated); 1-chip DLP laser; datasheet gives shift as V ±120% of half height / H ±30% of half width (= ±60% / ±15% of full image)",https://optoma.co.in/ContentStorage/Documents/c2d44602-801d-4b34-8456-72ed6c26695b.pdf,official,yes,https://optoma.co.in/ContentStorage/Documents/c2d44602-801d-4b34-8456-72ed6c26695b.pdf,2026-10-09
Optoma,ZU1100,,1920x1200 (WUXGA),Optoma BX-CAA/CTA (ZU1050-ZU1300 mount),BX-CAA06,1.22,1.53,±60%,±15%,"standard zoom (Optoma USA says 1.22-1.52); 11,500 lm (lumen standard not stated); 1-chip DLP laser; datasheet gives shift as V ±120% of half height / H ±30% of half width (= ±60% / ±15% of full image)",https://optoma.co.in/ContentStorage/Documents/c2d44602-801d-4b34-8456-72ed6c26695b.pdf,official,yes,https://optoma.co.in/ContentStorage/Documents/c2d44602-801d-4b34-8456-72ed6c26695b.pdf,2026-10-09
Optoma,ZU1100,,1920x1200 (WUXGA),Optoma BX-CAA/CTA (ZU1050-ZU1300 mount),BX-CAA03,1.52,2.92,±60%,±15%,"long zoom; 11,500 lm (lumen standard not stated); 1-chip DLP laser; datasheet gives shift as V ±120% of half height / H ±30% of half width (= ±60% / ±15% of full image)",https://optoma.co.in/ContentStorage/Documents/c2d44602-801d-4b34-8456-72ed6c26695b.pdf,official,yes,https://optoma.co.in/ContentStorage/Documents/c2d44602-801d-4b34-8456-72ed6c26695b.pdf,2026-10-09
Optoma,ZU1100,,1920x1200 (WUXGA),Optoma BX-CAA/CTA (ZU1050-ZU1300 mount),BX-CTA13,2.90,5.50,±60%,±15%,"ultra-long zoom (Optoma USA says 2.9-5.52); 11,500 lm (lumen standard not stated); 1-chip DLP laser; datasheet gives shift as V ±120% of half height / H ±30% of half width (= ±60% / ±15% of full image)",https://optoma.co.in/ContentStorage/Documents/c2d44602-801d-4b34-8456-72ed6c26695b.pdf,official,yes,https://optoma.co.in/ContentStorage/Documents/c2d44602-801d-4b34-8456-72ed6c26695b.pdf,2026-10-09
Optoma,ZU1100,,1920x1200 (WUXGA),Optoma BX-CAA/CTA (ZU1050-ZU1300 mount),BX-CTADOME,,,,,"dome projection lens; no throw ratio published; 11,500 lm (lumen standard not stated); 1-chip DLP laser; datasheet gives shift as V ±120% of half height / H ±30% of half width (= ±60% / ±15% of full image)",https://www.optomausa.com/products/accessories/optional-lenses,official,yes,https://optoma.co.in/ContentStorage/Documents/c2d44602-801d-4b34-8456-72ed6c26695b.pdf,2026-10-09
Optoma,ZU1300,,1920x1200 (WUXGA),Optoma BX-CAA/CTA (ZU1050-ZU1300 mount),BX-CTA16,0.36,0.36,,,"UST fixed; listed on ZU1100/ZU1300 datasheet (not on Optoma USA lens list); 14,400 lm (lumen standard not stated); 1-chip DLP laser; datasheet gives shift as V ±120% of half height / H ±30% of half width (= ±60% / ±15% of full image)",https://optoma.co.in/ContentStorage/Documents/c2d44602-801d-4b34-8456-72ed6c26695b.pdf,official,yes,https://optoma.co.in/ContentStorage/Documents/c2d44602-801d-4b34-8456-72ed6c26695b.pdf,2026-10-09
Optoma,ZU1300,,1920x1200 (WUXGA),Optoma BX-CAA/CTA (ZU1050-ZU1300 mount),BX-CTA17,0.65,0.75,±60%,±15%,"short zoom; 14,400 lm (lumen standard not stated); 1-chip DLP laser; datasheet gives shift as V ±120% of half height / H ±30% of half width (= ±60% / ±15% of full image)",https://optoma.co.in/ContentStorage/Documents/c2d44602-801d-4b34-8456-72ed6c26695b.pdf,official,yes,https://optoma.co.in/ContentStorage/Documents/c2d44602-801d-4b34-8456-72ed6c26695b.pdf,2026-10-09
Optoma,ZU1300,,1920x1200 (WUXGA),Optoma BX-CAA/CTA (ZU1050-ZU1300 mount),BX-CTA15,0.75,0.95,±60%,±15%,"short zoom; 14,400 lm (lumen standard not stated); 1-chip DLP laser; datasheet gives shift as V ±120% of half height / H ±30% of half width (= ±60% / ±15% of full image)",https://optoma.co.in/ContentStorage/Documents/c2d44602-801d-4b34-8456-72ed6c26695b.pdf,official,yes,https://optoma.co.in/ContentStorage/Documents/c2d44602-801d-4b34-8456-72ed6c26695b.pdf,2026-10-09
Optoma,ZU1300,,1920x1200 (WUXGA),Optoma BX-CAA/CTA (ZU1050-ZU1300 mount),BX-CAA01,0.95,1.22,±60%,±15%,"wide zoom; 14,400 lm (lumen standard not stated); 1-chip DLP laser; datasheet gives shift as V ±120% of half height / H ±30% of half width (= ±60% / ±15% of full image)",https://optoma.co.in/ContentStorage/Documents/c2d44602-801d-4b34-8456-72ed6c26695b.pdf,official,yes,https://optoma.co.in/ContentStorage/Documents/c2d44602-801d-4b34-8456-72ed6c26695b.pdf,2026-10-09
Optoma,ZU1300,,1920x1200 (WUXGA),Optoma BX-CAA/CTA (ZU1050-ZU1300 mount),BX-CAA06,1.22,1.53,±60%,±15%,"standard zoom (Optoma USA says 1.22-1.52); 14,400 lm (lumen standard not stated); 1-chip DLP laser; datasheet gives shift as V ±120% of half height / H ±30% of half width (= ±60% / ±15% of full image)",https://optoma.co.in/ContentStorage/Documents/c2d44602-801d-4b34-8456-72ed6c26695b.pdf,official,yes,https://optoma.co.in/ContentStorage/Documents/c2d44602-801d-4b34-8456-72ed6c26695b.pdf,2026-10-09
Optoma,ZU1300,,1920x1200 (WUXGA),Optoma BX-CAA/CTA (ZU1050-ZU1300 mount),BX-CAA03,1.52,2.92,±60%,±15%,"long zoom; 14,400 lm (lumen standard not stated); 1-chip DLP laser; datasheet gives shift as V ±120% of half height / H ±30% of half width (= ±60% / ±15% of full image)",https://optoma.co.in/ContentStorage/Documents/c2d44602-801d-4b34-8456-72ed6c26695b.pdf,official,yes,https://optoma.co.in/ContentStorage/Documents/c2d44602-801d-4b34-8456-72ed6c26695b.pdf,2026-10-09
Optoma,ZU1300,,1920x1200 (WUXGA),Optoma BX-CAA/CTA (ZU1050-ZU1300 mount),BX-CTA13,2.90,5.50,±60%,±15%,"ultra-long zoom (Optoma USA says 2.9-5.52); 14,400 lm (lumen standard not stated); 1-chip DLP laser; datasheet gives shift as V ±120% of half height / H ±30% of half width (= ±60% / ±15% of full image)",https://optoma.co.in/ContentStorage/Documents/c2d44602-801d-4b34-8456-72ed6c26695b.pdf,official,yes,https://optoma.co.in/ContentStorage/Documents/c2d44602-801d-4b34-8456-72ed6c26695b.pdf,2026-10-09
Optoma,ZU1300,,1920x1200 (WUXGA),Optoma BX-CAA/CTA (ZU1050-ZU1300 mount),BX-CTADOME,,,,,"dome projection lens; no throw ratio published; 14,400 lm (lumen standard not stated); 1-chip DLP laser; datasheet gives shift as V ±120% of half height / H ±30% of half width (= ±60% / ±15% of full image)",https://www.optomausa.com/products/accessories/optional-lenses,official,yes,https://optoma.co.in/ContentStorage/Documents/c2d44602-801d-4b34-8456-72ed6c26695b.pdf,2026-10-09
Optoma,ZU1700,,1920x1200 (WUXGA),Optoma BX-CTA (ZU1700/1900/2200 & ZK1120/1320 mount),BX-CTA11,0.65,0.75,±60%,±25%,"short zoom; 1-chip DLP laser; 17,000 lm (ISO); shift: Optoma lens datasheets give 'vertical 120% / horizontal 50%' total travel (read here as ±60%/±25%; ProjectorCentral lists ±60%/±25% for ZK1120/ZK1320)",https://region-resource.optoma.com/datasheets/2/bx-cta11.pdf,official,yes,https://region-resource.optoma.com/datasheets/2/bx-cta11.pdf,2026-10-09
Optoma,ZU1700,,1920x1200 (WUXGA),Optoma BX-CTA (ZU1700/1900/2200 & ZK1120/1320 mount),BX-CTA12,0.75,1.08,±60%,±25%,"semi-short zoom; 1-chip DLP laser; 17,000 lm (ISO); shift: Optoma lens datasheets give 'vertical 120% / horizontal 50%' total travel (read here as ±60%/±25%; ProjectorCentral lists ±60%/±25% for ZK1120/ZK1320)",https://region-resource.optoma.com/datasheets/2/bx-cta12.pdf,official,yes,https://region-resource.optoma.com/datasheets/2/bx-cta12.pdf,2026-10-09
Optoma,ZU1700,,1920x1200 (WUXGA),Optoma BX-CTA (ZU1700/1900/2200 & ZK1120/1320 mount),BX-CTA18,0.84,1.02,±60%,±25%,"short zoom; 1-chip DLP laser; 17,000 lm (ISO); shift: Optoma lens datasheets give 'vertical 120% / horizontal 50%' total travel (read here as ±60%/±25%; ProjectorCentral lists ±60%/±25% for ZK1120/ZK1320)",https://region-resource.optoma.com/datasheets/15/bx-cta18.pdf,official,yes,https://www.optomausa.com/products/accessories/optional-lenses,2026-10-09
Optoma,ZU1700,,1920x1200 (WUXGA),Optoma BX-CTA (ZU1700/1900/2200 & ZK1120/1320 mount),BX-CTA19,1.02,1.36,±60%,±25%,"wide zoom; 1-chip DLP laser; 17,000 lm (ISO); shift: Optoma lens datasheets give 'vertical 120% / horizontal 50%' total travel (read here as ±60%/±25%; ProjectorCentral lists ±60%/±25% for ZK1120/ZK1320)",https://region-resource.optoma.com/datasheets/15/bx-cta19.pdf,official,yes,https://region-resource.optoma.com/datasheets/15/bx-cta19.pdf,2026-10-09
Optoma,ZU1700,,1920x1200 (WUXGA),Optoma BX-CTA (ZU1700/1900/2200 & ZK1120/1320 mount),BX-CTA20,1.2,1.5,±60%,±25%,"semi-wide zoom; 1-chip DLP laser; 17,000 lm (ISO); shift: Optoma lens datasheets give 'vertical 120% / horizontal 50%' total travel (read here as ±60%/±25%; ProjectorCentral lists ±60%/±25% for ZK1120/ZK1320)",https://region-resource.optoma.com/datasheets/15/bx-cta20.pdf,official,yes,https://region-resource.optoma.com/datasheets/15/bx-cta20.pdf,2026-10-09
Optoma,ZU1700,,1920x1200 (WUXGA),Optoma BX-CTA (ZU1700/1900/2200 & ZK1120/1320 mount),BX-CTA21,1.5,2.0,±60%,±25%,"standard zoom; 1-chip DLP laser; 17,000 lm (ISO); shift: Optoma lens datasheets give 'vertical 120% / horizontal 50%' total travel (read here as ±60%/±25%; ProjectorCentral lists ±60%/±25% for ZK1120/ZK1320)",https://region-resource.optoma.com/datasheets/15/bx-cta21.pdf,official,yes,https://region-resource.optoma.com/datasheets/15/bx-cta21.pdf,2026-10-09
Optoma,ZU1700,,1920x1200 (WUXGA),Optoma BX-CTA (ZU1700/1900/2200 & ZK1120/1320 mount),BX-CTA22,2.0,4.0,±60%,±25%,"long zoom; 1-chip DLP laser; 17,000 lm (ISO); shift: Optoma lens datasheets give 'vertical 120% / horizontal 50%' total travel (read here as ±60%/±25%; ProjectorCentral lists ±60%/±25% for ZK1120/ZK1320)",https://region-resource.optoma.com/datasheets/15/bx-cta22.pdf,official,yes,https://region-resource.optoma.com/datasheets/15/bx-cta22.pdf,2026-10-09
Optoma,ZU1700,,1920x1200 (WUXGA),Optoma BX-CTA (ZU1700/1900/2200 & ZK1120/1320 mount),BX-CTA23,4.0,7.2,±60%,±25%,"extra-long zoom; 1-chip DLP laser; 17,000 lm (ISO); shift: Optoma lens datasheets give 'vertical 120% / horizontal 50%' total travel (read here as ±60%/±25%; ProjectorCentral lists ±60%/±25% for ZK1120/ZK1320)",https://region-resource.optoma.com/datasheets/15/bx-cta23.pdf,official,yes,https://region-resource.optoma.com/datasheets/15/bx-cta23.pdf,2026-10-09
Optoma,ZU1700,,1920x1200 (WUXGA),Optoma BX-CTA (ZU1700/1900/2200 & ZK1120/1320 mount),BX-CTA27,7.2,10.8,,,"extreme long zoom; shift not stated; 1-chip DLP laser; 17,000 lm (ISO); shift: Optoma lens datasheets give 'vertical 120% / horizontal 50%' total travel (read here as ±60%/±25%; ProjectorCentral lists ±60%/±25% for ZK1120/ZK1320)",https://www.optomausa.com/product/bx-cta27,official,yes,https://www.optomausa.com/products/accessories/optional-lenses,2026-10-09
Optoma,ZU1900,,1920x1200 (WUXGA),Optoma BX-CTA (ZU1700/1900/2200 & ZK1120/1320 mount),BX-CTA11,0.65,0.75,±60%,±25%,"short zoom; 1-chip DLP laser; 19,000 lm (ISO); shift: Optoma lens datasheets give 'vertical 120% / horizontal 50%' total travel (read here as ±60%/±25%; ProjectorCentral lists ±60%/±25% for ZK1120/ZK1320)",https://region-resource.optoma.com/datasheets/2/bx-cta11.pdf,official,yes,https://region-resource.optoma.com/datasheets/2/bx-cta11.pdf,2026-10-09
Optoma,ZU1900,,1920x1200 (WUXGA),Optoma BX-CTA (ZU1700/1900/2200 & ZK1120/1320 mount),BX-CTA12,0.75,1.08,±60%,±25%,"semi-short zoom; 1-chip DLP laser; 19,000 lm (ISO); shift: Optoma lens datasheets give 'vertical 120% / horizontal 50%' total travel (read here as ±60%/±25%; ProjectorCentral lists ±60%/±25% for ZK1120/ZK1320)",https://region-resource.optoma.com/datasheets/2/bx-cta12.pdf,official,yes,https://region-resource.optoma.com/datasheets/2/bx-cta12.pdf,2026-10-09
Optoma,ZU1900,,1920x1200 (WUXGA),Optoma BX-CTA (ZU1700/1900/2200 & ZK1120/1320 mount),BX-CTA18,0.84,1.02,±60%,±25%,"short zoom; 1-chip DLP laser; 19,000 lm (ISO); shift: Optoma lens datasheets give 'vertical 120% / horizontal 50%' total travel (read here as ±60%/±25%; ProjectorCentral lists ±60%/±25% for ZK1120/ZK1320)",https://region-resource.optoma.com/datasheets/15/bx-cta18.pdf,official,yes,https://www.optomausa.com/products/accessories/optional-lenses,2026-10-09
Optoma,ZU1900,,1920x1200 (WUXGA),Optoma BX-CTA (ZU1700/1900/2200 & ZK1120/1320 mount),BX-CTA19,1.02,1.36,±60%,±25%,"wide zoom; 1-chip DLP laser; 19,000 lm (ISO); shift: Optoma lens datasheets give 'vertical 120% / horizontal 50%' total travel (read here as ±60%/±25%; ProjectorCentral lists ±60%/±25% for ZK1120/ZK1320)",https://region-resource.optoma.com/datasheets/15/bx-cta19.pdf,official,yes,https://region-resource.optoma.com/datasheets/15/bx-cta19.pdf,2026-10-09
Optoma,ZU1900,,1920x1200 (WUXGA),Optoma BX-CTA (ZU1700/1900/2200 & ZK1120/1320 mount),BX-CTA20,1.2,1.5,±60%,±25%,"semi-wide zoom; 1-chip DLP laser; 19,000 lm (ISO); shift: Optoma lens datasheets give 'vertical 120% / horizontal 50%' total travel (read here as ±60%/±25%; ProjectorCentral lists ±60%/±25% for ZK1120/ZK1320)",https://region-resource.optoma.com/datasheets/15/bx-cta20.pdf,official,yes,https://region-resource.optoma.com/datasheets/15/bx-cta20.pdf,2026-10-09
Optoma,ZU1900,,1920x1200 (WUXGA),Optoma BX-CTA (ZU1700/1900/2200 & ZK1120/1320 mount),BX-CTA21,1.5,2.0,±60%,±25%,"standard zoom; 1-chip DLP laser; 19,000 lm (ISO); shift: Optoma lens datasheets give 'vertical 120% / horizontal 50%' total travel (read here as ±60%/±25%; ProjectorCentral lists ±60%/±25% for ZK1120/ZK1320)",https://region-resource.optoma.com/datasheets/15/bx-cta21.pdf,official,yes,https://region-resource.optoma.com/datasheets/15/bx-cta21.pdf,2026-10-09
Optoma,ZU1900,,1920x1200 (WUXGA),Optoma BX-CTA (ZU1700/1900/2200 & ZK1120/1320 mount),BX-CTA22,2.0,4.0,±60%,±25%,"long zoom; 1-chip DLP laser; 19,000 lm (ISO); shift: Optoma lens datasheets give 'vertical 120% / horizontal 50%' total travel (read here as ±60%/±25%; ProjectorCentral lists ±60%/±25% for ZK1120/ZK1320)",https://region-resource.optoma.com/datasheets/15/bx-cta22.pdf,official,yes,https://region-resource.optoma.com/datasheets/15/bx-cta22.pdf,2026-10-09
Optoma,ZU1900,,1920x1200 (WUXGA),Optoma BX-CTA (ZU1700/1900/2200 & ZK1120/1320 mount),BX-CTA23,4.0,7.2,±60%,±25%,"extra-long zoom; 1-chip DLP laser; 19,000 lm (ISO); shift: Optoma lens datasheets give 'vertical 120% / horizontal 50%' total travel (read here as ±60%/±25%; ProjectorCentral lists ±60%/±25% for ZK1120/ZK1320)",https://region-resource.optoma.com/datasheets/15/bx-cta23.pdf,official,yes,https://region-resource.optoma.com/datasheets/15/bx-cta23.pdf,2026-10-09
Optoma,ZU1900,,1920x1200 (WUXGA),Optoma BX-CTA (ZU1700/1900/2200 & ZK1120/1320 mount),BX-CTA27,7.2,10.8,,,"extreme long zoom; shift not stated; 1-chip DLP laser; 19,000 lm (ISO); shift: Optoma lens datasheets give 'vertical 120% / horizontal 50%' total travel (read here as ±60%/±25%; ProjectorCentral lists ±60%/±25% for ZK1120/ZK1320)",https://www.optomausa.com/product/bx-cta27,official,yes,https://www.optomausa.com/products/accessories/optional-lenses,2026-10-09
Optoma,ZU2200,18500,1920x1200 (WUXGA),Optoma BX-CTA (ZU1700/1900/2200 & ZK1120/1320 mount),BX-CTA11,0.65,0.75,±60%,±25%,"short zoom; 1-chip DLP laser; 22,000 lm headline; ANSI from Optoma datasheet https://www.procom-me.com/wp-content/uploads/2022/11/ZU2200-DataSheet.pdf; shift: Optoma lens datasheets give 'vertical 120% / horizontal 50%' total travel (read here as ±60%/±25%; ProjectorCentral lists ±60%/±25% for ZK1120/ZK1320)",https://region-resource.optoma.com/datasheets/2/bx-cta11.pdf,official,yes,https://region-resource.optoma.com/datasheets/2/bx-cta11.pdf,2026-10-09
Optoma,ZU2200,18500,1920x1200 (WUXGA),Optoma BX-CTA (ZU1700/1900/2200 & ZK1120/1320 mount),BX-CTA12,0.75,1.08,±60%,±25%,"semi-short zoom; 1-chip DLP laser; 22,000 lm headline; ANSI from Optoma datasheet https://www.procom-me.com/wp-content/uploads/2022/11/ZU2200-DataSheet.pdf; shift: Optoma lens datasheets give 'vertical 120% / horizontal 50%' total travel (read here as ±60%/±25%; ProjectorCentral lists ±60%/±25% for ZK1120/ZK1320)",https://region-resource.optoma.com/datasheets/2/bx-cta12.pdf,official,yes,https://region-resource.optoma.com/datasheets/2/bx-cta12.pdf,2026-10-09
Optoma,ZU2200,18500,1920x1200 (WUXGA),Optoma BX-CTA (ZU1700/1900/2200 & ZK1120/1320 mount),BX-CTA18,0.84,1.02,±60%,±25%,"short zoom; 1-chip DLP laser; 22,000 lm headline; ANSI from Optoma datasheet https://www.procom-me.com/wp-content/uploads/2022/11/ZU2200-DataSheet.pdf; shift: Optoma lens datasheets give 'vertical 120% / horizontal 50%' total travel (read here as ±60%/±25%; ProjectorCentral lists ±60%/±25% for ZK1120/ZK1320)",https://region-resource.optoma.com/datasheets/15/bx-cta18.pdf,official,yes,https://www.optomausa.com/products/accessories/optional-lenses,2026-10-09
Optoma,ZU2200,18500,1920x1200 (WUXGA),Optoma BX-CTA (ZU1700/1900/2200 & ZK1120/1320 mount),BX-CTA19,1.02,1.36,±60%,±25%,"wide zoom; 1-chip DLP laser; 22,000 lm headline; ANSI from Optoma datasheet https://www.procom-me.com/wp-content/uploads/2022/11/ZU2200-DataSheet.pdf; shift: Optoma lens datasheets give 'vertical 120% / horizontal 50%' total travel (read here as ±60%/±25%; ProjectorCentral lists ±60%/±25% for ZK1120/ZK1320)",https://region-resource.optoma.com/datasheets/15/bx-cta19.pdf,official,yes,https://region-resource.optoma.com/datasheets/15/bx-cta19.pdf,2026-10-09
Optoma,ZU2200,18500,1920x1200 (WUXGA),Optoma BX-CTA (ZU1700/1900/2200 & ZK1120/1320 mount),BX-CTA20,1.2,1.5,±60%,±25%,"semi-wide zoom; 1-chip DLP laser; 22,000 lm headline; ANSI from Optoma datasheet https://www.procom-me.com/wp-content/uploads/2022/11/ZU2200-DataSheet.pdf; shift: Optoma lens datasheets give 'vertical 120% / horizontal 50%' total travel (read here as ±60%/±25%; ProjectorCentral lists ±60%/±25% for ZK1120/ZK1320)",https://region-resource.optoma.com/datasheets/15/bx-cta20.pdf,official,yes,https://region-resource.optoma.com/datasheets/15/bx-cta20.pdf,2026-10-09
Optoma,ZU2200,18500,1920x1200 (WUXGA),Optoma BX-CTA (ZU1700/1900/2200 & ZK1120/1320 mount),BX-CTA21,1.5,2.0,±60%,±25%,"standard zoom; 1-chip DLP laser; 22,000 lm headline; ANSI from Optoma datasheet https://www.procom-me.com/wp-content/uploads/2022/11/ZU2200-DataSheet.pdf; shift: Optoma lens datasheets give 'vertical 120% / horizontal 50%' total travel (read here as ±60%/±25%; ProjectorCentral lists ±60%/±25% for ZK1120/ZK1320)",https://region-resource.optoma.com/datasheets/15/bx-cta21.pdf,official,yes,https://region-resource.optoma.com/datasheets/15/bx-cta21.pdf,2026-10-09
Optoma,ZU2200,18500,1920x1200 (WUXGA),Optoma BX-CTA (ZU1700/1900/2200 & ZK1120/1320 mount),BX-CTA22,2.0,4.0,±60%,±25%,"long zoom; 1-chip DLP laser; 22,000 lm headline; ANSI from Optoma datasheet https://www.procom-me.com/wp-content/uploads/2022/11/ZU2200-DataSheet.pdf; shift: Optoma lens datasheets give 'vertical 120% / horizontal 50%' total travel (read here as ±60%/±25%; ProjectorCentral lists ±60%/±25% for ZK1120/ZK1320)",https://region-resource.optoma.com/datasheets/15/bx-cta22.pdf,official,yes,https://region-resource.optoma.com/datasheets/15/bx-cta22.pdf,2026-10-09
Optoma,ZU2200,18500,1920x1200 (WUXGA),Optoma BX-CTA (ZU1700/1900/2200 & ZK1120/1320 mount),BX-CTA23,4.0,7.2,±60%,±25%,"extra-long zoom; 1-chip DLP laser; 22,000 lm headline; ANSI from Optoma datasheet https://www.procom-me.com/wp-content/uploads/2022/11/ZU2200-DataSheet.pdf; shift: Optoma lens datasheets give 'vertical 120% / horizontal 50%' total travel (read here as ±60%/±25%; ProjectorCentral lists ±60%/±25% for ZK1120/ZK1320)",https://region-resource.optoma.com/datasheets/15/bx-cta23.pdf,official,yes,https://region-resource.optoma.com/datasheets/15/bx-cta23.pdf,2026-10-09
Optoma,ZU2200,18500,1920x1200 (WUXGA),Optoma BX-CTA (ZU1700/1900/2200 & ZK1120/1320 mount),BX-CTA27,7.2,10.8,,,"extreme long zoom; shift not stated; 1-chip DLP laser; 22,000 lm headline; ANSI from Optoma datasheet https://www.procom-me.com/wp-content/uploads/2022/11/ZU2200-DataSheet.pdf; shift: Optoma lens datasheets give 'vertical 120% / horizontal 50%' total travel (read here as ±60%/±25%; ProjectorCentral lists ±60%/±25% for ZK1120/ZK1320)",https://www.optomausa.com/product/bx-cta27,official,yes,https://www.optomausa.com/products/accessories/optional-lenses,2026-10-09
Panasonic,PT-DZ21K2,,1920x1200 (WUXGA),ET-D3L / ET-D75LE (3-chip DLP bayonet),ET-D75LE95,0.36,0.36,+5% / -7%,±12%,fixed-focus mirror UST; shift from lens spec PDF (different reference point from projector pages); throw is the lens's published WUXGA value (lens spec lists this body); projector spec page not reachable this pass: lumens and default shift not recorded; lens compatibility from Panasonic lens pages; discontinued projector,https://eu.connect.panasonic.com/gb/en/projectors/et-d75le10,official,yes,https://eu.connect.panasonic.com/gb/en/projectors/et-d75le95,2026-10-09
Panasonic,PT-DZ21K2,,1920x1200 (WUXGA),ET-D3L / ET-D75LE (3-chip DLP bayonet),ET-D3LEW50,0.694,0.694,,,fixed-focus; throw is the lens's published WUXGA value (lens spec lists this body); projector spec page not reachable this pass: lumens and default shift not recorded; lens compatibility from Panasonic lens pages; discontinued projector,https://eu.connect.panasonic.com/gb/en/projectors/et-d75le10,official,yes,https://eu.connect.panasonic.com/sites/default/files/media/2024-04/et-d3lew50_spec_en.pdf,2026-10-09
Panasonic,PT-DZ21K2,,1920x1200 (WUXGA),ET-D3L / ET-D75LE (3-chip DLP bayonet),ET-D75LE6,0.924,1.10,,,zoom; discontinued lens; throw is the lens's published WUXGA value (lens spec lists this body); projector spec page not reachable this pass: lumens and default shift not recorded; lens compatibility from Panasonic lens pages; discontinued projector,https://eu.connect.panasonic.com/gb/en/projectors/et-d75le10,official,yes,https://eu.connect.panasonic.com/gb/en/projectors/et-d75le6,2026-10-09
Panasonic,PT-DZ21K2,,1920x1200 (WUXGA),ET-D3L / ET-D75LE (3-chip DLP bayonet),ET-D75LE10,1.30,1.67,,,zoom; discontinued lens; throw is the lens's published WUXGA value (lens spec lists this body); projector spec page not reachable this pass: lumens and default shift not recorded; lens compatibility from Panasonic lens pages; discontinued projector,https://eu.connect.panasonic.com/gb/en/projectors/et-d75le10,official,yes,https://eu.connect.panasonic.com/sites/default/files/media/document/2024-04/et-d75le10_spec_en_4.pdf,2026-10-09
Panasonic,PT-DZ21K2,,1920x1200 (WUXGA),ET-D3L / ET-D75LE (3-chip DLP bayonet),ET-D75LE20,1.67,2.41,,,zoom; discontinued lens; throw is the lens's published WUXGA value (lens spec lists this body); projector spec page not reachable this pass: lumens and default shift not recorded; lens compatibility from Panasonic lens pages; discontinued projector,https://eu.connect.panasonic.com/gb/en/projectors/et-d75le10,official,yes,https://eu.connect.panasonic.com/gb/en/projectors/et-d75le20,2026-10-09
Panasonic,PT-DZ21K2,,1920x1200 (WUXGA),ET-D3L / ET-D75LE (3-chip DLP bayonet),ET-D75LE30,2.40,4.66,,,zoom; discontinued lens; throw is the lens's published WUXGA value (lens spec lists this body); projector spec page not reachable this pass: lumens and default shift not recorded; lens compatibility from Panasonic lens pages; discontinued projector,https://eu.connect.panasonic.com/gb/en/projectors/et-d75le10,official,yes,https://eu.connect.panasonic.com/gb/en/projectors/et-d75le30,2026-10-09
Panasonic,PT-DZ21K2,,1920x1200 (WUXGA),ET-D3L / ET-D75LE (3-chip DLP bayonet),ET-D75LE40,4.62,7.38,,,zoom; discontinued lens; throw is the lens's published WUXGA value (lens spec lists this body); projector spec page not reachable this pass: lumens and default shift not recorded; lens compatibility from Panasonic lens pages; discontinued projector,https://eu.connect.panasonic.com/gb/en/projectors/et-d75le10,official,yes,https://eu.connect.panasonic.com/gb/en/projectors/et-d75le40,2026-10-09
Panasonic,PT-DZ21K2,,1920x1200 (WUXGA),ET-D3L / ET-D75LE (3-chip DLP bayonet),ET-D75LE8,7.34,13.8,,,zoom; discontinued lens; throw is the lens's published WUXGA value (lens spec lists this body); projector spec page not reachable this pass: lumens and default shift not recorded; lens compatibility from Panasonic lens pages; discontinued projector,https://eu.connect.panasonic.com/gb/en/projectors/et-d75le10,official,yes,https://eu.connect.panasonic.com/gb/en/projectors/et-d75le8,2026-10-09
Panasonic,PT-DZ21K2,,1920x1200 (WUXGA),ET-D3L / ET-D75LE (3-chip DLP bayonet),ET-D3LEF70,,,±27%,±12%,"fisheye/dome lens, 91.6 deg; no throw ratio published; shift from lens spec PDF WUXGA row; throw is the lens's published WUXGA value (lens spec lists this body); projector spec page not reachable this pass: lumens and default shift not recorded; lens compatibility from Panasonic lens pages; discontinued projector",https://eu.connect.panasonic.com/gb/en/projectors/et-d75le10,official,yes,https://eu.connect.panasonic.com/sites/default/files/media/document/2024-04/et-d3lef70_spec_en_3.pdf,2026-10-09
Panasonic,PT-MZ10KL,,"1920x1200 (WUXGA, 1.0in 3LCD)","ET-EM (3LCD, MZ20K series)",ET-EMU100,0.330,0.353,+50% / -20%,±20%,"UST zoom; shift from PT-MZ16K series spec page; 3LCD laser, no lens supplied; Panasonic rates 10,000 lm ISO 21118 (no ANSI)",https://docs.connect.panasonic.com/projector/products/mz16k/spec/,official,yes,https://eu.connect.panasonic.com/gb/en/projectors/et-emu100,2026-10-09
Panasonic,PT-MZ10KL,,"1920x1200 (WUXGA, 1.0in 3LCD)","ET-EM (3LCD, MZ20K series)",ET-EMW200,0.480,0.550,±40%,±19%,"zoom; shift from PT-MZ16K series spec page; 3LCD laser, no lens supplied; Panasonic rates 10,000 lm ISO 21118 (no ANSI)",https://docs.connect.panasonic.com/projector/products/mz16k/spec/,official,yes,https://eu.connect.panasonic.com/gb/en/projectors/et-emw200,2026-10-09
Panasonic,PT-MZ10KL,,"1920x1200 (WUXGA, 1.0in 3LCD)","ET-EM (3LCD, MZ20K series)",ET-EMW300,0.550,0.690,±50%,±20%,"zoom; shift from PT-MZ16K series spec page; 3LCD laser, no lens supplied; Panasonic rates 10,000 lm ISO 21118 (no ANSI)",https://docs.connect.panasonic.com/projector/products/mz16k/spec/,official,yes,https://eu.connect.panasonic.com/gb/en/projectors/et-emw300,2026-10-09
Panasonic,PT-MZ10KL,,"1920x1200 (WUXGA, 1.0in 3LCD)","ET-EM (3LCD, MZ20K series)",ET-EMW400,0.690,0.950,±60%,±20%,"zoom; shift from PT-MZ16K series spec page; 3LCD laser, no lens supplied; Panasonic rates 10,000 lm ISO 21118 (no ANSI)",https://docs.connect.panasonic.com/projector/products/mz16k/spec/,official,yes,https://eu.connect.panasonic.com/gb/en/projectors/et-emw400,2026-10-09
Panasonic,PT-MZ10KL,,"1920x1200 (WUXGA, 1.0in 3LCD)","ET-EM (3LCD, MZ20K series)",ET-EMW500,0.950,1.36,±60%,±20%,"zoom; shift from PT-MZ16K series spec page; 3LCD laser, no lens supplied; Panasonic rates 10,000 lm ISO 21118 (no ANSI)",https://docs.connect.panasonic.com/projector/products/mz16k/spec/,official,yes,https://eu.connect.panasonic.com/gb/en/projectors/et-emw500,2026-10-09
Panasonic,PT-MZ10KL,,"1920x1200 (WUXGA, 1.0in 3LCD)","ET-EM (3LCD, MZ20K series)",ET-EMS600,1.35,2.10,±60%,±20%,"zoom; shift from PT-MZ16K series spec page; 3LCD laser, no lens supplied; Panasonic rates 10,000 lm ISO 21118 (no ANSI)",https://docs.connect.panasonic.com/projector/products/mz16k/spec/,official,yes,https://eu.connect.panasonic.com/gb/en/projectors/et-ems600,2026-10-09
Panasonic,PT-MZ10KL,,"1920x1200 (WUXGA, 1.0in 3LCD)","ET-EM (3LCD, MZ20K series)",ET-EMT700,2.10,4.14,±60%,±20%,"zoom; discontinued lens; shift from PT-MZ16K series spec page; 3LCD laser, no lens supplied; Panasonic rates 10,000 lm ISO 21118 (no ANSI)",https://docs.connect.panasonic.com/projector/products/mz16k/spec/,official,yes,https://eu.connect.panasonic.com/gb/en/projectors/et-emt700,2026-10-09
Panasonic,PT-MZ10KL,,"1920x1200 (WUXGA, 1.0in 3LCD)","ET-EM (3LCD, MZ20K series)",ET-EMT800,4.14,7.40,±60%,±20%,"zoom; discontinued lens; shift from PT-MZ16K series spec page; 3LCD laser, no lens supplied; Panasonic rates 10,000 lm ISO 21118 (no ANSI)",https://docs.connect.panasonic.com/projector/products/mz16k/spec/,official,yes,https://eu.connect.panasonic.com/gb/en/projectors/et-emt800,2026-10-09
Panasonic,PT-MZ11KL,11000,1920x1200 (WUXGA),"ET-EM (3LCD, MZ20K series)",ET-EMU100,0.330,0.353,+50% / -20%,±20%,"UST zoom; lens page spec row lists MZ16K series; key-features list includes MZ20KL/17KL/14KL/11KL while key features list MZ20K series - confirm; 3LCD laser; shift_h was (blank) (projector default, no horizontal exception listed for ET-EMU100)",https://eu.connect.panasonic.com/gb/en/projectors/et-emu100,official,yes,https://eu.connect.panasonic.com/gb/en/projectors/et-emu100,2026-10-09
Panasonic,PT-MZ11KL,11000,1920x1200 (WUXGA),"ET-EM (3LCD, MZ20K series)",ET-EMW200,0.480,0.550,±40%,±19%,zoom; 3LCD laser,https://eu.connect.panasonic.com/gb/en/projectors/et-emw200,official,yes,https://eu.connect.panasonic.com/gb/en/projectors/et-emw200,2026-10-09
Panasonic,PT-MZ11KL,11000,1920x1200 (WUXGA),"ET-EM (3LCD, MZ20K series)",ET-EMW300,0.550,0.690,±50%,±20%,zoom; 3LCD laser,https://eu.connect.panasonic.com/gb/en/projectors/et-emw300,official,yes,https://eu.connect.panasonic.com/gb/en/projectors/et-emw300,2026-10-09
Panasonic,PT-MZ11KL,11000,1920x1200 (WUXGA),"ET-EM (3LCD, MZ20K series)",ET-EMW400,0.690,0.950,±60%,±20%,zoom; shift = projector default; 3LCD laser,https://eu.connect.panasonic.com/gb/en/projectors/et-emw400,official,yes,https://eu.connect.panasonic.com/gb/en/projectors/et-emw400,2026-10-09
Panasonic,PT-MZ11KL,11000,1920x1200 (WUXGA),"ET-EM (3LCD, MZ20K series)",ET-EMW500,0.950,1.36,±60%,±20%,zoom; shift = projector default; 3LCD laser,https://eu.connect.panasonic.com/gb/en/projectors/et-emw500,official,yes,https://eu.connect.panasonic.com/gb/en/projectors/et-emw500,2026-10-09
Panasonic,PT-MZ11KL,11000,1920x1200 (WUXGA),"ET-EM (3LCD, MZ20K series)",ET-EMS600,1.35,2.10,±60%,±20%,zoom; lens page lists MZ17KL/14KL/11KL (not MZ20KL); MZ20K spec page confirms ET-EMT800 for MZ17KL/14KL/11KL only; shift = projector default; 3LCD laser,https://docs.connect.panasonic.com/projector/products/mz20k/spec/,official,yes,https://eu.connect.panasonic.com/gb/en/projectors/et-ems600,2026-10-09
Panasonic,PT-MZ11KL,11000,1920x1200 (WUXGA),"ET-EM (3LCD, MZ20K series)",ET-EMS650,1.35,2.10,±60%,±20%,zoom; reference lens for rated brightness; 3LCD laser,https://eu.connect.panasonic.com/gb/en/projectors/et-ems650,official,yes,https://eu.connect.panasonic.com/gb/en/projectors/et-ems650,2026-10-09
Panasonic,PT-MZ11KL,11000,1920x1200 (WUXGA),"ET-EM (3LCD, MZ20K series)",ET-EMT700,2.10,4.14,±60%,±20%,zoom; discontinued lens; lens page lists MZ17KL/14KL/11KL (not MZ20KL); MZ20K spec page confirms ET-EMT800 for MZ17KL/14KL/11KL only; shift = projector default; 3LCD laser,https://docs.connect.panasonic.com/projector/products/mz20k/spec/,official,yes,https://eu.connect.panasonic.com/gb/en/projectors/et-emt700,2026-10-09
Panasonic,PT-MZ11KL,11000,1920x1200 (WUXGA),"ET-EM (3LCD, MZ20K series)",ET-EMT750,2.10,4.14,±60%,±20%,zoom; successor to discontinued ET-EMT700; 3LCD laser,https://eu.connect.panasonic.com/gb/en/projectors/et-emt750,official,yes,https://eu.connect.panasonic.com/gb/en/projectors/et-emt750,2026-10-09
Panasonic,PT-MZ11KL,11000,1920x1200 (WUXGA),"ET-EM (3LCD, MZ20K series)",ET-EMT800,4.14,7.40,±60%,±20%,zoom; discontinued lens; lens page lists MZ17KL/14KL/11KL (not MZ20KL); MZ20K spec page confirms ET-EMT800 for MZ17KL/14KL/11KL only; shift = projector default; 3LCD laser,https://docs.connect.panasonic.com/projector/products/mz20k/spec/,official,yes,https://eu.connect.panasonic.com/gb/en/projectors/et-emt800,2026-10-09
Panasonic,PT-MZ11KL,11000,1920x1200 (WUXGA),"ET-EM (3LCD, MZ20K series)",ET-EMT850,4.14,7.40,±60%,±20%,zoom; successor to discontinued ET-EMT800 (EMT800 not compatible with MZ20KL); 3LCD laser,https://eu.connect.panasonic.com/gb/en/projectors/et-emt850,official,yes,https://eu.connect.panasonic.com/gb/en/projectors/et-emt850,2026-10-09
Panasonic,PT-MZ13KL,,"1920x1200 (WUXGA, 1.0in 3LCD)","ET-EM (3LCD, MZ20K series)",ET-EMU100,0.330,0.353,+50% / -20%,±20%,"UST zoom; shift from PT-MZ16K series spec page; 3LCD laser, no lens supplied; Panasonic rates 13,000 lm ISO 21118 (no ANSI)",https://docs.connect.panasonic.com/projector/products/mz16k/spec/,official,yes,https://eu.connect.panasonic.com/gb/en/projectors/et-emu100,2026-10-09
Panasonic,PT-MZ13KL,,"1920x1200 (WUXGA, 1.0in 3LCD)","ET-EM (3LCD, MZ20K series)",ET-EMW200,0.480,0.550,±40%,±19%,"zoom; shift from PT-MZ16K series spec page; 3LCD laser, no lens supplied; Panasonic rates 13,000 lm ISO 21118 (no ANSI)",https://docs.connect.panasonic.com/projector/products/mz16k/spec/,official,yes,https://eu.connect.panasonic.com/gb/en/projectors/et-emw200,2026-10-09
Panasonic,PT-MZ13KL,,"1920x1200 (WUXGA, 1.0in 3LCD)","ET-EM (3LCD, MZ20K series)",ET-EMW300,0.550,0.690,±50%,±20%,"zoom; shift from PT-MZ16K series spec page; 3LCD laser, no lens supplied; Panasonic rates 13,000 lm ISO 21118 (no ANSI)",https://docs.connect.panasonic.com/projector/products/mz16k/spec/,official,yes,https://eu.connect.panasonic.com/gb/en/projectors/et-emw300,2026-10-09
Panasonic,PT-MZ13KL,,"1920x1200 (WUXGA, 1.0in 3LCD)","ET-EM (3LCD, MZ20K series)",ET-EMW400,0.690,0.950,±60%,±20%,"zoom; shift from PT-MZ16K series spec page; 3LCD laser, no lens supplied; Panasonic rates 13,000 lm ISO 21118 (no ANSI)",https://docs.connect.panasonic.com/projector/products/mz16k/spec/,official,yes,https://eu.connect.panasonic.com/gb/en/projectors/et-emw400,2026-10-09
Panasonic,PT-MZ13KL,,"1920x1200 (WUXGA, 1.0in 3LCD)","ET-EM (3LCD, MZ20K series)",ET-EMW500,0.950,1.36,±60%,±20%,"zoom; shift from PT-MZ16K series spec page; 3LCD laser, no lens supplied; Panasonic rates 13,000 lm ISO 21118 (no ANSI)",https://docs.connect.panasonic.com/projector/products/mz16k/spec/,official,yes,https://eu.connect.panasonic.com/gb/en/projectors/et-emw500,2026-10-09
Panasonic,PT-MZ13KL,,"1920x1200 (WUXGA, 1.0in 3LCD)","ET-EM (3LCD, MZ20K series)",ET-EMS600,1.35,2.10,±60%,±20%,"zoom; shift from PT-MZ16K series spec page; 3LCD laser, no lens supplied; Panasonic rates 13,000 lm ISO 21118 (no ANSI)",https://docs.connect.panasonic.com/projector/products/mz16k/spec/,official,yes,https://eu.connect.panasonic.com/gb/en/projectors/et-ems600,2026-10-09
Panasonic,PT-MZ13KL,,"1920x1200 (WUXGA, 1.0in 3LCD)","ET-EM (3LCD, MZ20K series)",ET-EMT700,2.10,4.14,±60%,±20%,"zoom; discontinued lens; shift from PT-MZ16K series spec page; 3LCD laser, no lens supplied; Panasonic rates 13,000 lm ISO 21118 (no ANSI)",https://docs.connect.panasonic.com/projector/products/mz16k/spec/,official,yes,https://eu.connect.panasonic.com/gb/en/projectors/et-emt700,2026-10-09
Panasonic,PT-MZ13KL,,"1920x1200 (WUXGA, 1.0in 3LCD)","ET-EM (3LCD, MZ20K series)",ET-EMT800,4.14,7.40,±60%,±20%,"zoom; discontinued lens; shift from PT-MZ16K series spec page; 3LCD laser, no lens supplied; Panasonic rates 13,000 lm ISO 21118 (no ANSI)",https://docs.connect.panasonic.com/projector/products/mz16k/spec/,official,yes,https://eu.connect.panasonic.com/gb/en/projectors/et-emt800,2026-10-09
Panasonic,PT-MZ14KL,14000,1920x1200 (WUXGA),"ET-EM (3LCD, MZ20K series)",ET-EMU100,0.330,0.353,+50% / -20%,±20%,"UST zoom; lens page spec row lists MZ16K series; key-features list includes MZ20KL/17KL/14KL/11KL while key features list MZ20K series - confirm; 3LCD laser; shift_h was (blank) (projector default, no horizontal exception listed for ET-EMU100)",https://eu.connect.panasonic.com/gb/en/projectors/et-emu100,official,yes,https://eu.connect.panasonic.com/gb/en/projectors/et-emu100,2026-10-09
Panasonic,PT-MZ14KL,14000,1920x1200 (WUXGA),"ET-EM (3LCD, MZ20K series)",ET-EMW200,0.480,0.550,±40%,±19%,zoom; 3LCD laser,https://eu.connect.panasonic.com/gb/en/projectors/et-emw200,official,yes,https://eu.connect.panasonic.com/gb/en/projectors/et-emw200,2026-10-09
Panasonic,PT-MZ14KL,14000,1920x1200 (WUXGA),"ET-EM (3LCD, MZ20K series)",ET-EMW300,0.550,0.690,±50%,±20%,zoom; 3LCD laser,https://eu.connect.panasonic.com/gb/en/projectors/et-emw300,official,yes,https://eu.connect.panasonic.com/gb/en/projectors/et-emw300,2026-10-09
Panasonic,PT-MZ14KL,14000,1920x1200 (WUXGA),"ET-EM (3LCD, MZ20K series)",ET-EMW400,0.690,0.950,±60%,±20%,zoom; shift = projector default; 3LCD laser,https://eu.connect.panasonic.com/gb/en/projectors/et-emw400,official,yes,https://eu.connect.panasonic.com/gb/en/projectors/et-emw400,2026-10-09
Panasonic,PT-MZ14KL,14000,1920x1200 (WUXGA),"ET-EM (3LCD, MZ20K series)",ET-EMW500,0.950,1.36,±60%,±20%,zoom; shift = projector default; 3LCD laser,https://eu.connect.panasonic.com/gb/en/projectors/et-emw500,official,yes,https://eu.connect.panasonic.com/gb/en/projectors/et-emw500,2026-10-09
Panasonic,PT-MZ14KL,14000,1920x1200 (WUXGA),"ET-EM (3LCD, MZ20K series)",ET-EMS600,1.35,2.10,±60%,±20%,zoom; lens page lists MZ17KL/14KL/11KL (not MZ20KL); MZ20K spec page confirms ET-EMT800 for MZ17KL/14KL/11KL only; shift = projector default; 3LCD laser,https://docs.connect.panasonic.com/projector/products/mz20k/spec/,official,yes,https://eu.connect.panasonic.com/gb/en/projectors/et-ems600,2026-10-09
Panasonic,PT-MZ14KL,14000,1920x1200 (WUXGA),"ET-EM (3LCD, MZ20K series)",ET-EMS650,1.35,2.10,±60%,±20%,zoom; reference lens for rated brightness; 3LCD laser,https://eu.connect.panasonic.com/gb/en/projectors/et-ems650,official,yes,https://eu.connect.panasonic.com/gb/en/projectors/et-ems650,2026-10-09
Panasonic,PT-MZ14KL,14000,1920x1200 (WUXGA),"ET-EM (3LCD, MZ20K series)",ET-EMT700,2.10,4.14,±60%,±20%,zoom; discontinued lens; lens page lists MZ17KL/14KL/11KL (not MZ20KL); MZ20K spec page confirms ET-EMT800 for MZ17KL/14KL/11KL only; shift = projector default; 3LCD laser,https://docs.connect.panasonic.com/projector/products/mz20k/spec/,official,yes,https://eu.connect.panasonic.com/gb/en/projectors/et-emt700,2026-10-09
Panasonic,PT-MZ14KL,14000,1920x1200 (WUXGA),"ET-EM (3LCD, MZ20K series)",ET-EMT750,2.10,4.14,±60%,±20%,zoom; successor to discontinued ET-EMT700; 3LCD laser,https://eu.connect.panasonic.com/gb/en/projectors/et-emt750,official,yes,https://eu.connect.panasonic.com/gb/en/projectors/et-emt750,2026-10-09
Panasonic,PT-MZ14KL,14000,1920x1200 (WUXGA),"ET-EM (3LCD, MZ20K series)",ET-EMT800,4.14,7.40,±60%,±20%,zoom; discontinued lens; lens page lists MZ17KL/14KL/11KL (not MZ20KL); MZ20K spec page confirms ET-EMT800 for MZ17KL/14KL/11KL only; shift = projector default; 3LCD laser,https://docs.connect.panasonic.com/projector/products/mz20k/spec/,official,yes,https://eu.connect.panasonic.com/gb/en/projectors/et-emt800,2026-10-09
Panasonic,PT-MZ14KL,14000,1920x1200 (WUXGA),"ET-EM (3LCD, MZ20K series)",ET-EMT850,4.14,7.40,±60%,±20%,zoom; successor to discontinued ET-EMT800 (EMT800 not compatible with MZ20KL); 3LCD laser,https://eu.connect.panasonic.com/gb/en/projectors/et-emt850,official,yes,https://eu.connect.panasonic.com/gb/en/projectors/et-emt850,2026-10-09
Panasonic,PT-MZ16KL,,"1920x1200 (WUXGA, 1.0in 3LCD)","ET-EM (3LCD, MZ20K series)",ET-EMU100,0.330,0.353,+50% / -20%,±20%,"UST zoom; shift from PT-MZ16K series spec page; 3LCD laser, no lens supplied; Panasonic rates 16,000 lm ISO 21118 (no ANSI)",https://docs.connect.panasonic.com/projector/products/mz16k/spec/,official,yes,https://eu.connect.panasonic.com/gb/en/projectors/et-emu100,2026-10-09
Panasonic,PT-MZ16KL,,"1920x1200 (WUXGA, 1.0in 3LCD)","ET-EM (3LCD, MZ20K series)",ET-EMW200,0.480,0.550,±40%,±19%,"zoom; shift from PT-MZ16K series spec page; 3LCD laser, no lens supplied; Panasonic rates 16,000 lm ISO 21118 (no ANSI)",https://docs.connect.panasonic.com/projector/products/mz16k/spec/,official,yes,https://eu.connect.panasonic.com/gb/en/projectors/et-emw200,2026-10-09
Panasonic,PT-MZ16KL,,"1920x1200 (WUXGA, 1.0in 3LCD)","ET-EM (3LCD, MZ20K series)",ET-EMW300,0.550,0.690,±50%,±20%,"zoom; shift from PT-MZ16K series spec page; 3LCD laser, no lens supplied; Panasonic rates 16,000 lm ISO 21118 (no ANSI)",https://docs.connect.panasonic.com/projector/products/mz16k/spec/,official,yes,https://eu.connect.panasonic.com/gb/en/projectors/et-emw300,2026-10-09
Panasonic,PT-MZ16KL,,"1920x1200 (WUXGA, 1.0in 3LCD)","ET-EM (3LCD, MZ20K series)",ET-EMW400,0.690,0.950,±60%,±20%,"zoom; shift from PT-MZ16K series spec page; 3LCD laser, no lens supplied; Panasonic rates 16,000 lm ISO 21118 (no ANSI)",https://docs.connect.panasonic.com/projector/products/mz16k/spec/,official,yes,https://eu.connect.panasonic.com/gb/en/projectors/et-emw400,2026-10-09
Panasonic,PT-MZ16KL,,"1920x1200 (WUXGA, 1.0in 3LCD)","ET-EM (3LCD, MZ20K series)",ET-EMW500,0.950,1.36,±60%,±20%,"zoom; shift from PT-MZ16K series spec page; 3LCD laser, no lens supplied; Panasonic rates 16,000 lm ISO 21118 (no ANSI)",https://docs.connect.panasonic.com/projector/products/mz16k/spec/,official,yes,https://eu.connect.panasonic.com/gb/en/projectors/et-emw500,2026-10-09
Panasonic,PT-MZ16KL,,"1920x1200 (WUXGA, 1.0in 3LCD)","ET-EM (3LCD, MZ20K series)",ET-EMS600,1.35,2.10,±60%,±20%,"zoom; shift from PT-MZ16K series spec page; 3LCD laser, no lens supplied; Panasonic rates 16,000 lm ISO 21118 (no ANSI)",https://docs.connect.panasonic.com/projector/products/mz16k/spec/,official,yes,https://eu.connect.panasonic.com/gb/en/projectors/et-ems600,2026-10-09
Panasonic,PT-MZ16KL,,"1920x1200 (WUXGA, 1.0in 3LCD)","ET-EM (3LCD, MZ20K series)",ET-EMT700,2.10,4.14,±60%,±20%,"zoom; discontinued lens; shift from PT-MZ16K series spec page; 3LCD laser, no lens supplied; Panasonic rates 16,000 lm ISO 21118 (no ANSI)",https://docs.connect.panasonic.com/projector/products/mz16k/spec/,official,yes,https://eu.connect.panasonic.com/gb/en/projectors/et-emt700,2026-10-09
Panasonic,PT-MZ16KL,,"1920x1200 (WUXGA, 1.0in 3LCD)","ET-EM (3LCD, MZ20K series)",ET-EMT800,4.14,7.40,±60%,±20%,"zoom; discontinued lens; shift from PT-MZ16K series spec page; 3LCD laser, no lens supplied; Panasonic rates 16,000 lm ISO 21118 (no ANSI)",https://docs.connect.panasonic.com/projector/products/mz16k/spec/,official,yes,https://eu.connect.panasonic.com/gb/en/projectors/et-emt800,2026-10-09
Panasonic,PT-MZ17KL,16500,1920x1200 (WUXGA),"ET-EM (3LCD, MZ20K series)",ET-EMU100,0.330,0.353,+50% / -20%,±20%,"UST zoom; lens page spec row lists MZ16K series; key-features list includes MZ20KL/17KL/14KL/11KL while key features list MZ20K series - confirm; 3LCD laser; shift_h was (blank) (projector default, no horizontal exception listed for ET-EMU100)",https://eu.connect.panasonic.com/gb/en/projectors/et-emu100,official,yes,https://eu.connect.panasonic.com/gb/en/projectors/et-emu100,2026-10-09
Panasonic,PT-MZ17KL,16500,1920x1200 (WUXGA),"ET-EM (3LCD, MZ20K series)",ET-EMW200,0.480,0.550,±40%,±19%,zoom; 3LCD laser,https://eu.connect.panasonic.com/gb/en/projectors/et-emw200,official,yes,https://eu.connect.panasonic.com/gb/en/projectors/et-emw200,2026-10-09
Panasonic,PT-MZ17KL,16500,1920x1200 (WUXGA),"ET-EM (3LCD, MZ20K series)",ET-EMW300,0.550,0.690,±50%,±20%,zoom; 3LCD laser,https://eu.connect.panasonic.com/gb/en/projectors/et-emw300,official,yes,https://eu.connect.panasonic.com/gb/en/projectors/et-emw300,2026-10-09
Panasonic,PT-MZ17KL,16500,1920x1200 (WUXGA),"ET-EM (3LCD, MZ20K series)",ET-EMW400,0.690,0.950,±60%,±20%,zoom; shift = projector default; 3LCD laser,https://eu.connect.panasonic.com/gb/en/projectors/et-emw400,official,yes,https://eu.connect.panasonic.com/gb/en/projectors/et-emw400,2026-10-09
Panasonic,PT-MZ17KL,16500,1920x1200 (WUXGA),"ET-EM (3LCD, MZ20K series)",ET-EMW500,0.950,1.36,±60%,±20%,zoom; shift = projector default; 3LCD laser,https://eu.connect.panasonic.com/gb/en/projectors/et-emw500,official,yes,https://eu.connect.panasonic.com/gb/en/projectors/et-emw500,2026-10-09
Panasonic,PT-MZ17KL,16500,1920x1200 (WUXGA),"ET-EM (3LCD, MZ20K series)",ET-EMS600,1.35,2.10,±60%,±20%,zoom; lens page lists MZ17KL/14KL/11KL (not MZ20KL); MZ20K spec page confirms ET-EMT800 for MZ17KL/14KL/11KL only; shift = projector default; 3LCD laser,https://docs.connect.panasonic.com/projector/products/mz20k/spec/,official,yes,https://eu.connect.panasonic.com/gb/en/projectors/et-ems600,2026-10-09
Panasonic,PT-MZ17KL,16500,1920x1200 (WUXGA),"ET-EM (3LCD, MZ20K series)",ET-EMS650,1.35,2.10,±60%,±20%,zoom; reference lens for rated brightness; 3LCD laser,https://eu.connect.panasonic.com/gb/en/projectors/et-ems650,official,yes,https://eu.connect.panasonic.com/gb/en/projectors/et-ems650,2026-10-09
Panasonic,PT-MZ17KL,16500,1920x1200 (WUXGA),"ET-EM (3LCD, MZ20K series)",ET-EMT700,2.10,4.14,±60%,±20%,zoom; discontinued lens; lens page lists MZ17KL/14KL/11KL (not MZ20KL); MZ20K spec page confirms ET-EMT800 for MZ17KL/14KL/11KL only; shift = projector default; 3LCD laser,https://docs.connect.panasonic.com/projector/products/mz20k/spec/,official,yes,https://eu.connect.panasonic.com/gb/en/projectors/et-emt700,2026-10-09
Panasonic,PT-MZ17KL,16500,1920x1200 (WUXGA),"ET-EM (3LCD, MZ20K series)",ET-EMT750,2.10,4.14,±60%,±20%,zoom; successor to discontinued ET-EMT700; 3LCD laser,https://eu.connect.panasonic.com/gb/en/projectors/et-emt750,official,yes,https://eu.connect.panasonic.com/gb/en/projectors/et-emt750,2026-10-09
Panasonic,PT-MZ17KL,16500,1920x1200 (WUXGA),"ET-EM (3LCD, MZ20K series)",ET-EMT800,4.14,7.40,±60%,±20%,zoom; discontinued lens; lens page lists MZ17KL/14KL/11KL (not MZ20KL); MZ20K spec page confirms ET-EMT800 for MZ17KL/14KL/11KL only; shift = projector default; 3LCD laser,https://docs.connect.panasonic.com/projector/products/mz20k/spec/,official,yes,https://eu.connect.panasonic.com/gb/en/projectors/et-emt800,2026-10-09
Panasonic,PT-MZ17KL,16500,1920x1200 (WUXGA),"ET-EM (3LCD, MZ20K series)",ET-EMT850,4.14,7.40,±60%,±20%,zoom; successor to discontinued ET-EMT800 (EMT800 not compatible with MZ20KL); 3LCD laser,https://eu.connect.panasonic.com/gb/en/projectors/et-emt850,official,yes,https://eu.connect.panasonic.com/gb/en/projectors/et-emt850,2026-10-09
Panasonic,PT-MZ20KL,20000,1920x1200 (WUXGA),"ET-EM (3LCD, MZ20K series)",ET-EMU100,0.330,0.353,+50% / -20%,±20%,"UST zoom; lens page spec row lists MZ16K series; key-features list includes MZ20KL/17KL/14KL/11KL while key features list MZ20K series - confirm; 3LCD laser; shift from https://docs.connect.panasonic.com/projector/products/mz20k/spec/; shift_h was (blank) (projector default, no horizontal exception listed for ET-EMU100)",https://eu.connect.panasonic.com/gb/en/projectors/et-emu100,official,yes,https://eu.connect.panasonic.com/gb/en/projectors/et-emu100,2026-10-09
Panasonic,PT-MZ20KL,20000,1920x1200 (WUXGA),"ET-EM (3LCD, MZ20K series)",ET-EMW200,0.480,0.550,±40%,±19%,zoom; 3LCD laser; shift from https://docs.connect.panasonic.com/projector/products/mz20k/spec/,https://eu.connect.panasonic.com/gb/en/projectors/et-emw200,official,yes,https://eu.connect.panasonic.com/gb/en/projectors/et-emw200,2026-10-09
Panasonic,PT-MZ20KL,20000,1920x1200 (WUXGA),"ET-EM (3LCD, MZ20K series)",ET-EMW300,0.550,0.690,±50%,±20%,zoom; 3LCD laser; shift from https://docs.connect.panasonic.com/projector/products/mz20k/spec/,https://eu.connect.panasonic.com/gb/en/projectors/et-emw300,official,yes,https://eu.connect.panasonic.com/gb/en/projectors/et-emw300,2026-10-09
Panasonic,PT-MZ20KL,20000,1920x1200 (WUXGA),"ET-EM (3LCD, MZ20K series)",ET-EMW400,0.690,0.950,±60%,±20%,zoom; shift = projector default; 3LCD laser; shift from https://docs.connect.panasonic.com/projector/products/mz20k/spec/,https://eu.connect.panasonic.com/gb/en/projectors/et-emw400,official,yes,https://eu.connect.panasonic.com/gb/en/projectors/et-emw400,2026-10-09
Panasonic,PT-MZ20KL,20000,1920x1200 (WUXGA),"ET-EM (3LCD, MZ20K series)",ET-EMW500,0.950,1.36,±60%,±20%,zoom; shift = projector default; 3LCD laser; shift from https://docs.connect.panasonic.com/projector/products/mz20k/spec/,https://eu.connect.panasonic.com/gb/en/projectors/et-emw500,official,yes,https://eu.connect.panasonic.com/gb/en/projectors/et-emw500,2026-10-09
Panasonic,PT-MZ20KL,20000,1920x1200 (WUXGA),"ET-EM (3LCD, MZ20K series)",ET-EMS650,1.35,2.10,±60%,±20%,zoom; reference lens for rated brightness; 3LCD laser; shift from https://docs.connect.panasonic.com/projector/products/mz20k/spec/,https://eu.connect.panasonic.com/gb/en/projectors/et-ems650,official,yes,https://eu.connect.panasonic.com/gb/en/projectors/et-ems650,2026-10-09
Panasonic,PT-MZ20KL,20000,1920x1200 (WUXGA),"ET-EM (3LCD, MZ20K series)",ET-EMT750,2.10,4.14,±60%,±20%,zoom; successor to discontinued ET-EMT700; 3LCD laser; shift from https://docs.connect.panasonic.com/projector/products/mz20k/spec/,https://eu.connect.panasonic.com/gb/en/projectors/et-emt750,official,yes,https://eu.connect.panasonic.com/gb/en/projectors/et-emt750,2026-10-09
Panasonic,PT-MZ20KL,20000,1920x1200 (WUXGA),"ET-EM (3LCD, MZ20K series)",ET-EMT850,4.14,7.40,±60%,±20%,zoom; successor to discontinued ET-EMT800 (EMT800 not compatible with MZ20KL); 3LCD laser; shift from https://docs.connect.panasonic.com/projector/products/mz20k/spec/,https://eu.connect.panasonic.com/gb/en/projectors/et-emt850,official,yes,https://eu.connect.panasonic.com/gb/en/projectors/et-emt850,2026-10-09
Panasonic,PT-MZ680,6000,1920x1200 (WUXGA),"ET-EL (3LCD, MZ880 series)",ET-ELU20,0.330,0.353,±50%,±24%,"UST zoom; 3LCD laser, supplied lens; optional-lens shift not published ('may vary depending on lens'); lens pages name successor MZ882 series; shift_v was (blank) (ET-ELU20 spec PDF (applicable: MZ882/782/682/880/780/680)); shift_h was (blank) (ET-ELU20 spec PDF)",https://eu.connect.panasonic.com/gb/en/projectors/et-elu20,official,yes,https://eu.connect.panasonic.com/sites/default/files/media/document/2026-01/ET-ELU20_spec_en.pdf,2026-10-09
Panasonic,PT-MZ680,6000,1920x1200 (WUXGA),"ET-EL (3LCD, MZ880 series)",ET-ELW21,0.764,0.764,,,"fixed-focus; 3LCD laser, supplied lens; optional-lens shift not published ('may vary depending on lens'); lens pages name successor MZ882 series",https://eu.connect.panasonic.com/gb/en/projectors/et-elw21,official,yes,https://eu.connect.panasonic.com/gb/en/projectors/et-elw21,2026-10-09
Panasonic,PT-MZ680,6000,1920x1200 (WUXGA),"ET-EL (3LCD, MZ880 series)",ET-ELW22,0.786,0.983,,,"zoom (page inconsistent: also calls it fixed-focus); 3LCD laser, supplied lens; optional-lens shift not published ('may vary depending on lens'); lens pages name successor MZ882 series; lens spec PDF confirms zoom; MZ882 series gets ±60%/±30% with this lens but MZ880 value not published",https://eu.connect.panasonic.com/gb/en/projectors/et-elw22,official,yes,https://eu.connect.panasonic.com/sites/default/files/media/document/2024-04/ET-ELW22G_STO_01%28sec%29_2.pdf,2026-10-09
Panasonic,PT-MZ680,6000,1920x1200 (WUXGA),"ET-EL (3LCD, MZ880 series)",ET-ELW20,1.21,1.66,,,"zoom; 3LCD laser, supplied lens; optional-lens shift not published ('may vary depending on lens'); lens pages name successor MZ882 series; conflict: lens page headline/spec table gives a rounded range that does not match the detailed WUXGA range; detailed value used",https://eu.connect.panasonic.com/gb/en/projectors/et-elw20,official,conflict,https://eu.connect.panasonic.com/gb/en/projectors/et-elw20,2026-10-09
Panasonic,PT-MZ680,6000,1920x1200 (WUXGA),"ET-EL (3LCD, MZ880 series)",ET-ELS20,1.61,2.76,±67%,±35%,"zoom; this is the supplied lens; shift from https://docs.connect.panasonic.com/projector/products/mz880/spec/; 3LCD laser, supplied lens; optional-lens shift not published ('may vary depending on lens'); lens pages name successor MZ882 series",https://eu.connect.panasonic.com/gb/en/projectors/et-els20,official,yes,https://docs.connect.panasonic.com/projector/products/mz880/spec/,2026-10-09
Panasonic,PT-MZ680,6000,1920x1200 (WUXGA),"ET-EL (3LCD, MZ880 series)",ET-ELT22,2.72,4.48,,,"zoom (main table says 2.8-4.6; detailed spec 2.72-4.48 used); 3LCD laser, supplied lens; optional-lens shift not published ('may vary depending on lens'); lens pages name successor MZ882 series; conflict: lens page headline/spec table gives a rounded range that does not match the detailed WUXGA range; detailed value used",https://eu.connect.panasonic.com/gb/en/projectors/et-elt22,official,conflict,https://eu.connect.panasonic.com/sites/default/files/media/document/2024-04/ET-ELT22G_STO_01%28sec%29_1.pdf,2026-10-09
Panasonic,PT-MZ680,6000,1920x1200 (WUXGA),"ET-EL (3LCD, MZ880 series)",ET-ELT23,4.44,7.12,,,"zoom (main table says 4.6-7.2; detailed spec 4.44-7.12 used); 3LCD laser, supplied lens; optional-lens shift not published ('may vary depending on lens'); lens pages name successor MZ882 series; conflict: lens page headline/spec table gives a rounded range that does not match the detailed WUXGA range; detailed value used",https://eu.connect.panasonic.com/gb/en/projectors/et-elt23,official,conflict,https://eu.connect.panasonic.com/gb/en/projectors/et-elt23,2026-10-09
Panasonic,PT-MZ682,6500,"1920x1200 (WUXGA, 0.76in 3LCD)","ET-EL (3LCD, MZ880 series)",ET-ELU20,0.330,0.353,±50%,±24%,UST zoom; shift from PT-MZ882 series spec page where listed; 3LCD laser; PT-MZ682L = no lens,https://docs.connect.panasonic.com/projector/products/mz882/spec/,official,yes,https://eu.connect.panasonic.com/sites/default/files/media/document/2026-01/ET-ELU20_spec_en.pdf,2026-10-09
Panasonic,PT-MZ682,6500,"1920x1200 (WUXGA, 0.76in 3LCD)","ET-EL (3LCD, MZ880 series)",ET-ELW21,0.764,0.764,,,fixed-focus; shift from PT-MZ882 series spec page where listed; 3LCD laser; PT-MZ682L = no lens,https://docs.connect.panasonic.com/projector/products/mz882/spec/,official,yes,https://eu.connect.panasonic.com/gb/en/projectors/et-elw21,2026-10-09
Panasonic,PT-MZ682,6500,"1920x1200 (WUXGA, 0.76in 3LCD)","ET-EL (3LCD, MZ880 series)",ET-ELW22,0.786,0.983,±60%,±30%,short-throw zoom; shift from PT-MZ882 series spec page where listed; 3LCD laser; PT-MZ682L = no lens,https://docs.connect.panasonic.com/projector/products/mz882/spec/,official,yes,https://eu.connect.panasonic.com/sites/default/files/media/document/2024-04/ET-ELW22G_STO_01%28sec%29_2.pdf,2026-10-09
Panasonic,PT-MZ682,6500,"1920x1200 (WUXGA, 0.76in 3LCD)","ET-EL (3LCD, MZ880 series)",ET-ELW20,1.21,1.66,,,zoom; shift from PT-MZ882 series spec page where listed; 3LCD laser; PT-MZ682L = no lens; conflict: lens page headline/spec table gives a rounded range that does not match the detailed WUXGA range; detailed value used,https://docs.connect.panasonic.com/projector/products/mz882/spec/,official,conflict,https://eu.connect.panasonic.com/gb/en/projectors/et-elw20,2026-10-09
Panasonic,PT-MZ682,6500,"1920x1200 (WUXGA, 0.76in 3LCD)","ET-EL (3LCD, MZ880 series)",ET-ELS20,1.61,2.76,±67%,±35%,zoom; supplied with non-L models; shift from PT-MZ882 series spec page where listed; 3LCD laser; PT-MZ682L = no lens,https://docs.connect.panasonic.com/projector/products/mz882/spec/,official,yes,https://docs.connect.panasonic.com/projector/products/mz882/spec/,2026-10-09
Panasonic,PT-MZ682,6500,"1920x1200 (WUXGA, 0.76in 3LCD)","ET-EL (3LCD, MZ880 series)",ET-ELT22,2.72,4.48,,,zoom; shift from PT-MZ882 series spec page where listed; 3LCD laser; PT-MZ682L = no lens; conflict: lens page headline/spec table gives a rounded range that does not match the detailed WUXGA range; detailed value used,https://docs.connect.panasonic.com/projector/products/mz882/spec/,official,conflict,https://eu.connect.panasonic.com/gb/en/projectors/et-elt22,2026-10-09
Panasonic,PT-MZ682,6500,"1920x1200 (WUXGA, 0.76in 3LCD)","ET-EL (3LCD, MZ880 series)",ET-ELT23,4.44,7.12,,,zoom; shift from PT-MZ882 series spec page where listed; 3LCD laser; PT-MZ682L = no lens; conflict: lens page headline/spec table gives a rounded range that does not match the detailed WUXGA range; detailed value used,https://docs.connect.panasonic.com/projector/products/mz882/spec/,official,conflict,https://eu.connect.panasonic.com/gb/en/projectors/et-elt23,2026-10-09
Panasonic,PT-MZ780,7000,1920x1200 (WUXGA),"ET-EL (3LCD, MZ880 series)",ET-ELU20,0.330,0.353,±50%,±24%,"UST zoom; 3LCD laser, supplied lens; optional-lens shift not published ('may vary depending on lens'); lens pages name successor MZ882 series; shift_v was (blank) (ET-ELU20 spec PDF (applicable: MZ882/782/682/880/780/680)); shift_h was (blank) (ET-ELU20 spec PDF)",https://eu.connect.panasonic.com/gb/en/projectors/et-elu20,official,yes,https://eu.connect.panasonic.com/sites/default/files/media/document/2026-01/ET-ELU20_spec_en.pdf,2026-10-09
Panasonic,PT-MZ780,7000,1920x1200 (WUXGA),"ET-EL (3LCD, MZ880 series)",ET-ELW21,0.764,0.764,,,"fixed-focus; 3LCD laser, supplied lens; optional-lens shift not published ('may vary depending on lens'); lens pages name successor MZ882 series",https://eu.connect.panasonic.com/gb/en/projectors/et-elw21,official,yes,https://eu.connect.panasonic.com/gb/en/projectors/et-elw21,2026-10-09
Panasonic,PT-MZ780,7000,1920x1200 (WUXGA),"ET-EL (3LCD, MZ880 series)",ET-ELW22,0.786,0.983,,,"zoom (page inconsistent: also calls it fixed-focus); 3LCD laser, supplied lens; optional-lens shift not published ('may vary depending on lens'); lens pages name successor MZ882 series; lens spec PDF confirms zoom; MZ882 series gets ±60%/±30% with this lens but MZ880 value not published",https://eu.connect.panasonic.com/gb/en/projectors/et-elw22,official,yes,https://eu.connect.panasonic.com/sites/default/files/media/document/2024-04/ET-ELW22G_STO_01%28sec%29_2.pdf,2026-10-09
Panasonic,PT-MZ780,7000,1920x1200 (WUXGA),"ET-EL (3LCD, MZ880 series)",ET-ELW20,1.21,1.66,,,"zoom; 3LCD laser, supplied lens; optional-lens shift not published ('may vary depending on lens'); lens pages name successor MZ882 series; conflict: lens page headline/spec table gives a rounded range that does not match the detailed WUXGA range; detailed value used",https://eu.connect.panasonic.com/gb/en/projectors/et-elw20,official,conflict,https://eu.connect.panasonic.com/gb/en/projectors/et-elw20,2026-10-09
Panasonic,PT-MZ780,7000,1920x1200 (WUXGA),"ET-EL (3LCD, MZ880 series)",ET-ELS20,1.61,2.76,±67%,±35%,"zoom; this is the supplied lens; shift from https://docs.connect.panasonic.com/projector/products/mz880/spec/; 3LCD laser, supplied lens; optional-lens shift not published ('may vary depending on lens'); lens pages name successor MZ882 series",https://eu.connect.panasonic.com/gb/en/projectors/et-els20,official,yes,https://docs.connect.panasonic.com/projector/products/mz880/spec/,2026-10-09
Panasonic,PT-MZ780,7000,1920x1200 (WUXGA),"ET-EL (3LCD, MZ880 series)",ET-ELT22,2.72,4.48,,,"zoom (main table says 2.8-4.6; detailed spec 2.72-4.48 used); 3LCD laser, supplied lens; optional-lens shift not published ('may vary depending on lens'); lens pages name successor MZ882 series; conflict: lens page headline/spec table gives a rounded range that does not match the detailed WUXGA range; detailed value used",https://eu.connect.panasonic.com/gb/en/projectors/et-elt22,official,conflict,https://eu.connect.panasonic.com/sites/default/files/media/document/2024-04/ET-ELT22G_STO_01%28sec%29_1.pdf,2026-10-09
Panasonic,PT-MZ780,7000,1920x1200 (WUXGA),"ET-EL (3LCD, MZ880 series)",ET-ELT23,4.44,7.12,,,"zoom (main table says 4.6-7.2; detailed spec 4.44-7.12 used); 3LCD laser, supplied lens; optional-lens shift not published ('may vary depending on lens'); lens pages name successor MZ882 series; conflict: lens page headline/spec table gives a rounded range that does not match the detailed WUXGA range; detailed value used",https://eu.connect.panasonic.com/gb/en/projectors/et-elt23,official,conflict,https://eu.connect.panasonic.com/gb/en/projectors/et-elt23,2026-10-09
Panasonic,PT-MZ782,7500,"1920x1200 (WUXGA, 0.76in 3LCD)","ET-EL (3LCD, MZ880 series)",ET-ELU20,0.330,0.353,±50%,±24%,UST zoom; shift from PT-MZ882 series spec page where listed; 3LCD laser; PT-MZ782L = no lens,https://docs.connect.panasonic.com/projector/products/mz882/spec/,official,yes,https://eu.connect.panasonic.com/sites/default/files/media/document/2026-01/ET-ELU20_spec_en.pdf,2026-10-09
Panasonic,PT-MZ782,7500,"1920x1200 (WUXGA, 0.76in 3LCD)","ET-EL (3LCD, MZ880 series)",ET-ELW21,0.764,0.764,,,fixed-focus; shift from PT-MZ882 series spec page where listed; 3LCD laser; PT-MZ782L = no lens,https://docs.connect.panasonic.com/projector/products/mz882/spec/,official,yes,https://eu.connect.panasonic.com/gb/en/projectors/et-elw21,2026-10-09
Panasonic,PT-MZ782,7500,"1920x1200 (WUXGA, 0.76in 3LCD)","ET-EL (3LCD, MZ880 series)",ET-ELW22,0.786,0.983,±60%,±30%,short-throw zoom; shift from PT-MZ882 series spec page where listed; 3LCD laser; PT-MZ782L = no lens,https://docs.connect.panasonic.com/projector/products/mz882/spec/,official,yes,https://eu.connect.panasonic.com/sites/default/files/media/document/2024-04/ET-ELW22G_STO_01%28sec%29_2.pdf,2026-10-09
Panasonic,PT-MZ782,7500,"1920x1200 (WUXGA, 0.76in 3LCD)","ET-EL (3LCD, MZ880 series)",ET-ELW20,1.21,1.66,,,zoom; shift from PT-MZ882 series spec page where listed; 3LCD laser; PT-MZ782L = no lens; conflict: lens page headline/spec table gives a rounded range that does not match the detailed WUXGA range; detailed value used,https://docs.connect.panasonic.com/projector/products/mz882/spec/,official,conflict,https://eu.connect.panasonic.com/gb/en/projectors/et-elw20,2026-10-09
Panasonic,PT-MZ782,7500,"1920x1200 (WUXGA, 0.76in 3LCD)","ET-EL (3LCD, MZ880 series)",ET-ELS20,1.61,2.76,±67%,±35%,zoom; supplied with non-L models; shift from PT-MZ882 series spec page where listed; 3LCD laser; PT-MZ782L = no lens,https://docs.connect.panasonic.com/projector/products/mz882/spec/,official,yes,https://docs.connect.panasonic.com/projector/products/mz882/spec/,2026-10-09
Panasonic,PT-MZ782,7500,"1920x1200 (WUXGA, 0.76in 3LCD)","ET-EL (3LCD, MZ880 series)",ET-ELT22,2.72,4.48,,,zoom; shift from PT-MZ882 series spec page where listed; 3LCD laser; PT-MZ782L = no lens; conflict: lens page headline/spec table gives a rounded range that does not match the detailed WUXGA range; detailed value used,https://docs.connect.panasonic.com/projector/products/mz882/spec/,official,conflict,https://eu.connect.panasonic.com/gb/en/projectors/et-elt22,2026-10-09
Panasonic,PT-MZ782,7500,"1920x1200 (WUXGA, 0.76in 3LCD)","ET-EL (3LCD, MZ880 series)",ET-ELT23,4.44,7.12,,,zoom; shift from PT-MZ882 series spec page where listed; 3LCD laser; PT-MZ782L = no lens; conflict: lens page headline/spec table gives a rounded range that does not match the detailed WUXGA range; detailed value used,https://docs.connect.panasonic.com/projector/products/mz882/spec/,official,conflict,https://eu.connect.panasonic.com/gb/en/projectors/et-elt23,2026-10-09
Panasonic,PT-MZ880,8000,1920x1200 (WUXGA),"ET-EL (3LCD, MZ880 series)",ET-ELU20,0.330,0.353,±50%,±24%,"UST zoom; 3LCD laser, supplied lens; optional-lens shift not published ('may vary depending on lens'); lens pages name successor MZ882 series; shift_v was (blank) (ET-ELU20 spec PDF (applicable: MZ882/782/682/880/780/680)); shift_h was (blank) (ET-ELU20 spec PDF)",https://eu.connect.panasonic.com/gb/en/projectors/et-elu20,official,yes,https://eu.connect.panasonic.com/sites/default/files/media/document/2026-01/ET-ELU20_spec_en.pdf,2026-10-09
Panasonic,PT-MZ880,8000,1920x1200 (WUXGA),"ET-EL (3LCD, MZ880 series)",ET-ELW21,0.764,0.764,,,"fixed-focus; 3LCD laser, supplied lens; optional-lens shift not published ('may vary depending on lens'); lens pages name successor MZ882 series",https://eu.connect.panasonic.com/gb/en/projectors/et-elw21,official,yes,https://eu.connect.panasonic.com/gb/en/projectors/et-elw21,2026-10-09
Panasonic,PT-MZ880,8000,1920x1200 (WUXGA),"ET-EL (3LCD, MZ880 series)",ET-ELW22,0.786,0.983,,,"zoom (page inconsistent: also calls it fixed-focus); 3LCD laser, supplied lens; optional-lens shift not published ('may vary depending on lens'); lens pages name successor MZ882 series; lens spec PDF confirms zoom; MZ882 series gets ±60%/±30% with this lens but MZ880 value not published",https://eu.connect.panasonic.com/gb/en/projectors/et-elw22,official,yes,https://eu.connect.panasonic.com/sites/default/files/media/document/2024-04/ET-ELW22G_STO_01%28sec%29_2.pdf,2026-10-09
Panasonic,PT-MZ880,8000,1920x1200 (WUXGA),"ET-EL (3LCD, MZ880 series)",ET-ELW20,1.21,1.66,,,"zoom; 3LCD laser, supplied lens; optional-lens shift not published ('may vary depending on lens'); lens pages name successor MZ882 series; conflict: lens page headline/spec table gives a rounded range that does not match the detailed WUXGA range; detailed value used",https://eu.connect.panasonic.com/gb/en/projectors/et-elw20,official,conflict,https://eu.connect.panasonic.com/gb/en/projectors/et-elw20,2026-10-09
Panasonic,PT-MZ880,8000,1920x1200 (WUXGA),"ET-EL (3LCD, MZ880 series)",ET-ELS20,1.61,2.76,±67%,±35%,"zoom; this is the supplied lens; shift from https://docs.connect.panasonic.com/projector/products/mz880/spec/; 3LCD laser, supplied lens; optional-lens shift not published ('may vary depending on lens'); lens pages name successor MZ882 series",https://eu.connect.panasonic.com/gb/en/projectors/et-els20,official,yes,https://docs.connect.panasonic.com/projector/products/mz880/spec/,2026-10-09
Panasonic,PT-MZ880,8000,1920x1200 (WUXGA),"ET-EL (3LCD, MZ880 series)",ET-ELT22,2.72,4.48,,,"zoom (main table says 2.8-4.6; detailed spec 2.72-4.48 used); 3LCD laser, supplied lens; optional-lens shift not published ('may vary depending on lens'); lens pages name successor MZ882 series; conflict: lens page headline/spec table gives a rounded range that does not match the detailed WUXGA range; detailed value used",https://eu.connect.panasonic.com/gb/en/projectors/et-elt22,official,conflict,https://eu.connect.panasonic.com/sites/default/files/media/document/2024-04/ET-ELT22G_STO_01%28sec%29_1.pdf,2026-10-09
Panasonic,PT-MZ880,8000,1920x1200 (WUXGA),"ET-EL (3LCD, MZ880 series)",ET-ELT23,4.44,7.12,,,"zoom (main table says 4.6-7.2; detailed spec 4.44-7.12 used); 3LCD laser, supplied lens; optional-lens shift not published ('may vary depending on lens'); lens pages name successor MZ882 series; conflict: lens page headline/spec table gives a rounded range that does not match the detailed WUXGA range; detailed value used",https://eu.connect.panasonic.com/gb/en/projectors/et-elt23,official,conflict,https://eu.connect.panasonic.com/gb/en/projectors/et-elt23,2026-10-09
Panasonic,PT-MZ882,8200,"1920x1200 (WUXGA, 0.76in 3LCD)","ET-EL (3LCD, MZ880 series)",ET-ELU20,0.330,0.353,±50%,±24%,UST zoom; shift from PT-MZ882 series spec page where listed; 3LCD laser; PT-MZ882L = no lens,https://docs.connect.panasonic.com/projector/products/mz882/spec/,official,yes,https://eu.connect.panasonic.com/sites/default/files/media/document/2026-01/ET-ELU20_spec_en.pdf,2026-10-09
Panasonic,PT-MZ882,8200,"1920x1200 (WUXGA, 0.76in 3LCD)","ET-EL (3LCD, MZ880 series)",ET-ELW21,0.764,0.764,,,fixed-focus; shift from PT-MZ882 series spec page where listed; 3LCD laser; PT-MZ882L = no lens,https://docs.connect.panasonic.com/projector/products/mz882/spec/,official,yes,https://eu.connect.panasonic.com/gb/en/projectors/et-elw21,2026-10-09
Panasonic,PT-MZ882,8200,"1920x1200 (WUXGA, 0.76in 3LCD)","ET-EL (3LCD, MZ880 series)",ET-ELW22,0.786,0.983,±60%,±30%,short-throw zoom; shift from PT-MZ882 series spec page where listed; 3LCD laser; PT-MZ882L = no lens,https://docs.connect.panasonic.com/projector/products/mz882/spec/,official,yes,https://eu.connect.panasonic.com/sites/default/files/media/document/2024-04/ET-ELW22G_STO_01%28sec%29_2.pdf,2026-10-09
Panasonic,PT-MZ882,8200,"1920x1200 (WUXGA, 0.76in 3LCD)","ET-EL (3LCD, MZ880 series)",ET-ELW20,1.21,1.66,,,zoom; shift from PT-MZ882 series spec page where listed; 3LCD laser; PT-MZ882L = no lens; conflict: lens page headline/spec table gives a rounded range that does not match the detailed WUXGA range; detailed value used,https://docs.connect.panasonic.com/projector/products/mz882/spec/,official,conflict,https://eu.connect.panasonic.com/gb/en/projectors/et-elw20,2026-10-09
Panasonic,PT-MZ882,8200,"1920x1200 (WUXGA, 0.76in 3LCD)","ET-EL (3LCD, MZ880 series)",ET-ELS20,1.61,2.76,±67%,±35%,zoom; supplied with non-L models; shift from PT-MZ882 series spec page where listed; 3LCD laser; PT-MZ882L = no lens,https://docs.connect.panasonic.com/projector/products/mz882/spec/,official,yes,https://docs.connect.panasonic.com/projector/products/mz882/spec/,2026-10-09
Panasonic,PT-MZ882,8200,"1920x1200 (WUXGA, 0.76in 3LCD)","ET-EL (3LCD, MZ880 series)",ET-ELT22,2.72,4.48,,,zoom; shift from PT-MZ882 series spec page where listed; 3LCD laser; PT-MZ882L = no lens; conflict: lens page headline/spec table gives a rounded range that does not match the detailed WUXGA range; detailed value used,https://docs.connect.panasonic.com/projector/products/mz882/spec/,official,conflict,https://eu.connect.panasonic.com/gb/en/projectors/et-elt22,2026-10-09
Panasonic,PT-MZ882,8200,"1920x1200 (WUXGA, 0.76in 3LCD)","ET-EL (3LCD, MZ880 series)",ET-ELT23,4.44,7.12,,,zoom; shift from PT-MZ882 series spec page where listed; 3LCD laser; PT-MZ882L = no lens; conflict: lens page headline/spec table gives a rounded range that does not match the detailed WUXGA range; detailed value used,https://docs.connect.panasonic.com/projector/products/mz882/spec/,official,conflict,https://eu.connect.panasonic.com/gb/en/projectors/et-elt23,2026-10-09
Panasonic,PT-REQ10,,3840x2400 (4K via Quad Pixel Drive; 1920x1200 DMD),"ET-C1 (1-chip DLP, REQ/REZ series)",ET-C1U090,0.308,0.308,±50%,±23%,"fixed UST; specs tentative, available from CY2026 Q4; 1-chip DLP laser; 10,000 lm is ISO/IEC 21118; lumens_ansi was 10000 (10,000 lm is ISO/IEC 21118, no ANSI figure published); shift per series spec (same chassis as PT-REQ15/REZ15)",https://eu.connect.panasonic.com/gb/en/projectors/et-c1u090,official,yes,https://eu.connect.panasonic.com/sites/default/files/media/2024-04/PT-REQ15G_spec_en_5.pdf,2026-10-09
Panasonic,PT-REQ10,,3840x2400 (4K via Quad Pixel Drive; 1920x1200 DMD),"ET-C1 (1-chip DLP, REQ/REZ series)",ET-C1U100,0.308,0.330,±50%,±23%,"UST zoom; 1-chip DLP laser; 10,000 lm is ISO/IEC 21118; lumens_ansi was 10000 (10,000 lm is ISO/IEC 21118, no ANSI figure published); shift per series spec (same chassis as PT-REQ15/REZ15)",https://eu.connect.panasonic.com/gb/en/projectors/et-c1u100,official,yes,https://eu.connect.panasonic.com/sites/default/files/media/2024-04/PT-REQ15G_spec_en_5.pdf,2026-10-09
Panasonic,PT-REQ10,,3840x2400 (4K via Quad Pixel Drive; 1920x1200 DMD),"ET-C1 (1-chip DLP, REQ/REZ series)",ET-C1U200,0.380,0.380,+78% to +88%,±9%,"fixed mirror UST; 1-chip DLP laser; 10,000 lm is ISO/IEC 21118; lumens_ansi was 10000 (10,000 lm is ISO/IEC 21118, no ANSI figure published); shift per series spec (same chassis as PT-REQ15/REZ15)",https://eu.connect.panasonic.com/gb/en/projectors/et-c1u200,official,yes,https://eu.connect.panasonic.com/sites/default/files/media/2024-04/PT-REQ15G_spec_en_5.pdf,2026-10-09
Panasonic,PT-REQ10,,3840x2400 (4K via Quad Pixel Drive; 1920x1200 DMD),"ET-C1 (1-chip DLP, REQ/REZ series)",ET-C1W300,0.550,0.690,±50%,±23%,"zoom; 1-chip DLP laser; 10,000 lm is ISO/IEC 21118; lumens_ansi was 10000 (10,000 lm is ISO/IEC 21118, no ANSI figure published); shift per series spec (same chassis as PT-REQ15/REZ15)",https://eu.connect.panasonic.com/gb/en/projectors/et-c1w300,official,yes,https://eu.connect.panasonic.com/sites/default/files/media/2024-04/PT-REQ15G_spec_en_5.pdf,2026-10-09
Panasonic,PT-REQ10,,3840x2400 (4K via Quad Pixel Drive; 1920x1200 DMD),"ET-C1 (1-chip DLP, REQ/REZ series)",ET-C1W400,0.680,0.950,±60%,±29%,"zoom; 1-chip DLP laser; 10,000 lm is ISO/IEC 21118; lumens_ansi was 10000 (10,000 lm is ISO/IEC 21118, no ANSI figure published); shift per series spec (same chassis as PT-REQ15/REZ15)",https://eu.connect.panasonic.com/gb/en/projectors/et-c1w400,official,yes,https://eu.connect.panasonic.com/sites/default/files/media/2024-04/PT-REQ15G_spec_en_5.pdf,2026-10-09
Panasonic,PT-REQ10,,3840x2400 (4K via Quad Pixel Drive; 1920x1200 DMD),"ET-C1 (1-chip DLP, REQ/REZ series)",ET-C1W500,0.940,1.39,±60%,±29%,"zoom; 1-chip DLP laser; 10,000 lm is ISO/IEC 21118; lumens_ansi was 10000 (10,000 lm is ISO/IEC 21118, no ANSI figure published); shift per series spec (same chassis as PT-REQ15/REZ15)",https://eu.connect.panasonic.com/gb/en/projectors/et-c1w500,official,yes,https://eu.connect.panasonic.com/sites/default/files/media/2024-04/PT-REQ15G_spec_en_5.pdf,2026-10-09
Panasonic,PT-REQ10,,3840x2400 (4K via Quad Pixel Drive; 1920x1200 DMD),"ET-C1 (1-chip DLP, REQ/REZ series)",ET-C1S600,1.36,2.10,±60%,±29%,"zoom; supplied lens on non-L models; 1-chip DLP laser; 10,000 lm is ISO/IEC 21118; lumens_ansi was 10000 (10,000 lm is ISO/IEC 21118, no ANSI figure published); shift per series spec (same chassis as PT-REQ15/REZ15)",https://eu.connect.panasonic.com/gb/en/projectors/et-c1s600,official,yes,https://eu.connect.panasonic.com/sites/default/files/media/2024-04/PT-REQ15G_spec_en_5.pdf,2026-10-09
Panasonic,PT-REQ10,,3840x2400 (4K via Quad Pixel Drive; 1920x1200 DMD),"ET-C1 (1-chip DLP, REQ/REZ series)",ET-C1T700,2.07,3.38,±60%,±29%,"zoom; 1-chip DLP laser; 10,000 lm is ISO/IEC 21118; lumens_ansi was 10000 (10,000 lm is ISO/IEC 21118, no ANSI figure published); shift per series spec (same chassis as PT-REQ15/REZ15)",https://eu.connect.panasonic.com/gb/en/projectors/et-c1t700,official,yes,https://eu.connect.panasonic.com/sites/default/files/media/2024-04/PT-REQ15G_spec_en_5.pdf,2026-10-09
Panasonic,PT-REQ10,,3840x2400 (4K via Quad Pixel Drive; 1920x1200 DMD),"ET-C1 (1-chip DLP, REQ/REZ series)",ET-C1T800,3.30,6.60,±60%,±29%,"zoom; 1-chip DLP laser; 10,000 lm is ISO/IEC 21118; lumens_ansi was 10000 (10,000 lm is ISO/IEC 21118, no ANSI figure published); shift per series spec (same chassis as PT-REQ15/REZ15)",https://eu.connect.panasonic.com/gb/en/projectors/et-c1t800,official,yes,https://eu.connect.panasonic.com/sites/default/files/media/2024-04/PT-REQ15G_spec_en_5.pdf,2026-10-09
Panasonic,PT-REQ10,,3840x2400 (4K via Quad Pixel Drive; 1920x1200 DMD),"ET-C1 (1-chip DLP, REQ/REZ series)",ET-C1T900,6.50,11.1,±60%,±29%,"zoom; throw marked TBD (key features say 6.50-11.1); 1-chip DLP laser; 10,000 lm is ISO/IEC 21118; throw_max was 11.0 (PT-REQ15 spec PDF gives 6.50-11.10, projector web page prints 6.50-11.0 (TBD)); lumens_ansi was 10000 (10,000 lm is ISO/IEC 21118, no ANSI figure published); shift per series spec (same chassis as PT-REQ15/REZ15)",https://eu.connect.panasonic.com/gb/en/projectors/et-c1t900,official,conflict,https://eu.connect.panasonic.com/sites/default/files/media/2024-04/PT-REQ15G_spec_en_5.pdf,2026-10-09
Panasonic,PT-REQ12,,3840x2400 (4K via Quad Pixel Drive; 1920x1200 DMD),"ET-C1 (1-chip DLP, REQ/REZ series)",ET-C1U090,0.308,0.308,±50%,±23%,"fixed UST; specs tentative, available from CY2026 Q4; 1-chip DLP laser; 12,000 lm is ISO/IEC 21118; lumens_ansi was 12000 (12,000 lm is ISO/IEC 21118, no ANSI figure published); shift per series spec (same chassis as PT-REQ15/REZ15)",https://eu.connect.panasonic.com/gb/en/projectors/et-c1u090,official,yes,https://eu.connect.panasonic.com/sites/default/files/media/2024-04/PT-REQ15G_spec_en_5.pdf,2026-10-09
Panasonic,PT-REQ12,,3840x2400 (4K via Quad Pixel Drive; 1920x1200 DMD),"ET-C1 (1-chip DLP, REQ/REZ series)",ET-C1U100,0.308,0.330,±50%,±23%,"UST zoom; 1-chip DLP laser; 12,000 lm is ISO/IEC 21118; lumens_ansi was 12000 (12,000 lm is ISO/IEC 21118, no ANSI figure published); shift per series spec (same chassis as PT-REQ15/REZ15)",https://eu.connect.panasonic.com/gb/en/projectors/et-c1u100,official,yes,https://eu.connect.panasonic.com/sites/default/files/media/2024-04/PT-REQ15G_spec_en_5.pdf,2026-10-09
Panasonic,PT-REQ12,,3840x2400 (4K via Quad Pixel Drive; 1920x1200 DMD),"ET-C1 (1-chip DLP, REQ/REZ series)",ET-C1U200,0.380,0.380,+78% to +88%,±9%,"fixed mirror UST; 1-chip DLP laser; 12,000 lm is ISO/IEC 21118; lumens_ansi was 12000 (12,000 lm is ISO/IEC 21118, no ANSI figure published); shift per series spec (same chassis as PT-REQ15/REZ15)",https://eu.connect.panasonic.com/gb/en/projectors/et-c1u200,official,yes,https://eu.connect.panasonic.com/sites/default/files/media/2024-04/PT-REQ15G_spec_en_5.pdf,2026-10-09
Panasonic,PT-REQ12,,3840x2400 (4K via Quad Pixel Drive; 1920x1200 DMD),"ET-C1 (1-chip DLP, REQ/REZ series)",ET-C1W300,0.550,0.690,±50%,±23%,"zoom; 1-chip DLP laser; 12,000 lm is ISO/IEC 21118; lumens_ansi was 12000 (12,000 lm is ISO/IEC 21118, no ANSI figure published); shift per series spec (same chassis as PT-REQ15/REZ15)",https://eu.connect.panasonic.com/gb/en/projectors/et-c1w300,official,yes,https://eu.connect.panasonic.com/sites/default/files/media/2024-04/PT-REQ15G_spec_en_5.pdf,2026-10-09
Panasonic,PT-REQ12,,3840x2400 (4K via Quad Pixel Drive; 1920x1200 DMD),"ET-C1 (1-chip DLP, REQ/REZ series)",ET-C1W400,0.680,0.950,±60%,±29%,"zoom; 1-chip DLP laser; 12,000 lm is ISO/IEC 21118; lumens_ansi was 12000 (12,000 lm is ISO/IEC 21118, no ANSI figure published); shift per series spec (same chassis as PT-REQ15/REZ15)",https://eu.connect.panasonic.com/gb/en/projectors/et-c1w400,official,yes,https://eu.connect.panasonic.com/sites/default/files/media/2024-04/PT-REQ15G_spec_en_5.pdf,2026-10-09
Panasonic,PT-REQ12,,3840x2400 (4K via Quad Pixel Drive; 1920x1200 DMD),"ET-C1 (1-chip DLP, REQ/REZ series)",ET-C1W500,0.940,1.39,±60%,±29%,"zoom; 1-chip DLP laser; 12,000 lm is ISO/IEC 21118; lumens_ansi was 12000 (12,000 lm is ISO/IEC 21118, no ANSI figure published); shift per series spec (same chassis as PT-REQ15/REZ15)",https://eu.connect.panasonic.com/gb/en/projectors/et-c1w500,official,yes,https://eu.connect.panasonic.com/sites/default/files/media/2024-04/PT-REQ15G_spec_en_5.pdf,2026-10-09
Panasonic,PT-REQ12,,3840x2400 (4K via Quad Pixel Drive; 1920x1200 DMD),"ET-C1 (1-chip DLP, REQ/REZ series)",ET-C1S600,1.36,2.10,±60%,±29%,"zoom; supplied lens on non-L models; 1-chip DLP laser; 12,000 lm is ISO/IEC 21118; lumens_ansi was 12000 (12,000 lm is ISO/IEC 21118, no ANSI figure published); shift per series spec (same chassis as PT-REQ15/REZ15)",https://eu.connect.panasonic.com/gb/en/projectors/et-c1s600,official,yes,https://eu.connect.panasonic.com/sites/default/files/media/2024-04/PT-REQ15G_spec_en_5.pdf,2026-10-09
Panasonic,PT-REQ12,,3840x2400 (4K via Quad Pixel Drive; 1920x1200 DMD),"ET-C1 (1-chip DLP, REQ/REZ series)",ET-C1T700,2.07,3.38,±60%,±29%,"zoom; 1-chip DLP laser; 12,000 lm is ISO/IEC 21118; lumens_ansi was 12000 (12,000 lm is ISO/IEC 21118, no ANSI figure published); shift per series spec (same chassis as PT-REQ15/REZ15)",https://eu.connect.panasonic.com/gb/en/projectors/et-c1t700,official,yes,https://eu.connect.panasonic.com/sites/default/files/media/2024-04/PT-REQ15G_spec_en_5.pdf,2026-10-09
Panasonic,PT-REQ12,,3840x2400 (4K via Quad Pixel Drive; 1920x1200 DMD),"ET-C1 (1-chip DLP, REQ/REZ series)",ET-C1T800,3.30,6.60,±60%,±29%,"zoom; 1-chip DLP laser; 12,000 lm is ISO/IEC 21118; lumens_ansi was 12000 (12,000 lm is ISO/IEC 21118, no ANSI figure published); shift per series spec (same chassis as PT-REQ15/REZ15)",https://eu.connect.panasonic.com/gb/en/projectors/et-c1t800,official,yes,https://eu.connect.panasonic.com/sites/default/files/media/2024-04/PT-REQ15G_spec_en_5.pdf,2026-10-09
Panasonic,PT-REQ12,,3840x2400 (4K via Quad Pixel Drive; 1920x1200 DMD),"ET-C1 (1-chip DLP, REQ/REZ series)",ET-C1T900,6.50,11.1,±60%,±29%,"zoom; throw marked TBD (key features say 6.50-11.1); 1-chip DLP laser; 12,000 lm is ISO/IEC 21118; throw_max was 11.0 (PT-REQ15 spec PDF gives 6.50-11.10, projector web page prints 6.50-11.0 (TBD)); lumens_ansi was 12000 (12,000 lm is ISO/IEC 21118, no ANSI figure published); shift per series spec (same chassis as PT-REQ15/REZ15)",https://eu.connect.panasonic.com/gb/en/projectors/et-c1t900,official,conflict,https://eu.connect.panasonic.com/sites/default/files/media/2024-04/PT-REQ15G_spec_en_5.pdf,2026-10-09
Panasonic,PT-REQ15,,3840x2400 (4K via Quad Pixel Drive; 1920x1200 DMD),"ET-C1 (1-chip DLP, REQ/REZ series)",ET-C1U090,0.308,0.308,±50%,±23%,"fixed UST; specs tentative, available from CY2026 Q4; 1-chip DLP laser; shift values from https://eu.connect.panasonic.com/gb/en/projectors/pt-req15; lumens_ansi was 15000 (15,000 lm is ISO/IEC 21118, no ANSI figure published)",https://eu.connect.panasonic.com/gb/en/projectors/et-c1u090,official,yes,https://eu.connect.panasonic.com/sites/default/files/media/2024-04/PT-REQ15G_spec_en_5.pdf,2026-10-09
Panasonic,PT-REQ15,,3840x2400 (4K via Quad Pixel Drive; 1920x1200 DMD),"ET-C1 (1-chip DLP, REQ/REZ series)",ET-C1U100,0.308,0.330,±50%,±23%,"UST zoom; 1-chip DLP laser; shift values from https://eu.connect.panasonic.com/gb/en/projectors/pt-req15; lumens_ansi was 15000 (15,000 lm is ISO/IEC 21118, no ANSI figure published)",https://eu.connect.panasonic.com/gb/en/projectors/et-c1u100,official,yes,https://eu.connect.panasonic.com/sites/default/files/media/2024-04/PT-REQ15G_spec_en_5.pdf,2026-10-09
Panasonic,PT-REQ15,,3840x2400 (4K via Quad Pixel Drive; 1920x1200 DMD),"ET-C1 (1-chip DLP, REQ/REZ series)",ET-C1U200,0.380,0.380,+78% to +88%,±9%,"fixed mirror UST; 1-chip DLP laser; shift values from https://eu.connect.panasonic.com/gb/en/projectors/pt-req15; lumens_ansi was 15000 (15,000 lm is ISO/IEC 21118, no ANSI figure published)",https://eu.connect.panasonic.com/gb/en/projectors/et-c1u200,official,yes,https://eu.connect.panasonic.com/sites/default/files/media/2024-04/PT-REQ15G_spec_en_5.pdf,2026-10-09
Panasonic,PT-REQ15,,3840x2400 (4K via Quad Pixel Drive; 1920x1200 DMD),"ET-C1 (1-chip DLP, REQ/REZ series)",ET-C1W300,0.550,0.690,±50%,±23%,"zoom; 1-chip DLP laser; shift values from https://eu.connect.panasonic.com/gb/en/projectors/pt-req15; lumens_ansi was 15000 (15,000 lm is ISO/IEC 21118, no ANSI figure published)",https://eu.connect.panasonic.com/gb/en/projectors/et-c1w300,official,yes,https://eu.connect.panasonic.com/sites/default/files/media/2024-04/PT-REQ15G_spec_en_5.pdf,2026-10-09
Panasonic,PT-REQ15,,3840x2400 (4K via Quad Pixel Drive; 1920x1200 DMD),"ET-C1 (1-chip DLP, REQ/REZ series)",ET-C1W400,0.680,0.950,±60%,±29%,"zoom; 1-chip DLP laser; shift values from https://eu.connect.panasonic.com/gb/en/projectors/pt-req15; lumens_ansi was 15000 (15,000 lm is ISO/IEC 21118, no ANSI figure published)",https://eu.connect.panasonic.com/gb/en/projectors/et-c1w400,official,yes,https://eu.connect.panasonic.com/sites/default/files/media/2024-04/PT-REQ15G_spec_en_5.pdf,2026-10-09
Panasonic,PT-REQ15,,3840x2400 (4K via Quad Pixel Drive; 1920x1200 DMD),"ET-C1 (1-chip DLP, REQ/REZ series)",ET-C1W500,0.940,1.39,±60%,±29%,"zoom; 1-chip DLP laser; shift values from https://eu.connect.panasonic.com/gb/en/projectors/pt-req15; lumens_ansi was 15000 (15,000 lm is ISO/IEC 21118, no ANSI figure published)",https://eu.connect.panasonic.com/gb/en/projectors/et-c1w500,official,yes,https://eu.connect.panasonic.com/sites/default/files/media/2024-04/PT-REQ15G_spec_en_5.pdf,2026-10-09
Panasonic,PT-REQ15,,3840x2400 (4K via Quad Pixel Drive; 1920x1200 DMD),"ET-C1 (1-chip DLP, REQ/REZ series)",ET-C1S600,1.36,2.10,±60%,±29%,"zoom; supplied lens on non-L models; 1-chip DLP laser; shift values from https://eu.connect.panasonic.com/gb/en/projectors/pt-req15; lumens_ansi was 15000 (15,000 lm is ISO/IEC 21118, no ANSI figure published)",https://eu.connect.panasonic.com/gb/en/projectors/et-c1s600,official,yes,https://eu.connect.panasonic.com/sites/default/files/media/2024-04/PT-REQ15G_spec_en_5.pdf,2026-10-09
Panasonic,PT-REQ15,,3840x2400 (4K via Quad Pixel Drive; 1920x1200 DMD),"ET-C1 (1-chip DLP, REQ/REZ series)",ET-C1T700,2.07,3.38,±60%,±29%,"zoom; 1-chip DLP laser; shift values from https://eu.connect.panasonic.com/gb/en/projectors/pt-req15; lumens_ansi was 15000 (15,000 lm is ISO/IEC 21118, no ANSI figure published)",https://eu.connect.panasonic.com/gb/en/projectors/et-c1t700,official,yes,https://eu.connect.panasonic.com/sites/default/files/media/2024-04/PT-REQ15G_spec_en_5.pdf,2026-10-09
Panasonic,PT-REQ15,,3840x2400 (4K via Quad Pixel Drive; 1920x1200 DMD),"ET-C1 (1-chip DLP, REQ/REZ series)",ET-C1T800,3.30,6.60,±60%,±29%,"zoom; 1-chip DLP laser; shift values from https://eu.connect.panasonic.com/gb/en/projectors/pt-req15; lumens_ansi was 15000 (15,000 lm is ISO/IEC 21118, no ANSI figure published)",https://eu.connect.panasonic.com/gb/en/projectors/et-c1t800,official,yes,https://eu.connect.panasonic.com/sites/default/files/media/2024-04/PT-REQ15G_spec_en_5.pdf,2026-10-09
Panasonic,PT-REQ15,,3840x2400 (4K via Quad Pixel Drive; 1920x1200 DMD),"ET-C1 (1-chip DLP, REQ/REZ series)",ET-C1T900,6.50,11.1,±60%,±29%,"zoom; throw marked TBD (key features say 6.50-11.1); 1-chip DLP laser; shift values from https://eu.connect.panasonic.com/gb/en/projectors/pt-req15; throw_max was 11.0 (PT-REQ15 spec PDF gives 6.50-11.10, projector web page prints 6.50-11.0 (TBD)); lumens_ansi was 15000 (15,000 lm is ISO/IEC 21118, no ANSI figure published)",https://eu.connect.panasonic.com/gb/en/projectors/et-c1t900,official,conflict,https://eu.connect.panasonic.com/sites/default/files/media/2024-04/PT-REQ15G_spec_en_5.pdf,2026-10-09
Panasonic,PT-REQ80,,3840x2400 (4K via Quad Pixel Drive; 1920x1200 DMD),"ET-C1 (1-chip DLP, REQ/REZ series)",ET-C1U090,0.308,0.308,±50%,±23%,"fixed UST; specs tentative, available from CY2026 Q4; 1-chip DLP laser; shift per series spec (same chassis as PT-REQ15/REZ15); series sibling of PT-REQ15/REZ15 (listed on the ET-C1W400 lens page and the series pages); Panasonic rates 8,000 lm ISO 21118 (no ANSI)",https://eu.connect.panasonic.com/gb/en/projectors/et-c1u090,official,yes,https://eu.connect.panasonic.com/gb/en/projectors/et-c1w400,2026-10-09
Panasonic,PT-REQ80,,3840x2400 (4K via Quad Pixel Drive; 1920x1200 DMD),"ET-C1 (1-chip DLP, REQ/REZ series)",ET-C1U100,0.308,0.330,±50%,±23%,"UST zoom; 1-chip DLP laser; shift per series spec (same chassis as PT-REQ15/REZ15); series sibling of PT-REQ15/REZ15 (listed on the ET-C1W400 lens page and the series pages); Panasonic rates 8,000 lm ISO 21118 (no ANSI)",https://eu.connect.panasonic.com/gb/en/projectors/et-c1u100,official,yes,https://eu.connect.panasonic.com/gb/en/projectors/et-c1w400,2026-10-09
Panasonic,PT-REQ80,,3840x2400 (4K via Quad Pixel Drive; 1920x1200 DMD),"ET-C1 (1-chip DLP, REQ/REZ series)",ET-C1U200,0.380,0.380,+78% to +88%,±9%,"fixed mirror UST; 1-chip DLP laser; REZ15 page prints V +88% and no H value; REQ15 spec PDF gives +78% to +88% / ±9%; shift per series spec (same chassis as PT-REQ15/REZ15); series sibling of PT-REQ15/REZ15 (listed on the ET-C1W400 lens page and the series pages); Panasonic rates 8,000 lm ISO 21118 (no ANSI)",https://eu.connect.panasonic.com/gb/en/projectors/et-c1u200,official,yes,https://eu.connect.panasonic.com/gb/en/projectors/et-c1w400,2026-10-09
Panasonic,PT-REQ80,,3840x2400 (4K via Quad Pixel Drive; 1920x1200 DMD),"ET-C1 (1-chip DLP, REQ/REZ series)",ET-C1W300,0.550,0.690,±50%,±23%,"zoom; 1-chip DLP laser; shift per series spec (same chassis as PT-REQ15/REZ15); series sibling of PT-REQ15/REZ15 (listed on the ET-C1W400 lens page and the series pages); Panasonic rates 8,000 lm ISO 21118 (no ANSI)",https://eu.connect.panasonic.com/gb/en/projectors/et-c1w300,official,yes,https://eu.connect.panasonic.com/gb/en/projectors/et-c1w400,2026-10-09
Panasonic,PT-REQ80,,3840x2400 (4K via Quad Pixel Drive; 1920x1200 DMD),"ET-C1 (1-chip DLP, REQ/REZ series)",ET-C1W400,0.680,0.950,±60%,±29%,"zoom; 1-chip DLP laser; shift per series spec (same chassis as PT-REQ15/REZ15); series sibling of PT-REQ15/REZ15 (listed on the ET-C1W400 lens page and the series pages); Panasonic rates 8,000 lm ISO 21118 (no ANSI)",https://eu.connect.panasonic.com/gb/en/projectors/et-c1w400,official,yes,https://eu.connect.panasonic.com/gb/en/projectors/et-c1w400,2026-10-09
Panasonic,PT-REQ80,,3840x2400 (4K via Quad Pixel Drive; 1920x1200 DMD),"ET-C1 (1-chip DLP, REQ/REZ series)",ET-C1W500,0.940,1.39,±60%,±29%,"zoom; 1-chip DLP laser; shift per series spec (same chassis as PT-REQ15/REZ15); series sibling of PT-REQ15/REZ15 (listed on the ET-C1W400 lens page and the series pages); Panasonic rates 8,000 lm ISO 21118 (no ANSI)",https://eu.connect.panasonic.com/gb/en/projectors/et-c1w500,official,yes,https://eu.connect.panasonic.com/gb/en/projectors/et-c1w400,2026-10-09
Panasonic,PT-REQ80,,3840x2400 (4K via Quad Pixel Drive; 1920x1200 DMD),"ET-C1 (1-chip DLP, REQ/REZ series)",ET-C1S600,1.36,2.10,±60%,±29%,"zoom; supplied lens on non-L models; 1-chip DLP laser; shift per series spec (same chassis as PT-REQ15/REZ15); series sibling of PT-REQ15/REZ15 (listed on the ET-C1W400 lens page and the series pages); Panasonic rates 8,000 lm ISO 21118 (no ANSI)",https://eu.connect.panasonic.com/gb/en/projectors/et-c1s600,official,yes,https://eu.connect.panasonic.com/gb/en/projectors/et-c1w400,2026-10-09
Panasonic,PT-REQ80,,3840x2400 (4K via Quad Pixel Drive; 1920x1200 DMD),"ET-C1 (1-chip DLP, REQ/REZ series)",ET-C1T700,2.07,3.38,±60%,±29%,"zoom; 1-chip DLP laser; shift per series spec (same chassis as PT-REQ15/REZ15); series sibling of PT-REQ15/REZ15 (listed on the ET-C1W400 lens page and the series pages); Panasonic rates 8,000 lm ISO 21118 (no ANSI)",https://eu.connect.panasonic.com/gb/en/projectors/et-c1t700,official,yes,https://eu.connect.panasonic.com/gb/en/projectors/et-c1w400,2026-10-09
Panasonic,PT-REQ80,,3840x2400 (4K via Quad Pixel Drive; 1920x1200 DMD),"ET-C1 (1-chip DLP, REQ/REZ series)",ET-C1T800,3.30,6.60,±60%,±29%,"zoom; 1-chip DLP laser; shift per series spec (same chassis as PT-REQ15/REZ15); series sibling of PT-REQ15/REZ15 (listed on the ET-C1W400 lens page and the series pages); Panasonic rates 8,000 lm ISO 21118 (no ANSI)",https://eu.connect.panasonic.com/gb/en/projectors/et-c1t800,official,yes,https://eu.connect.panasonic.com/gb/en/projectors/et-c1w400,2026-10-09
Panasonic,PT-REQ80,,3840x2400 (4K via Quad Pixel Drive; 1920x1200 DMD),"ET-C1 (1-chip DLP, REQ/REZ series)",ET-C1T900,6.50,11.1,±60%,±29%,"zoom; throw marked TBD (key features say 6.50-11.1); 1-chip DLP laser; PT-REQ15 spec PDF gives 6.50-11.10, projector web page prints 6.50-11.0 (TBD); shift per series spec (same chassis as PT-REQ15/REZ15); series sibling of PT-REQ15/REZ15 (listed on the ET-C1W400 lens page and the series pages); Panasonic rates 8,000 lm ISO 21118 (no ANSI)",https://eu.connect.panasonic.com/gb/en/projectors/et-c1t900,official,conflict,https://eu.connect.panasonic.com/gb/en/projectors/et-c1w400,2026-10-09
Panasonic,PT-REZ10,,1920x1200 (WUXGA),"ET-C1 (1-chip DLP, REQ/REZ series)",ET-C1U090,0.308,0.308,±50%,±23%,"fixed UST; specs tentative, available from CY2026 Q4; 1-chip DLP laser; shift per series spec (same chassis as PT-REQ15/REZ15); series sibling of PT-REQ15/REZ15 (listed on the ET-C1W400 lens page and the series pages); Panasonic rates 10,000 lm ISO 21118 (no ANSI)",https://eu.connect.panasonic.com/gb/en/projectors/et-c1u090,official,yes,https://eu.connect.panasonic.com/gb/en/projectors/et-c1w400,2026-10-09
Panasonic,PT-REZ10,,1920x1200 (WUXGA),"ET-C1 (1-chip DLP, REQ/REZ series)",ET-C1U100,0.308,0.330,±50%,±23%,"UST zoom; 1-chip DLP laser; shift per series spec (same chassis as PT-REQ15/REZ15); series sibling of PT-REQ15/REZ15 (listed on the ET-C1W400 lens page and the series pages); Panasonic rates 10,000 lm ISO 21118 (no ANSI)",https://eu.connect.panasonic.com/gb/en/projectors/et-c1u100,official,yes,https://eu.connect.panasonic.com/gb/en/projectors/et-c1w400,2026-10-09
Panasonic,PT-REZ10,,1920x1200 (WUXGA),"ET-C1 (1-chip DLP, REQ/REZ series)",ET-C1U200,0.380,0.380,+78% to +88%,±9%,"fixed mirror UST; 1-chip DLP laser; REZ15 page prints V +88% and no H value; REQ15 spec PDF gives +78% to +88% / ±9%; shift per series spec (same chassis as PT-REQ15/REZ15); series sibling of PT-REQ15/REZ15 (listed on the ET-C1W400 lens page and the series pages); Panasonic rates 10,000 lm ISO 21118 (no ANSI)",https://eu.connect.panasonic.com/gb/en/projectors/et-c1u200,official,yes,https://eu.connect.panasonic.com/gb/en/projectors/et-c1w400,2026-10-09
Panasonic,PT-REZ10,,1920x1200 (WUXGA),"ET-C1 (1-chip DLP, REQ/REZ series)",ET-C1W300,0.550,0.690,±50%,±23%,"zoom; 1-chip DLP laser; shift per series spec (same chassis as PT-REQ15/REZ15); series sibling of PT-REQ15/REZ15 (listed on the ET-C1W400 lens page and the series pages); Panasonic rates 10,000 lm ISO 21118 (no ANSI)",https://eu.connect.panasonic.com/gb/en/projectors/et-c1w300,official,yes,https://eu.connect.panasonic.com/gb/en/projectors/et-c1w400,2026-10-09
Panasonic,PT-REZ10,,1920x1200 (WUXGA),"ET-C1 (1-chip DLP, REQ/REZ series)",ET-C1W400,0.680,0.950,±60%,±29%,"zoom; 1-chip DLP laser; shift per series spec (same chassis as PT-REQ15/REZ15); series sibling of PT-REQ15/REZ15 (listed on the ET-C1W400 lens page and the series pages); Panasonic rates 10,000 lm ISO 21118 (no ANSI)",https://eu.connect.panasonic.com/gb/en/projectors/et-c1w400,official,yes,https://eu.connect.panasonic.com/gb/en/projectors/et-c1w400,2026-10-09
Panasonic,PT-REZ10,,1920x1200 (WUXGA),"ET-C1 (1-chip DLP, REQ/REZ series)",ET-C1W500,0.940,1.39,±60%,±29%,"zoom; 1-chip DLP laser; shift per series spec (same chassis as PT-REQ15/REZ15); series sibling of PT-REQ15/REZ15 (listed on the ET-C1W400 lens page and the series pages); Panasonic rates 10,000 lm ISO 21118 (no ANSI)",https://eu.connect.panasonic.com/gb/en/projectors/et-c1w500,official,yes,https://eu.connect.panasonic.com/gb/en/projectors/et-c1w400,2026-10-09
Panasonic,PT-REZ10,,1920x1200 (WUXGA),"ET-C1 (1-chip DLP, REQ/REZ series)",ET-C1S600,1.36,2.10,±60%,±29%,"zoom; supplied lens on non-L models; 1-chip DLP laser; shift per series spec (same chassis as PT-REQ15/REZ15); series sibling of PT-REQ15/REZ15 (listed on the ET-C1W400 lens page and the series pages); Panasonic rates 10,000 lm ISO 21118 (no ANSI)",https://eu.connect.panasonic.com/gb/en/projectors/et-c1s600,official,yes,https://eu.connect.panasonic.com/gb/en/projectors/et-c1w400,2026-10-09
Panasonic,PT-REZ10,,1920x1200 (WUXGA),"ET-C1 (1-chip DLP, REQ/REZ series)",ET-C1T700,2.07,3.38,±60%,±29%,"zoom; 1-chip DLP laser; shift per series spec (same chassis as PT-REQ15/REZ15); series sibling of PT-REQ15/REZ15 (listed on the ET-C1W400 lens page and the series pages); Panasonic rates 10,000 lm ISO 21118 (no ANSI)",https://eu.connect.panasonic.com/gb/en/projectors/et-c1t700,official,yes,https://eu.connect.panasonic.com/gb/en/projectors/et-c1w400,2026-10-09
Panasonic,PT-REZ10,,1920x1200 (WUXGA),"ET-C1 (1-chip DLP, REQ/REZ series)",ET-C1T800,3.30,6.60,±60%,±29%,"zoom; 1-chip DLP laser; shift per series spec (same chassis as PT-REQ15/REZ15); series sibling of PT-REQ15/REZ15 (listed on the ET-C1W400 lens page and the series pages); Panasonic rates 10,000 lm ISO 21118 (no ANSI)",https://eu.connect.panasonic.com/gb/en/projectors/et-c1t800,official,yes,https://eu.connect.panasonic.com/gb/en/projectors/et-c1w400,2026-10-09
Panasonic,PT-REZ10,,1920x1200 (WUXGA),"ET-C1 (1-chip DLP, REQ/REZ series)",ET-C1T900,6.50,11.1,±60%,±29%,"zoom; throw marked TBD (key features say 6.50-11.1); 1-chip DLP laser; PT-REQ15 spec PDF gives 6.50-11.10, projector web page prints 6.50-11.0 (TBD); shift per series spec (same chassis as PT-REQ15/REZ15); series sibling of PT-REQ15/REZ15 (listed on the ET-C1W400 lens page and the series pages); Panasonic rates 10,000 lm ISO 21118 (no ANSI)",https://eu.connect.panasonic.com/gb/en/projectors/et-c1t900,official,conflict,https://eu.connect.panasonic.com/gb/en/projectors/et-c1w400,2026-10-09
Panasonic,PT-REZ12,,1920x1200 (WUXGA),"ET-C1 (1-chip DLP, REQ/REZ series)",ET-C1U090,0.308,0.308,±50%,±23%,"fixed UST; specs tentative, available from CY2026 Q4; 1-chip DLP laser; shift per series spec (same chassis as PT-REQ15/REZ15); series sibling of PT-REQ15/REZ15 (listed on the ET-C1W400 lens page and the series pages); Panasonic rates 12,000 lm ISO 21118 (no ANSI)",https://eu.connect.panasonic.com/gb/en/projectors/et-c1u090,official,yes,https://eu.connect.panasonic.com/gb/en/projectors/et-c1w400,2026-10-09
Panasonic,PT-REZ12,,1920x1200 (WUXGA),"ET-C1 (1-chip DLP, REQ/REZ series)",ET-C1U100,0.308,0.330,±50%,±23%,"UST zoom; 1-chip DLP laser; shift per series spec (same chassis as PT-REQ15/REZ15); series sibling of PT-REQ15/REZ15 (listed on the ET-C1W400 lens page and the series pages); Panasonic rates 12,000 lm ISO 21118 (no ANSI)",https://eu.connect.panasonic.com/gb/en/projectors/et-c1u100,official,yes,https://eu.connect.panasonic.com/gb/en/projectors/et-c1w400,2026-10-09
Panasonic,PT-REZ12,,1920x1200 (WUXGA),"ET-C1 (1-chip DLP, REQ/REZ series)",ET-C1U200,0.380,0.380,+78% to +88%,±9%,"fixed mirror UST; 1-chip DLP laser; REZ15 page prints V +88% and no H value; REQ15 spec PDF gives +78% to +88% / ±9%; shift per series spec (same chassis as PT-REQ15/REZ15); series sibling of PT-REQ15/REZ15 (listed on the ET-C1W400 lens page and the series pages); Panasonic rates 12,000 lm ISO 21118 (no ANSI)",https://eu.connect.panasonic.com/gb/en/projectors/et-c1u200,official,yes,https://eu.connect.panasonic.com/gb/en/projectors/et-c1w400,2026-10-09
Panasonic,PT-REZ12,,1920x1200 (WUXGA),"ET-C1 (1-chip DLP, REQ/REZ series)",ET-C1W300,0.550,0.690,±50%,±23%,"zoom; 1-chip DLP laser; shift per series spec (same chassis as PT-REQ15/REZ15); series sibling of PT-REQ15/REZ15 (listed on the ET-C1W400 lens page and the series pages); Panasonic rates 12,000 lm ISO 21118 (no ANSI)",https://eu.connect.panasonic.com/gb/en/projectors/et-c1w300,official,yes,https://eu.connect.panasonic.com/gb/en/projectors/et-c1w400,2026-10-09
Panasonic,PT-REZ12,,1920x1200 (WUXGA),"ET-C1 (1-chip DLP, REQ/REZ series)",ET-C1W400,0.680,0.950,±60%,±29%,"zoom; 1-chip DLP laser; shift per series spec (same chassis as PT-REQ15/REZ15); series sibling of PT-REQ15/REZ15 (listed on the ET-C1W400 lens page and the series pages); Panasonic rates 12,000 lm ISO 21118 (no ANSI)",https://eu.connect.panasonic.com/gb/en/projectors/et-c1w400,official,yes,https://eu.connect.panasonic.com/gb/en/projectors/et-c1w400,2026-10-09
Panasonic,PT-REZ12,,1920x1200 (WUXGA),"ET-C1 (1-chip DLP, REQ/REZ series)",ET-C1W500,0.940,1.39,±60%,±29%,"zoom; 1-chip DLP laser; shift per series spec (same chassis as PT-REQ15/REZ15); series sibling of PT-REQ15/REZ15 (listed on the ET-C1W400 lens page and the series pages); Panasonic rates 12,000 lm ISO 21118 (no ANSI)",https://eu.connect.panasonic.com/gb/en/projectors/et-c1w500,official,yes,https://eu.connect.panasonic.com/gb/en/projectors/et-c1w400,2026-10-09
Panasonic,PT-REZ12,,1920x1200 (WUXGA),"ET-C1 (1-chip DLP, REQ/REZ series)",ET-C1S600,1.36,2.10,±60%,±29%,"zoom; supplied lens on non-L models; 1-chip DLP laser; shift per series spec (same chassis as PT-REQ15/REZ15); series sibling of PT-REQ15/REZ15 (listed on the ET-C1W400 lens page and the series pages); Panasonic rates 12,000 lm ISO 21118 (no ANSI)",https://eu.connect.panasonic.com/gb/en/projectors/et-c1s600,official,yes,https://eu.connect.panasonic.com/gb/en/projectors/et-c1w400,2026-10-09
Panasonic,PT-REZ12,,1920x1200 (WUXGA),"ET-C1 (1-chip DLP, REQ/REZ series)",ET-C1T700,2.07,3.38,±60%,±29%,"zoom; 1-chip DLP laser; shift per series spec (same chassis as PT-REQ15/REZ15); series sibling of PT-REQ15/REZ15 (listed on the ET-C1W400 lens page and the series pages); Panasonic rates 12,000 lm ISO 21118 (no ANSI)",https://eu.connect.panasonic.com/gb/en/projectors/et-c1t700,official,yes,https://eu.connect.panasonic.com/gb/en/projectors/et-c1w400,2026-10-09
Panasonic,PT-REZ12,,1920x1200 (WUXGA),"ET-C1 (1-chip DLP, REQ/REZ series)",ET-C1T800,3.30,6.60,±60%,±29%,"zoom; 1-chip DLP laser; shift per series spec (same chassis as PT-REQ15/REZ15); series sibling of PT-REQ15/REZ15 (listed on the ET-C1W400 lens page and the series pages); Panasonic rates 12,000 lm ISO 21118 (no ANSI)",https://eu.connect.panasonic.com/gb/en/projectors/et-c1t800,official,yes,https://eu.connect.panasonic.com/gb/en/projectors/et-c1w400,2026-10-09
Panasonic,PT-REZ12,,1920x1200 (WUXGA),"ET-C1 (1-chip DLP, REQ/REZ series)",ET-C1T900,6.50,11.1,±60%,±29%,"zoom; throw marked TBD (key features say 6.50-11.1); 1-chip DLP laser; PT-REQ15 spec PDF gives 6.50-11.10, projector web page prints 6.50-11.0 (TBD); shift per series spec (same chassis as PT-REQ15/REZ15); series sibling of PT-REQ15/REZ15 (listed on the ET-C1W400 lens page and the series pages); Panasonic rates 12,000 lm ISO 21118 (no ANSI)",https://eu.connect.panasonic.com/gb/en/projectors/et-c1t900,official,conflict,https://eu.connect.panasonic.com/gb/en/projectors/et-c1w400,2026-10-09
Panasonic,PT-REZ15,15000,1920x1200 (WUXGA),"ET-C1 (1-chip DLP, REQ/REZ series)",ET-C1U090,0.308,0.308,±50%,±23%,"fixed UST; specs tentative, available from CY2026 Q4; 1-chip DLP laser; shift per series spec (same chassis as PT-REQ15/REZ15)",https://eu.connect.panasonic.com/gb/en/projectors/et-c1u090,official,yes,https://eu.connect.panasonic.com/gb/en/projectors/pt-rez15,2026-10-09
Panasonic,PT-REZ15,15000,1920x1200 (WUXGA),"ET-C1 (1-chip DLP, REQ/REZ series)",ET-C1U100,0.308,0.330,±50%,±23%,UST zoom; 1-chip DLP laser; shift per series spec (same chassis as PT-REQ15/REZ15),https://eu.connect.panasonic.com/gb/en/projectors/et-c1u100,official,yes,https://eu.connect.panasonic.com/gb/en/projectors/pt-rez15,2026-10-09
Panasonic,PT-REZ15,15000,1920x1200 (WUXGA),"ET-C1 (1-chip DLP, REQ/REZ series)",ET-C1U200,0.380,0.380,+78% to +88%,±9%,fixed mirror UST; 1-chip DLP laser; REZ15 page prints V +88% and no H value; REQ15 spec PDF gives +78% to +88% / ±9%; shift per series spec (same chassis as PT-REQ15/REZ15),https://eu.connect.panasonic.com/gb/en/projectors/et-c1u200,official,yes,https://eu.connect.panasonic.com/gb/en/projectors/pt-rez15,2026-10-09
Panasonic,PT-REZ15,15000,1920x1200 (WUXGA),"ET-C1 (1-chip DLP, REQ/REZ series)",ET-C1W300,0.550,0.690,±50%,±23%,zoom; 1-chip DLP laser; shift per series spec (same chassis as PT-REQ15/REZ15),https://eu.connect.panasonic.com/gb/en/projectors/et-c1w300,official,yes,https://eu.connect.panasonic.com/gb/en/projectors/pt-rez15,2026-10-09
Panasonic,PT-REZ15,15000,1920x1200 (WUXGA),"ET-C1 (1-chip DLP, REQ/REZ series)",ET-C1W400,0.680,0.950,±60%,±29%,zoom; 1-chip DLP laser; shift per series spec (same chassis as PT-REQ15/REZ15),https://eu.connect.panasonic.com/gb/en/projectors/et-c1w400,official,yes,https://eu.connect.panasonic.com/gb/en/projectors/pt-rez15,2026-10-09
Panasonic,PT-REZ15,15000,1920x1200 (WUXGA),"ET-C1 (1-chip DLP, REQ/REZ series)",ET-C1W500,0.940,1.39,±60%,±29%,zoom; 1-chip DLP laser; shift per series spec (same chassis as PT-REQ15/REZ15),https://eu.connect.panasonic.com/gb/en/projectors/et-c1w500,official,yes,https://eu.connect.panasonic.com/gb/en/projectors/pt-rez15,2026-10-09
Panasonic,PT-REZ15,15000,1920x1200 (WUXGA),"ET-C1 (1-chip DLP, REQ/REZ series)",ET-C1S600,1.36,2.10,±60%,±29%,zoom; supplied lens on non-L models; 1-chip DLP laser; shift per series spec (same chassis as PT-REQ15/REZ15),https://eu.connect.panasonic.com/gb/en/projectors/et-c1s600,official,yes,https://eu.connect.panasonic.com/gb/en/projectors/pt-rez15,2026-10-09
Panasonic,PT-REZ15,15000,1920x1200 (WUXGA),"ET-C1 (1-chip DLP, REQ/REZ series)",ET-C1T700,2.07,3.38,±60%,±29%,zoom; 1-chip DLP laser; shift per series spec (same chassis as PT-REQ15/REZ15),https://eu.connect.panasonic.com/gb/en/projectors/et-c1t700,official,yes,https://eu.connect.panasonic.com/gb/en/projectors/pt-rez15,2026-10-09
Panasonic,PT-REZ15,15000,1920x1200 (WUXGA),"ET-C1 (1-chip DLP, REQ/REZ series)",ET-C1T800,3.30,6.60,±60%,±29%,zoom; 1-chip DLP laser; shift per series spec (same chassis as PT-REQ15/REZ15),https://eu.connect.panasonic.com/gb/en/projectors/et-c1t800,official,yes,https://eu.connect.panasonic.com/gb/en/projectors/pt-rez15,2026-10-09
Panasonic,PT-REZ15,15000,1920x1200 (WUXGA),"ET-C1 (1-chip DLP, REQ/REZ series)",ET-C1T900,6.50,11.1,±60%,±29%,"zoom; throw marked TBD (key features say 6.50-11.1); 1-chip DLP laser; throw_max was 11.0 (PT-REQ15 spec PDF gives 6.50-11.10, projector web page prints 6.50-11.0 (TBD)); shift per series spec (same chassis as PT-REQ15/REZ15)",https://eu.connect.panasonic.com/gb/en/projectors/et-c1t900,official,conflict,https://eu.connect.panasonic.com/gb/en/projectors/pt-rez15,2026-10-09
Panasonic,PT-REZ80,,1920x1200 (WUXGA),"ET-C1 (1-chip DLP, REQ/REZ series)",ET-C1U090,0.308,0.308,±50%,±23%,"fixed UST; specs tentative, available from CY2026 Q4; 1-chip DLP laser; shift per series spec (same chassis as PT-REQ15/REZ15); series sibling of PT-REQ15/REZ15 (listed on the ET-C1W400 lens page and the series pages); Panasonic rates 8,000 lm ISO 21118 (no ANSI)",https://eu.connect.panasonic.com/gb/en/projectors/et-c1u090,official,yes,https://eu.connect.panasonic.com/gb/en/projectors/et-c1w400,2026-10-09
Panasonic,PT-REZ80,,1920x1200 (WUXGA),"ET-C1 (1-chip DLP, REQ/REZ series)",ET-C1U100,0.308,0.330,±50%,±23%,"UST zoom; 1-chip DLP laser; shift per series spec (same chassis as PT-REQ15/REZ15); series sibling of PT-REQ15/REZ15 (listed on the ET-C1W400 lens page and the series pages); Panasonic rates 8,000 lm ISO 21118 (no ANSI)",https://eu.connect.panasonic.com/gb/en/projectors/et-c1u100,official,yes,https://eu.connect.panasonic.com/gb/en/projectors/et-c1w400,2026-10-09
Panasonic,PT-REZ80,,1920x1200 (WUXGA),"ET-C1 (1-chip DLP, REQ/REZ series)",ET-C1U200,0.380,0.380,+78% to +88%,±9%,"fixed mirror UST; 1-chip DLP laser; REZ15 page prints V +88% and no H value; REQ15 spec PDF gives +78% to +88% / ±9%; shift per series spec (same chassis as PT-REQ15/REZ15); series sibling of PT-REQ15/REZ15 (listed on the ET-C1W400 lens page and the series pages); Panasonic rates 8,000 lm ISO 21118 (no ANSI)",https://eu.connect.panasonic.com/gb/en/projectors/et-c1u200,official,yes,https://eu.connect.panasonic.com/gb/en/projectors/et-c1w400,2026-10-09
Panasonic,PT-REZ80,,1920x1200 (WUXGA),"ET-C1 (1-chip DLP, REQ/REZ series)",ET-C1W300,0.550,0.690,±50%,±23%,"zoom; 1-chip DLP laser; shift per series spec (same chassis as PT-REQ15/REZ15); series sibling of PT-REQ15/REZ15 (listed on the ET-C1W400 lens page and the series pages); Panasonic rates 8,000 lm ISO 21118 (no ANSI)",https://eu.connect.panasonic.com/gb/en/projectors/et-c1w300,official,yes,https://eu.connect.panasonic.com/gb/en/projectors/et-c1w400,2026-10-09
Panasonic,PT-REZ80,,1920x1200 (WUXGA),"ET-C1 (1-chip DLP, REQ/REZ series)",ET-C1W400,0.680,0.950,±60%,±29%,"zoom; 1-chip DLP laser; shift per series spec (same chassis as PT-REQ15/REZ15); series sibling of PT-REQ15/REZ15 (listed on the ET-C1W400 lens page and the series pages); Panasonic rates 8,000 lm ISO 21118 (no ANSI)",https://eu.connect.panasonic.com/gb/en/projectors/et-c1w400,official,yes,https://eu.connect.panasonic.com/gb/en/projectors/et-c1w400,2026-10-09
Panasonic,PT-REZ80,,1920x1200 (WUXGA),"ET-C1 (1-chip DLP, REQ/REZ series)",ET-C1W500,0.940,1.39,±60%,±29%,"zoom; 1-chip DLP laser; shift per series spec (same chassis as PT-REQ15/REZ15); series sibling of PT-REQ15/REZ15 (listed on the ET-C1W400 lens page and the series pages); Panasonic rates 8,000 lm ISO 21118 (no ANSI)",https://eu.connect.panasonic.com/gb/en/projectors/et-c1w500,official,yes,https://eu.connect.panasonic.com/gb/en/projectors/et-c1w400,2026-10-09
Panasonic,PT-REZ80,,1920x1200 (WUXGA),"ET-C1 (1-chip DLP, REQ/REZ series)",ET-C1S600,1.36,2.10,±60%,±29%,"zoom; supplied lens on non-L models; 1-chip DLP laser; shift per series spec (same chassis as PT-REQ15/REZ15); series sibling of PT-REQ15/REZ15 (listed on the ET-C1W400 lens page and the series pages); Panasonic rates 8,000 lm ISO 21118 (no ANSI)",https://eu.connect.panasonic.com/gb/en/projectors/et-c1s600,official,yes,https://eu.connect.panasonic.com/gb/en/projectors/et-c1w400,2026-10-09
Panasonic,PT-REZ80,,1920x1200 (WUXGA),"ET-C1 (1-chip DLP, REQ/REZ series)",ET-C1T700,2.07,3.38,±60%,±29%,"zoom; 1-chip DLP laser; shift per series spec (same chassis as PT-REQ15/REZ15); series sibling of PT-REQ15/REZ15 (listed on the ET-C1W400 lens page and the series pages); Panasonic rates 8,000 lm ISO 21118 (no ANSI)",https://eu.connect.panasonic.com/gb/en/projectors/et-c1t700,official,yes,https://eu.connect.panasonic.com/gb/en/projectors/et-c1w400,2026-10-09
Panasonic,PT-REZ80,,1920x1200 (WUXGA),"ET-C1 (1-chip DLP, REQ/REZ series)",ET-C1T800,3.30,6.60,±60%,±29%,"zoom; 1-chip DLP laser; shift per series spec (same chassis as PT-REQ15/REZ15); series sibling of PT-REQ15/REZ15 (listed on the ET-C1W400 lens page and the series pages); Panasonic rates 8,000 lm ISO 21118 (no ANSI)",https://eu.connect.panasonic.com/gb/en/projectors/et-c1t800,official,yes,https://eu.connect.panasonic.com/gb/en/projectors/et-c1w400,2026-10-09
Panasonic,PT-REZ80,,1920x1200 (WUXGA),"ET-C1 (1-chip DLP, REQ/REZ series)",ET-C1T900,6.50,11.1,±60%,±29%,"zoom; throw marked TBD (key features say 6.50-11.1); 1-chip DLP laser; PT-REQ15 spec PDF gives 6.50-11.10, projector web page prints 6.50-11.0 (TBD); shift per series spec (same chassis as PT-REQ15/REZ15); series sibling of PT-REQ15/REZ15 (listed on the ET-C1W400 lens page and the series pages); Panasonic rates 8,000 lm ISO 21118 (no ANSI)",https://eu.connect.panasonic.com/gb/en/projectors/et-c1t900,official,conflict,https://eu.connect.panasonic.com/gb/en/projectors/et-c1w400,2026-10-09
Panasonic,PT-RQ6L,6500,"3840x2160 (4K UHD; 1920x1080 DMD, 0.65in 16:9)",ET-DLE (1-chip DLP),ET-DLE020,0.279,0.297,+55% / -22%,+10% / -20%,"UST zoom (also ET-DLE020G); discontinued lens; throw ratios at 16:9 (16:10 image on this 16:9 DMD has a longer throw - see spec sheet); 1-chip DLP laser, no lens supplied; throw/shift from PT-RQ7L spec PDF (same chassis/DMD; separate RQ6L sheet not read)",https://eu.connect.panasonic.com/sites/default/files/media/document/2024-08/PT-RQ7G_spec_en_1718055128.4338_0.pdf,official,yes,https://eu.connect.panasonic.com/gb/en/projectors/pt-rq7l,2026-10-09
Panasonic,PT-RQ6L,6500,"3840x2160 (4K UHD; 1920x1080 DMD, 0.65in 16:9)",ET-DLE (1-chip DLP),ET-DLE035,0.378,0.378,+97%,,"fixed-focus UST; throw ratios at 16:9 (16:10 image on this 16:9 DMD has a longer throw - see spec sheet); 1-chip DLP laser, no lens supplied; throw/shift from PT-RQ7L spec PDF (same chassis/DMD; separate RQ6L sheet not read)",https://eu.connect.panasonic.com/sites/default/files/media/document/2024-08/PT-RQ7G_spec_en_1718055128.4338_0.pdf,official,yes,https://eu.connect.panasonic.com/gb/en/projectors/pt-rq7l,2026-10-09
Panasonic,PT-RQ6L,6500,"3840x2160 (4K UHD; 1920x1080 DMD, 0.65in 16:9)",ET-DLE (1-chip DLP),ET-DLE060,0.597,0.797,+50% / -18%,+19% / -10%,"zoom; throw ratios at 16:9 (16:10 image on this 16:9 DMD has a longer throw - see spec sheet); 1-chip DLP laser, no lens supplied; throw/shift from PT-RQ7L spec PDF (same chassis/DMD; separate RQ6L sheet not read)",https://eu.connect.panasonic.com/sites/default/files/media/document/2024-08/PT-RQ7G_spec_en_1718055128.4338_0.pdf,official,yes,https://eu.connect.panasonic.com/gb/en/projectors/pt-rq7l,2026-10-09
Panasonic,PT-RQ6L,6500,"3840x2160 (4K UHD; 1920x1080 DMD, 0.65in 16:9)",ET-DLE (1-chip DLP),ET-DLE085,0.779,0.972,+60% / -18%,+28% / -10%,"zoom; throw ratios at 16:9 (16:10 image on this 16:9 DMD has a longer throw - see spec sheet); 1-chip DLP laser, no lens supplied; throw/shift from PT-RQ7L spec PDF (same chassis/DMD; separate RQ6L sheet not read)",https://eu.connect.panasonic.com/sites/default/files/media/document/2024-08/PT-RQ7G_spec_en_1718055128.4338_0.pdf,official,yes,https://eu.connect.panasonic.com/gb/en/projectors/pt-rq7l,2026-10-09
Panasonic,PT-RQ6L,6500,"3840x2160 (4K UHD; 1920x1080 DMD, 0.65in 16:9)",ET-DLE (1-chip DLP),ET-DLE055,0.782,0.782,,,"fixed-focus; discontinued lens; shift not stated; throw ratios at 16:9 (16:10 image on this 16:9 DMD has a longer throw - see spec sheet); 1-chip DLP laser, no lens supplied; throw/shift from PT-RQ7L spec PDF (same chassis/DMD; separate RQ6L sheet not read)",https://eu.connect.panasonic.com/sites/default/files/media/document/2024-08/PT-RQ7G_spec_en_1718055128.4338_0.pdf,official,yes,https://eu.connect.panasonic.com/gb/en/projectors/pt-rq7l,2026-10-09
Panasonic,PT-RQ6L,6500,"3840x2160 (4K UHD; 1920x1080 DMD, 0.65in 16:9)",ET-DLE (1-chip DLP),ET-DLE105,0.973,1.32,+60% / -18%,+28% / -10%,"zoom; throw ratios at 16:9 (16:10 image on this 16:9 DMD has a longer throw - see spec sheet); 1-chip DLP laser, no lens supplied; throw/shift from PT-RQ7L spec PDF (same chassis/DMD; separate RQ6L sheet not read)",https://eu.connect.panasonic.com/sites/default/files/media/document/2024-08/PT-RQ7G_spec_en_1718055128.4338_0.pdf,official,yes,https://eu.connect.panasonic.com/gb/en/projectors/pt-rq7l,2026-10-09
Panasonic,PT-RQ6L,6500,"3840x2160 (4K UHD; 1920x1080 DMD, 0.65in 16:9)",ET-DLE (1-chip DLP),ET-DLE150,1.29,1.88,+66% / -18%,+30% / -10%,"zoom; throw ratios at 16:9 (16:10 image on this 16:9 DMD has a longer throw - see spec sheet); 1-chip DLP laser, no lens supplied; throw/shift from PT-RQ7L spec PDF (same chassis/DMD; separate RQ6L sheet not read)",https://eu.connect.panasonic.com/sites/default/files/media/document/2024-08/PT-RQ7G_spec_en_1718055128.4338_0.pdf,official,yes,https://eu.connect.panasonic.com/gb/en/projectors/pt-rq7l,2026-10-09
Panasonic,PT-RQ6L,6500,"3840x2160 (4K UHD; 1920x1080 DMD, 0.65in 16:9)",ET-DLE (1-chip DLP),ET-DLE170,1.71,2.40,+66% / -18%,+30% / -10%,"zoom; light-output reference lens; throw ratios at 16:9 (16:10 image on this 16:9 DMD has a longer throw - see spec sheet); 1-chip DLP laser, no lens supplied; throw/shift from PT-RQ7L spec PDF (same chassis/DMD; separate RQ6L sheet not read)",https://eu.connect.panasonic.com/sites/default/files/media/document/2024-08/PT-RQ7G_spec_en_1718055128.4338_0.pdf,official,yes,https://eu.connect.panasonic.com/gb/en/projectors/pt-rq7l,2026-10-09
Panasonic,PT-RQ6L,6500,"3840x2160 (4K UHD; 1920x1080 DMD, 0.65in 16:9)",ET-DLE (1-chip DLP),ET-DLE250,2.26,3.60,+66% / -18%,+30% / -10%,"zoom; throw ratios at 16:9 (16:10 image on this 16:9 DMD has a longer throw - see spec sheet); 1-chip DLP laser, no lens supplied; throw/shift from PT-RQ7L spec PDF (same chassis/DMD; separate RQ6L sheet not read)",https://eu.connect.panasonic.com/sites/default/files/media/document/2024-08/PT-RQ7G_spec_en_1718055128.4338_0.pdf,official,yes,https://eu.connect.panasonic.com/gb/en/projectors/pt-rq7l,2026-10-09
Panasonic,PT-RQ6L,6500,"3840x2160 (4K UHD; 1920x1080 DMD, 0.65in 16:9)",ET-DLE (1-chip DLP),ET-DLE350,3.56,5.42,+66% / -18%,+30% / -10%,"zoom; throw ratios at 16:9 (16:10 image on this 16:9 DMD has a longer throw - see spec sheet); 1-chip DLP laser, no lens supplied; throw/shift from PT-RQ7L spec PDF (same chassis/DMD; separate RQ6L sheet not read)",https://eu.connect.panasonic.com/sites/default/files/media/document/2024-08/PT-RQ7G_spec_en_1718055128.4338_0.pdf,official,yes,https://eu.connect.panasonic.com/gb/en/projectors/pt-rq7l,2026-10-09
Panasonic,PT-RQ6L,6500,"3840x2160 (4K UHD; 1920x1080 DMD, 0.65in 16:9)",ET-DLE (1-chip DLP),ET-DLE450,5.33,8.53,+66% / -18%,+30% / -10%,"zoom; throw ratios at 16:9 (16:10 image on this 16:9 DMD has a longer throw - see spec sheet); 1-chip DLP laser, no lens supplied; throw/shift from PT-RQ7L spec PDF (same chassis/DMD; separate RQ6L sheet not read)",https://eu.connect.panasonic.com/sites/default/files/media/document/2024-08/PT-RQ7G_spec_en_1718055128.4338_0.pdf,official,yes,https://eu.connect.panasonic.com/gb/en/projectors/pt-rq7l,2026-10-09
Panasonic,PT-RQ7L,7500,"3840x2160 (4K UHD via Quad Pixel Drive; 1920x1080 DMD, 0.65in 16:9)",ET-DLE (1-chip DLP),ET-DLE020,0.279,0.297,+55% / -22%,+10% / -20%,"UST zoom (also ET-DLE020G); discontinued lens; throw ratios at 16:9 (16:10 image on this 16:9 DMD has a longer throw - see spec sheet); 1-chip DLP laser, no lens supplied",https://eu.connect.panasonic.com/sites/default/files/media/document/2024-08/PT-RQ7G_spec_en_1718055128.4338_0.pdf,official,yes,https://eu.connect.panasonic.com/sites/default/files/media/document/2024-08/PT-RQ7G_spec_en_1718055128.4338_0.pdf,2026-10-09
Panasonic,PT-RQ7L,7500,"3840x2160 (4K UHD via Quad Pixel Drive; 1920x1080 DMD, 0.65in 16:9)",ET-DLE (1-chip DLP),ET-DLE035,0.378,0.378,+97%,,"fixed-focus UST; throw ratios at 16:9 (16:10 image on this 16:9 DMD has a longer throw - see spec sheet); 1-chip DLP laser, no lens supplied",https://eu.connect.panasonic.com/sites/default/files/media/document/2024-08/PT-RQ7G_spec_en_1718055128.4338_0.pdf,official,yes,https://eu.connect.panasonic.com/sites/default/files/media/document/2024-08/PT-RQ7G_spec_en_1718055128.4338_0.pdf,2026-10-09
Panasonic,PT-RQ7L,7500,"3840x2160 (4K UHD via Quad Pixel Drive; 1920x1080 DMD, 0.65in 16:9)",ET-DLE (1-chip DLP),ET-DLE060,0.597,0.797,+50% / -18%,+19% / -10%,"zoom; throw ratios at 16:9 (16:10 image on this 16:9 DMD has a longer throw - see spec sheet); 1-chip DLP laser, no lens supplied",https://eu.connect.panasonic.com/sites/default/files/media/document/2024-08/PT-RQ7G_spec_en_1718055128.4338_0.pdf,official,yes,https://eu.connect.panasonic.com/sites/default/files/media/document/2024-08/PT-RQ7G_spec_en_1718055128.4338_0.pdf,2026-10-09
Panasonic,PT-RQ7L,7500,"3840x2160 (4K UHD via Quad Pixel Drive; 1920x1080 DMD, 0.65in 16:9)",ET-DLE (1-chip DLP),ET-DLE085,0.779,0.972,+60% / -18%,+28% / -10%,"zoom; throw ratios at 16:9 (16:10 image on this 16:9 DMD has a longer throw - see spec sheet); 1-chip DLP laser, no lens supplied",https://eu.connect.panasonic.com/sites/default/files/media/document/2024-08/PT-RQ7G_spec_en_1718055128.4338_0.pdf,official,yes,https://eu.connect.panasonic.com/sites/default/files/media/document/2024-08/PT-RQ7G_spec_en_1718055128.4338_0.pdf,2026-10-09
Panasonic,PT-RQ7L,7500,"3840x2160 (4K UHD via Quad Pixel Drive; 1920x1080 DMD, 0.65in 16:9)",ET-DLE (1-chip DLP),ET-DLE055,0.782,0.782,,,"fixed-focus; discontinued lens; shift not stated; throw ratios at 16:9 (16:10 image on this 16:9 DMD has a longer throw - see spec sheet); 1-chip DLP laser, no lens supplied",https://eu.connect.panasonic.com/sites/default/files/media/document/2024-08/PT-RQ7G_spec_en_1718055128.4338_0.pdf,official,yes,https://eu.connect.panasonic.com/sites/default/files/media/document/2024-08/PT-RQ7G_spec_en_1718055128.4338_0.pdf,2026-10-09
Panasonic,PT-RQ7L,7500,"3840x2160 (4K UHD via Quad Pixel Drive; 1920x1080 DMD, 0.65in 16:9)",ET-DLE (1-chip DLP),ET-DLE105,0.973,1.32,+60% / -18%,+28% / -10%,"zoom; throw ratios at 16:9 (16:10 image on this 16:9 DMD has a longer throw - see spec sheet); 1-chip DLP laser, no lens supplied",https://eu.connect.panasonic.com/sites/default/files/media/document/2024-08/PT-RQ7G_spec_en_1718055128.4338_0.pdf,official,yes,https://eu.connect.panasonic.com/sites/default/files/media/document/2024-08/PT-RQ7G_spec_en_1718055128.4338_0.pdf,2026-10-09
Panasonic,PT-RQ7L,7500,"3840x2160 (4K UHD via Quad Pixel Drive; 1920x1080 DMD, 0.65in 16:9)",ET-DLE (1-chip DLP),ET-DLE150,1.29,1.88,+66% / -18%,+30% / -10%,"zoom; throw ratios at 16:9 (16:10 image on this 16:9 DMD has a longer throw - see spec sheet); 1-chip DLP laser, no lens supplied",https://eu.connect.panasonic.com/sites/default/files/media/document/2024-08/PT-RQ7G_spec_en_1718055128.4338_0.pdf,official,yes,https://eu.connect.panasonic.com/sites/default/files/media/document/2024-08/PT-RQ7G_spec_en_1718055128.4338_0.pdf,2026-10-09
Panasonic,PT-RQ7L,7500,"3840x2160 (4K UHD via Quad Pixel Drive; 1920x1080 DMD, 0.65in 16:9)",ET-DLE (1-chip DLP),ET-DLE170,1.71,2.40,+66% / -18%,+30% / -10%,"zoom; light-output reference lens; throw ratios at 16:9 (16:10 image on this 16:9 DMD has a longer throw - see spec sheet); 1-chip DLP laser, no lens supplied",https://eu.connect.panasonic.com/sites/default/files/media/document/2024-08/PT-RQ7G_spec_en_1718055128.4338_0.pdf,official,yes,https://eu.connect.panasonic.com/sites/default/files/media/document/2024-08/PT-RQ7G_spec_en_1718055128.4338_0.pdf,2026-10-09
Panasonic,PT-RQ7L,7500,"3840x2160 (4K UHD via Quad Pixel Drive; 1920x1080 DMD, 0.65in 16:9)",ET-DLE (1-chip DLP),ET-DLE250,2.26,3.60,+66% / -18%,+30% / -10%,"zoom; throw ratios at 16:9 (16:10 image on this 16:9 DMD has a longer throw - see spec sheet); 1-chip DLP laser, no lens supplied",https://eu.connect.panasonic.com/sites/default/files/media/document/2024-08/PT-RQ7G_spec_en_1718055128.4338_0.pdf,official,yes,https://eu.connect.panasonic.com/sites/default/files/media/document/2024-08/PT-RQ7G_spec_en_1718055128.4338_0.pdf,2026-10-09
Panasonic,PT-RQ7L,7500,"3840x2160 (4K UHD via Quad Pixel Drive; 1920x1080 DMD, 0.65in 16:9)",ET-DLE (1-chip DLP),ET-DLE350,3.56,5.42,+66% / -18%,+30% / -10%,"zoom; throw ratios at 16:9 (16:10 image on this 16:9 DMD has a longer throw - see spec sheet); 1-chip DLP laser, no lens supplied",https://eu.connect.panasonic.com/sites/default/files/media/document/2024-08/PT-RQ7G_spec_en_1718055128.4338_0.pdf,official,yes,https://eu.connect.panasonic.com/sites/default/files/media/document/2024-08/PT-RQ7G_spec_en_1718055128.4338_0.pdf,2026-10-09
Panasonic,PT-RQ7L,7500,"3840x2160 (4K UHD via Quad Pixel Drive; 1920x1080 DMD, 0.65in 16:9)",ET-DLE (1-chip DLP),ET-DLE450,5.33,8.53,+66% / -18%,+30% / -10%,"zoom; throw ratios at 16:9 (16:10 image on this 16:9 DMD has a longer throw - see spec sheet); 1-chip DLP laser, no lens supplied",https://eu.connect.panasonic.com/sites/default/files/media/document/2024-08/PT-RQ7G_spec_en_1718055128.4338_0.pdf,official,yes,https://eu.connect.panasonic.com/sites/default/files/media/document/2024-08/PT-RQ7G_spec_en_1718055128.4338_0.pdf,2026-10-09
Panasonic,PT-RQ13K,,"5120x3200 (4K+ via Quad Pixel Drive; 2560x1600 DMD x3, 0.9in)",ET-D3L / ET-D75LE (3-chip DLP bayonet),ET-D75LE95,0.39,0.39,+10% / -5%,±21%,"fixed-focus mirror UST; shift from lens spec PDF; throw is the lens spec sheet's 4K+/RQ13K value; Panasonic rates 10,000 lm ISO 21118 (no ANSI); ET-D75LE6/8/20/30/40 also fit but their 4K+ throws were not found; discontinued projector",https://docs.connect.panasonic.com/projector/products/rq13k/spec/,official,yes,https://eu.connect.panasonic.com/sites/default/files/media/document/2024-04/et-d75le95_spec_en_5.pdf,2026-10-09
Panasonic,PT-RQ13K,,"5120x3200 (4K+ via Quad Pixel Drive; 2560x1600 DMD x3, 0.9in)",ET-D3L / ET-D75LE (3-chip DLP bayonet),ET-D3LEU101,0.397,0.397,,,"fixed UST zero-offset; throw is the lens spec sheet's 4K+/RQ13K value; Panasonic rates 10,000 lm ISO 21118 (no ANSI); ET-D75LE6/8/20/30/40 also fit but their 4K+ throws were not found; discontinued projector",https://docs.connect.panasonic.com/projector/products/rq13k/spec/,official,yes,https://eu.connect.panasonic.com/sites/default/files/media/document/2024-06/ET-D3LEU101_spec_en_1716330025.358_1.pdf,2026-10-09
Panasonic,PT-RQ13K,,"5120x3200 (4K+ via Quad Pixel Drive; 2560x1600 DMD x3, 0.9in)",ET-D3L / ET-D75LE (3-chip DLP bayonet),ET-D3LEW50,0.746,0.746,,,"fixed-focus; throw is the lens spec sheet's 4K+/RQ13K value; Panasonic rates 10,000 lm ISO 21118 (no ANSI); ET-D75LE6/8/20/30/40 also fit but their 4K+ throws were not found; discontinued projector",https://docs.connect.panasonic.com/projector/products/rq13k/spec/,official,yes,https://eu.connect.panasonic.com/sites/default/files/media/2024-04/et-d3lew50_spec_en.pdf,2026-10-09
Panasonic,PT-RQ13K,,"5120x3200 (4K+ via Quad Pixel Drive; 2560x1600 DMD x3, 0.9in)",ET-D3L / ET-D75LE (3-chip DLP bayonet),ET-D75LE10,1.39,1.79,±59%,±29%,"zoom; discontinued lens; throw is the lens spec sheet's 4K+/RQ13K value; Panasonic rates 10,000 lm ISO 21118 (no ANSI); ET-D75LE6/8/20/30/40 also fit but their 4K+ throws were not found; discontinued projector",https://docs.connect.panasonic.com/projector/products/rq13k/spec/,official,yes,https://eu.connect.panasonic.com/sites/default/files/media/document/2024-04/et-d75le10_spec_en_4.pdf,2026-10-09
Panasonic,PT-RQ13K,,"5120x3200 (4K+ via Quad Pixel Drive; 2560x1600 DMD x3, 0.9in)",ET-D3L / ET-D75LE (3-chip DLP bayonet),ET-D3LEF70,,,±37%,±17%,"fisheye/dome lens, 91.6 deg; no throw ratio published; shift from lens spec PDF (RQ32K/RQ22K/RQ13K row); throw is the lens spec sheet's 4K+/RQ13K value; Panasonic rates 10,000 lm ISO 21118 (no ANSI); ET-D75LE6/8/20/30/40 also fit but their 4K+ throws were not found; discontinued projector",https://docs.connect.panasonic.com/projector/products/rq13k/spec/,official,yes,https://eu.connect.panasonic.com/sites/default/files/media/document/2024-04/et-d3lef70_spec_en_3.pdf,2026-10-09
Panasonic,PT-RQ18K,16000,3840x2400 (4K via Quad Pixel Drive; 0.8in DMD),ET-D3L / ET-D75LE (3-chip DLP bayonet),ET-D75LE95,0.436,0.436,+71% / +93% (as printed),±14%,"fixed-focus UST; shift from RQ25K spec page https://docs.connect.panasonic.com/projector/products/rq25k/spec/; 3-chip DLP laser; conflict: projector spec page gives V +71%/+93%, H ±14%; lens spec PDF gives up 16% / down 6%, left/right 14% for RQ25K series (different reference point); projector page value kept",https://eu.connect.panasonic.com/gb/en/projectors/et-d75le95,official,conflict,https://eu.connect.panasonic.com/gb/en/projectors/et-d75le95,2026-10-09
Panasonic,PT-RQ18K,16000,3840x2400 (4K via Quad Pixel Drive; 0.8in DMD),ET-D3L / ET-D75LE (3-chip DLP bayonet),ET-D3LEU101,0.447,0.447,±66%,-25% / +30%,fixed UST zero-offset; 3-chip DLP laser,https://eu.connect.panasonic.com/gb/en/projectors/et-d3leu101,official,yes,https://eu.connect.panasonic.com/sites/default/files/media/document/2024-06/ET-D3LEU101_spec_en_1716330025.358_1.pdf,2026-10-09
Panasonic,PT-RQ18K,16000,3840x2400 (4K via Quad Pixel Drive; 0.8in DMD),ET-D3L / ET-D75LE (3-chip DLP bayonet),ET-D3LEW201,0.779,1.02,±57%,±18%,"zoom; lens page key-features value for PT-RQ25K (its spec table also prints 0.447, apparently a copy error); 3-chip DLP laser; conflict: lens spec PDF and key features give 0.779-1.02 for RQ25K series, but the lens page spec table prints 0.447 (copy of ET-D3LEU101); PDF value used",https://eu.connect.panasonic.com/gb/en/projectors/et-d3lew201,official,conflict,https://eu.connect.panasonic.com/sites/default/files/media/document/2024-06/ET-D3LEW201_spec_en_1716330740.8408_0.pdf,2026-10-09
Panasonic,PT-RQ18K,16000,3840x2400 (4K via Quad Pixel Drive; 0.8in DMD),ET-D3L / ET-D75LE (3-chip DLP bayonet),ET-D3LEW50,0.838,0.838,,,fixed-focus; shift for this lens not stated on RQ25K spec page; 3-chip DLP laser,https://eu.connect.panasonic.com/gb/en/projectors/et-d3lew50,official,yes,https://eu.connect.panasonic.com/sites/default/files/media/2024-04/et-d3lew50_spec_en.pdf,2026-10-09
Panasonic,PT-RQ18K,16000,3840x2400 (4K via Quad Pixel Drive; 0.8in DMD),ET-D3L / ET-D75LE (3-chip DLP bayonet),ET-D3LEW300,0.924,1.12,±52%,±18%,"shift from RQ25K spec page; 3-chip DLP laser; throw now confirmed on Panasonic lens page (was reseller copy, secondary); shift_v was 52% (as printed) (Panasonic RQ25K catalog prints ±52%); shift_h was 18% (as printed) (Panasonic RQ25K catalog prints ±18%)",https://www.rentex.com/rental-products/panasonic-et-d3lew300/,official,yes,https://ap.connect.panasonic.com/vn/en/et-d3lew300,2026-10-09
Panasonic,PT-RQ18K,16000,3840x2400 (4K via Quad Pixel Drive; 0.8in DMD),ET-D3L / ET-D75LE (3-chip DLP bayonet),ET-D3LEW60,1.12,1.32,±52%,±18%,"zoom; 3-chip DLP laser; shift_v was 52% (as printed) (Panasonic RQ25K catalog prints ±52%); shift_h was 18% (as printed) (Panasonic RQ25K catalog prints ±18%); conflict: lens spec PDF and full-spec table give 1.12-1.32, lens page quick table prints 1.12-1.55 (copy of ET-D3LEW600); PDF value used",https://eu.connect.panasonic.com/gb/en/projectors/et-d3lew60,official,conflict,https://eu.connect.panasonic.com/sites/default/files/media/2024-04/et-d3lew60_spec_en.pdf,2026-10-09
Panasonic,PT-RQ18K,16000,3840x2400 (4K via Quad Pixel Drive; 0.8in DMD),ET-D3L / ET-D75LE (3-chip DLP bayonet),ET-D3LEW600,1.12,1.55,±52%,±18%,zoom; 3-chip DLP laser; shift_v was 52% (as printed) (Panasonic RQ25K catalog prints ±52%); shift_h was 18% (as printed) (Panasonic RQ25K catalog prints ±18%),https://ap.pnd.panasonic.com/sg/en/download-specifications/94,official,yes,https://ap.pnd.panasonic.com/sg/en/download-specifications/94,2026-10-09
Panasonic,PT-RQ18K,16000,3840x2400 (4K via Quad Pixel Drive; 0.8in DMD),ET-D3L / ET-D75LE (3-chip DLP bayonet),ET-D3LEW10,1.52,2.07,±66%,±24%,zoom; shift = projector default; 3-chip DLP laser,https://eu.connect.panasonic.com/gb/en/projectors/et-d3lew10,official,yes,https://eu.connect.panasonic.com/sites/default/files/media/document/2024-04/et-d3lew10_spec_en_4.pdf,2026-10-09
Panasonic,PT-RQ18K,16000,3840x2400 (4K via Quad Pixel Drive; 0.8in DMD),ET-D3L / ET-D75LE (3-chip DLP bayonet),ET-D3LES20,2.00,2.90,±66%,±24%,zoom; shift = projector default; 3-chip DLP laser,https://eu.connect.panasonic.com/ch/de/projektoren/et-d3les20,official,yes,https://eu.connect.panasonic.com/sites/default/files/media/2024-04/et-d3les20_spec_en.pdf,2026-10-09
Panasonic,PT-RQ18K,16000,3840x2400 (4K via Quad Pixel Drive; 0.8in DMD),ET-D3L / ET-D75LE (3-chip DLP bayonet),ET-D3LES250,2.00,2.90,±66%,±24%,"zoom; shift = projector default; 3-chip DLP laser; throw_min was 2.01 (lens spec PDF gives 2.00-2.90 for RQ25K series, lens web page table says 2.01)",https://eu.connect.panasonic.com/gb/en/projectors/et-d3les250,official,conflict,https://eu.connect.panasonic.com/sites/default/files/media/document/2026-01/ET-D3LES250G_spec_en.pdf,2026-10-09
Panasonic,PT-RQ18K,16000,3840x2400 (4K via Quad Pixel Drive; 0.8in DMD),ET-D3L / ET-D75LE (3-chip DLP bayonet),ET-D3LET30,2.88,5.61,±66%,±24%,zoom; shift = projector default; 3-chip DLP laser,https://eu.connect.panasonic.com/gb/en/projectors/et-d3let30,official,yes,https://eu.connect.panasonic.com/sites/default/files/media/2024-04/et-d3let30_spec_en.pdf,2026-10-09
Panasonic,PT-RQ18K,16000,3840x2400 (4K via Quad Pixel Drive; 0.8in DMD),ET-D3L / ET-D75LE (3-chip DLP bayonet),ET-D3LET40,5.54,8.90,±66%,±24%,zoom; shift = projector default; 3-chip DLP laser,https://eu.connect.panasonic.com/gb/en/projectors/et-d3let40,official,yes,https://eu.connect.panasonic.com/sites/default/files/media/2024-04/et-d3let40_spec_en.pdf,2026-10-09
Panasonic,PT-RQ18K,16000,3840x2400 (4K via Quad Pixel Drive; 0.8in DMD),ET-D3L / ET-D75LE (3-chip DLP bayonet),ET-D3LET80,8.83,16.6,±66%,±24%,zoom; shift = projector default; 3-chip DLP laser,https://eu.connect.panasonic.com/gb/en/projectors/et-d3let80,official,yes,https://eu.connect.panasonic.com/sites/default/files/media/document/2024-04/et-d3let80_spec_en_5.pdf,2026-10-09
Panasonic,PT-RQ18K,16000,3840x2400 (4K via Quad Pixel Drive; 0.8in DMD),ET-D3L / ET-D75LE (3-chip DLP bayonet),ET-D3LEF70,,,,,"fisheye/dome lens, 91.6 deg; no throw ratio published; 3-chip DLP laser",https://eu.connect.panasonic.com/gb/en/projectors/et-d3lef70,official,yes,https://eu.connect.panasonic.com/sites/default/files/media/document/2024-04/et-d3lef70_spec_en_3.pdf,2026-10-09
Panasonic,PT-RQ22K,,5120x3200 (4K+ via Quad Pixel Drive; 2560x1600 DMD x3),ET-D3L / ET-D75LE (3-chip DLP bayonet),ET-D75LE95,0.39,0.39,+10% / -5%,±21%,"fixed-focus mirror UST; shift from lens spec PDF; throw is the lens spec sheet's 4K+ value for PT-RQ32K/RQ22K; Panasonic page gives 20,000 lm / 21,000 lm center, standard not stated; discontinued projector",https://eu.connect.panasonic.com/gb/en/projectors/pt-rq22k,official,yes,https://eu.connect.panasonic.com/sites/default/files/media/document/2024-04/et-d75le95_spec_en_5.pdf,2026-10-09
Panasonic,PT-RQ22K,,5120x3200 (4K+ via Quad Pixel Drive; 2560x1600 DMD x3),ET-D3L / ET-D75LE (3-chip DLP bayonet),ET-D3LEU101,0.397,0.397,,,"fixed UST zero-offset; throw is the lens spec sheet's 4K+ value for PT-RQ32K/RQ22K; Panasonic page gives 20,000 lm / 21,000 lm center, standard not stated; discontinued projector",https://eu.connect.panasonic.com/gb/en/projectors/pt-rq22k,official,yes,https://eu.connect.panasonic.com/sites/default/files/media/document/2024-06/ET-D3LEU101_spec_en_1716330025.358_1.pdf,2026-10-09
Panasonic,PT-RQ22K,,5120x3200 (4K+ via Quad Pixel Drive; 2560x1600 DMD x3),ET-D3L / ET-D75LE (3-chip DLP bayonet),ET-D3LEW201,0.693,0.913,,,"short-throw zoom; throw is the lens spec sheet's 4K+ value for PT-RQ32K/RQ22K; Panasonic page gives 20,000 lm / 21,000 lm center, standard not stated; discontinued projector",https://eu.connect.panasonic.com/gb/en/projectors/pt-rq22k,official,yes,https://eu.connect.panasonic.com/sites/default/files/media/document/2024-06/ET-D3LEW201_spec_en_1716330740.8408_0.pdf,2026-10-09
Panasonic,PT-RQ22K,,5120x3200 (4K+ via Quad Pixel Drive; 2560x1600 DMD x3),ET-D3L / ET-D75LE (3-chip DLP bayonet),ET-D3LEW50,0.746,0.746,,,"fixed-focus; shift not published for this lens; throw is the lens spec sheet's 4K+ value for PT-RQ32K/RQ22K; Panasonic page gives 20,000 lm / 21,000 lm center, standard not stated; discontinued projector",https://eu.connect.panasonic.com/gb/en/projectors/pt-rq22k,official,yes,https://eu.connect.panasonic.com/sites/default/files/media/2024-04/et-d3lew50_spec_en.pdf,2026-10-09
Panasonic,PT-RQ22K,,5120x3200 (4K+ via Quad Pixel Drive; 2560x1600 DMD x3),ET-D3L / ET-D75LE (3-chip DLP bayonet),ET-D3LEW60,0.991,1.18,,,"zoom; throw is the lens spec sheet's 4K+ value for PT-RQ32K/RQ22K; Panasonic page gives 20,000 lm / 21,000 lm center, standard not stated; discontinued projector",https://eu.connect.panasonic.com/gb/en/projectors/pt-rq22k,official,yes,https://eu.connect.panasonic.com/sites/default/files/media/2024-04/et-d3lew60_spec_en.pdf,2026-10-09
Panasonic,PT-RQ22K,,5120x3200 (4K+ via Quad Pixel Drive; 2560x1600 DMD x3),ET-D3L / ET-D75LE (3-chip DLP bayonet),ET-D3LEW10,1.35,1.84,±59%,±29%,"zoom; shift = projector range from lens spec PDF diagram (0.59V / 0.29H); throw is the lens spec sheet's 4K+ value for PT-RQ32K/RQ22K; Panasonic page gives 20,000 lm / 21,000 lm center, standard not stated; discontinued projector",https://eu.connect.panasonic.com/gb/en/projectors/pt-rq22k,official,yes,https://eu.connect.panasonic.com/sites/default/files/media/document/2024-04/et-d3lew10_spec_en_4.pdf,2026-10-09
Panasonic,PT-RQ22K,,5120x3200 (4K+ via Quad Pixel Drive; 2560x1600 DMD x3),ET-D3L / ET-D75LE (3-chip DLP bayonet),ET-D75LE10,1.39,1.79,±59%,±29%,"zoom; discontinued lens; shift = projector range from lens spec PDF diagram (0.59V / 0.29H); throw is the lens spec sheet's 4K+ value for PT-RQ32K/RQ22K; Panasonic page gives 20,000 lm / 21,000 lm center, standard not stated; discontinued projector",https://eu.connect.panasonic.com/gb/en/projectors/pt-rq22k,official,yes,https://eu.connect.panasonic.com/sites/default/files/media/document/2024-04/et-d75le10_spec_en_4.pdf,2026-10-09
Panasonic,PT-RQ22K,,5120x3200 (4K+ via Quad Pixel Drive; 2560x1600 DMD x3),ET-D3L / ET-D75LE (3-chip DLP bayonet),ET-D3LES20,1.79,2.59,±59%,±29%,"zoom; shift = projector range from lens spec PDF diagram (0.59V / 0.29H); throw is the lens spec sheet's 4K+ value for PT-RQ32K/RQ22K; Panasonic page gives 20,000 lm / 21,000 lm center, standard not stated; discontinued projector",https://eu.connect.panasonic.com/gb/en/projectors/pt-rq22k,official,yes,https://eu.connect.panasonic.com/sites/default/files/media/2024-04/et-d3les20_spec_en.pdf,2026-10-09
Panasonic,PT-RQ22K,,5120x3200 (4K+ via Quad Pixel Drive; 2560x1600 DMD x3),ET-D3L / ET-D75LE (3-chip DLP bayonet),ET-D3LES250,1.79,2.59,±59%,±29%,"zoom; shift = projector range from lens spec PDF diagram (0.59V / 0.29H); throw is the lens spec sheet's 4K+ value for PT-RQ32K/RQ22K; Panasonic page gives 20,000 lm / 21,000 lm center, standard not stated; discontinued projector",https://eu.connect.panasonic.com/gb/en/projectors/pt-rq22k,official,yes,https://eu.connect.panasonic.com/sites/default/files/media/document/2026-01/ET-D3LES250G_spec_en.pdf,2026-10-09
Panasonic,PT-RQ22K,,5120x3200 (4K+ via Quad Pixel Drive; 2560x1600 DMD x3),ET-D3L / ET-D75LE (3-chip DLP bayonet),ET-D3LET30,2.57,5.00,±59%,±29%,"zoom; shift = projector range from lens spec PDF diagram (0.59V / 0.29H); throw is the lens spec sheet's 4K+ value for PT-RQ32K/RQ22K; Panasonic page gives 20,000 lm / 21,000 lm center, standard not stated; discontinued projector",https://eu.connect.panasonic.com/gb/en/projectors/pt-rq22k,official,yes,https://eu.connect.panasonic.com/sites/default/files/media/2024-04/et-d3let30_spec_en.pdf,2026-10-09
Panasonic,PT-RQ22K,,5120x3200 (4K+ via Quad Pixel Drive; 2560x1600 DMD x3),ET-D3L / ET-D75LE (3-chip DLP bayonet),ET-D3LET40,4.94,7.94,±59%,±29%,"zoom; shift = projector range from lens spec PDF diagram (0.59V / 0.29H); throw is the lens spec sheet's 4K+ value for PT-RQ32K/RQ22K; Panasonic page gives 20,000 lm / 21,000 lm center, standard not stated; discontinued projector",https://eu.connect.panasonic.com/gb/en/projectors/pt-rq22k,official,yes,https://eu.connect.panasonic.com/sites/default/files/media/2024-04/et-d3let40_spec_en.pdf,2026-10-09
Panasonic,PT-RQ22K,,5120x3200 (4K+ via Quad Pixel Drive; 2560x1600 DMD x3),ET-D3L / ET-D75LE (3-chip DLP bayonet),ET-D3LET80,7.87,14.8,±59%,±29%,"zoom; shift = projector range from lens spec PDF diagram (0.59V / 0.29H); throw is the lens spec sheet's 4K+ value for PT-RQ32K/RQ22K; Panasonic page gives 20,000 lm / 21,000 lm center, standard not stated; discontinued projector",https://eu.connect.panasonic.com/gb/en/projectors/pt-rq22k,official,yes,https://eu.connect.panasonic.com/sites/default/files/media/document/2024-04/et-d3let80_spec_en_5.pdf,2026-10-09
Panasonic,PT-RQ22K,,5120x3200 (4K+ via Quad Pixel Drive; 2560x1600 DMD x3),ET-D3L / ET-D75LE (3-chip DLP bayonet),ET-D3LEF70,,,±37%,±17%,"fisheye/dome lens, 91.6 deg; no throw ratio published; shift from lens spec PDF (RQ32K/RQ22K/RQ13K row); Panasonic page gives 20,000 lm / 21,000 lm center, standard not stated; discontinued projector",https://eu.connect.panasonic.com/gb/en/projectors/pt-rq22k,official,yes,https://eu.connect.panasonic.com/sites/default/files/media/document/2024-04/et-d3lef70_spec_en_3.pdf,2026-10-09
Panasonic,PT-RQ25K,20000,"3840x2400 (4K via Quad Pixel Drive; 1920x1200 DMD x3, 0.8in)",ET-D3L / ET-D75LE (3-chip DLP bayonet),ET-D75LE95,0.436,0.436,+71% / +93% (as printed),±14%,"fixed-focus UST; shift from RQ25K spec page https://docs.connect.panasonic.com/projector/products/rq25k/spec/; 3-chip DLP laser; conflict: projector spec page gives V +71%/+93%, H ±14%; lens spec PDF gives up 16% / down 6%, left/right 14% for RQ25K series (different reference point); projector page value kept",https://eu.connect.panasonic.com/gb/en/projectors/et-d75le95,official,conflict,https://eu.connect.panasonic.com/gb/en/projectors/et-d75le95,2026-10-09
Panasonic,PT-RQ25K,20000,"3840x2400 (4K via Quad Pixel Drive; 1920x1200 DMD x3, 0.8in)",ET-D3L / ET-D75LE (3-chip DLP bayonet),ET-D3LEU101,0.447,0.447,±66%,-25% / +30%,fixed UST zero-offset; 3-chip DLP laser,https://eu.connect.panasonic.com/gb/en/projectors/et-d3leu101,official,yes,https://eu.connect.panasonic.com/sites/default/files/media/document/2024-06/ET-D3LEU101_spec_en_1716330025.358_1.pdf,2026-10-09
Panasonic,PT-RQ25K,20000,"3840x2400 (4K via Quad Pixel Drive; 1920x1200 DMD x3, 0.8in)",ET-D3L / ET-D75LE (3-chip DLP bayonet),ET-D3LEW201,0.779,1.02,±57%,±18%,"zoom; lens page key-features value for PT-RQ25K (its spec table also prints 0.447, apparently a copy error); 3-chip DLP laser; conflict: lens spec PDF and key features give 0.779-1.02 for RQ25K series, but the lens page spec table prints 0.447 (copy of ET-D3LEU101); PDF value used",https://eu.connect.panasonic.com/gb/en/projectors/et-d3lew201,official,conflict,https://eu.connect.panasonic.com/sites/default/files/media/document/2024-06/ET-D3LEW201_spec_en_1716330740.8408_0.pdf,2026-10-09
Panasonic,PT-RQ25K,20000,"3840x2400 (4K via Quad Pixel Drive; 1920x1200 DMD x3, 0.8in)",ET-D3L / ET-D75LE (3-chip DLP bayonet),ET-D3LEW50,0.838,0.838,,,fixed-focus; shift for this lens not stated on RQ25K spec page; 3-chip DLP laser,https://eu.connect.panasonic.com/gb/en/projectors/et-d3lew50,official,yes,https://eu.connect.panasonic.com/sites/default/files/media/2024-04/et-d3lew50_spec_en.pdf,2026-10-09
Panasonic,PT-RQ25K,20000,"3840x2400 (4K via Quad Pixel Drive; 1920x1200 DMD x3, 0.8in)",ET-D3L / ET-D75LE (3-chip DLP bayonet),ET-D3LEW300,0.924,1.12,±52%,±18%,"shift from RQ25K spec page; 3-chip DLP laser; throw now confirmed on Panasonic lens page (was reseller copy, secondary); shift_v was 52% (as printed) (Panasonic RQ25K catalog prints ±52%); shift_h was 18% (as printed) (Panasonic RQ25K catalog prints ±18%)",https://www.rentex.com/rental-products/panasonic-et-d3lew300/,official,yes,https://ap.connect.panasonic.com/vn/en/et-d3lew300,2026-10-09
Panasonic,PT-RQ25K,20000,"3840x2400 (4K via Quad Pixel Drive; 1920x1200 DMD x3, 0.8in)",ET-D3L / ET-D75LE (3-chip DLP bayonet),ET-D3LEW60,1.12,1.32,±52%,±18%,"zoom; 3-chip DLP laser; shift_v was 52% (as printed) (Panasonic RQ25K catalog prints ±52%); shift_h was 18% (as printed) (Panasonic RQ25K catalog prints ±18%); conflict: lens spec PDF and full-spec table give 1.12-1.32, lens page quick table prints 1.12-1.55 (copy of ET-D3LEW600); PDF value used",https://eu.connect.panasonic.com/gb/en/projectors/et-d3lew60,official,conflict,https://eu.connect.panasonic.com/sites/default/files/media/2024-04/et-d3lew60_spec_en.pdf,2026-10-09
Panasonic,PT-RQ25K,20000,"3840x2400 (4K via Quad Pixel Drive; 1920x1200 DMD x3, 0.8in)",ET-D3L / ET-D75LE (3-chip DLP bayonet),ET-D3LEW600,1.12,1.55,±52%,±18%,zoom; 3-chip DLP laser; shift_v was 52% (as printed) (Panasonic RQ25K catalog prints ±52%); shift_h was 18% (as printed) (Panasonic RQ25K catalog prints ±18%),https://ap.pnd.panasonic.com/sg/en/download-specifications/94,official,yes,https://ap.pnd.panasonic.com/sg/en/download-specifications/94,2026-10-09
Panasonic,PT-RQ25K,20000,"3840x2400 (4K via Quad Pixel Drive; 1920x1200 DMD x3, 0.8in)",ET-D3L / ET-D75LE (3-chip DLP bayonet),ET-D3LEW10,1.52,2.07,±66%,±24%,zoom; shift = projector default; 3-chip DLP laser,https://eu.connect.panasonic.com/gb/en/projectors/et-d3lew10,official,yes,https://eu.connect.panasonic.com/sites/default/files/media/document/2024-04/et-d3lew10_spec_en_4.pdf,2026-10-09
Panasonic,PT-RQ25K,20000,"3840x2400 (4K via Quad Pixel Drive; 1920x1200 DMD x3, 0.8in)",ET-D3L / ET-D75LE (3-chip DLP bayonet),ET-D3LES20,2.00,2.90,±66%,±24%,zoom; shift = projector default; 3-chip DLP laser,https://eu.connect.panasonic.com/ch/de/projektoren/et-d3les20,official,yes,https://eu.connect.panasonic.com/sites/default/files/media/2024-04/et-d3les20_spec_en.pdf,2026-10-09
Panasonic,PT-RQ25K,20000,"3840x2400 (4K via Quad Pixel Drive; 1920x1200 DMD x3, 0.8in)",ET-D3L / ET-D75LE (3-chip DLP bayonet),ET-D3LES250,2.00,2.90,±66%,±24%,"zoom; shift = projector default; 3-chip DLP laser; throw_min was 2.01 (lens spec PDF gives 2.00-2.90 for RQ25K series, lens web page table says 2.01)",https://eu.connect.panasonic.com/gb/en/projectors/et-d3les250,official,conflict,https://eu.connect.panasonic.com/sites/default/files/media/document/2026-01/ET-D3LES250G_spec_en.pdf,2026-10-09
Panasonic,PT-RQ25K,20000,"3840x2400 (4K via Quad Pixel Drive; 1920x1200 DMD x3, 0.8in)",ET-D3L / ET-D75LE (3-chip DLP bayonet),ET-D3LET30,2.88,5.61,±66%,±24%,zoom; shift = projector default; 3-chip DLP laser,https://eu.connect.panasonic.com/gb/en/projectors/et-d3let30,official,yes,https://eu.connect.panasonic.com/sites/default/files/media/2024-04/et-d3let30_spec_en.pdf,2026-10-09
Panasonic,PT-RQ25K,20000,"3840x2400 (4K via Quad Pixel Drive; 1920x1200 DMD x3, 0.8in)",ET-D3L / ET-D75LE (3-chip DLP bayonet),ET-D3LET40,5.54,8.90,±66%,±24%,zoom; shift = projector default; 3-chip DLP laser,https://eu.connect.panasonic.com/gb/en/projectors/et-d3let40,official,yes,https://eu.connect.panasonic.com/sites/default/files/media/2024-04/et-d3let40_spec_en.pdf,2026-10-09
Panasonic,PT-RQ25K,20000,"3840x2400 (4K via Quad Pixel Drive; 1920x1200 DMD x3, 0.8in)",ET-D3L / ET-D75LE (3-chip DLP bayonet),ET-D3LET80,8.83,16.6,±66%,±24%,zoom; shift = projector default; 3-chip DLP laser,https://eu.connect.panasonic.com/gb/en/projectors/et-d3let80,official,yes,https://eu.connect.panasonic.com/sites/default/files/media/document/2024-04/et-d3let80_spec_en_5.pdf,2026-10-09
Panasonic,PT-RQ25K,20000,"3840x2400 (4K via Quad Pixel Drive; 1920x1200 DMD x3, 0.8in)",ET-D3L / ET-D75LE (3-chip DLP bayonet),ET-D3LEF70,,,,,"fisheye/dome lens, 91.6 deg; no throw ratio published; 3-chip DLP laser",https://eu.connect.panasonic.com/gb/en/projectors/et-d3lef70,official,yes,https://eu.connect.panasonic.com/sites/default/files/media/document/2024-04/et-d3lef70_spec_en_3.pdf,2026-10-09
Panasonic,PT-RQ32K,,5120x3200 (4K+ via Quad Pixel Drive; 2560x1600 DMD x3),ET-D3L / ET-D75LE (3-chip DLP bayonet),ET-D75LE95,0.39,0.39,+10% / -5%,±21%,"fixed-focus mirror UST; shift from lens spec PDF; throw is the lens spec sheet's 4K+ value for PT-RQ32K/RQ22K; Panasonic page gives 26,000 lm / 27,000 lm center, standard not stated; discontinued projector",https://eu.connect.panasonic.com/gb/en/projectors/pt-rq32k,official,yes,https://eu.connect.panasonic.com/sites/default/files/media/document/2024-04/et-d75le95_spec_en_5.pdf,2026-10-09
Panasonic,PT-RQ32K,,5120x3200 (4K+ via Quad Pixel Drive; 2560x1600 DMD x3),ET-D3L / ET-D75LE (3-chip DLP bayonet),ET-D3LEU101,0.397,0.397,,,"fixed UST zero-offset; throw is the lens spec sheet's 4K+ value for PT-RQ32K/RQ22K; Panasonic page gives 26,000 lm / 27,000 lm center, standard not stated; discontinued projector",https://eu.connect.panasonic.com/gb/en/projectors/pt-rq32k,official,yes,https://eu.connect.panasonic.com/sites/default/files/media/document/2024-06/ET-D3LEU101_spec_en_1716330025.358_1.pdf,2026-10-09
Panasonic,PT-RQ32K,,5120x3200 (4K+ via Quad Pixel Drive; 2560x1600 DMD x3),ET-D3L / ET-D75LE (3-chip DLP bayonet),ET-D3LEW201,0.693,0.913,,,"short-throw zoom; throw is the lens spec sheet's 4K+ value for PT-RQ32K/RQ22K; Panasonic page gives 26,000 lm / 27,000 lm center, standard not stated; discontinued projector",https://eu.connect.panasonic.com/gb/en/projectors/pt-rq32k,official,yes,https://eu.connect.panasonic.com/sites/default/files/media/document/2024-06/ET-D3LEW201_spec_en_1716330740.8408_0.pdf,2026-10-09
Panasonic,PT-RQ32K,,5120x3200 (4K+ via Quad Pixel Drive; 2560x1600 DMD x3),ET-D3L / ET-D75LE (3-chip DLP bayonet),ET-D3LEW50,0.746,0.746,,,"fixed-focus; shift not published for this lens; throw is the lens spec sheet's 4K+ value for PT-RQ32K/RQ22K; Panasonic page gives 26,000 lm / 27,000 lm center, standard not stated; discontinued projector",https://eu.connect.panasonic.com/gb/en/projectors/pt-rq32k,official,yes,https://eu.connect.panasonic.com/sites/default/files/media/2024-04/et-d3lew50_spec_en.pdf,2026-10-09
Panasonic,PT-RQ32K,,5120x3200 (4K+ via Quad Pixel Drive; 2560x1600 DMD x3),ET-D3L / ET-D75LE (3-chip DLP bayonet),ET-D3LEW60,0.991,1.18,,,"zoom; throw is the lens spec sheet's 4K+ value for PT-RQ32K/RQ22K; Panasonic page gives 26,000 lm / 27,000 lm center, standard not stated; discontinued projector",https://eu.connect.panasonic.com/gb/en/projectors/pt-rq32k,official,yes,https://eu.connect.panasonic.com/sites/default/files/media/2024-04/et-d3lew60_spec_en.pdf,2026-10-09
Panasonic,PT-RQ32K,,5120x3200 (4K+ via Quad Pixel Drive; 2560x1600 DMD x3),ET-D3L / ET-D75LE (3-chip DLP bayonet),ET-D3LEW10,1.35,1.84,±59%,±29%,"zoom; shift = projector range from lens spec PDF diagram (0.59V / 0.29H); throw is the lens spec sheet's 4K+ value for PT-RQ32K/RQ22K; Panasonic page gives 26,000 lm / 27,000 lm center, standard not stated; discontinued projector",https://eu.connect.panasonic.com/gb/en/projectors/pt-rq32k,official,yes,https://eu.connect.panasonic.com/sites/default/files/media/document/2024-04/et-d3lew10_spec_en_4.pdf,2026-10-09
Panasonic,PT-RQ32K,,5120x3200 (4K+ via Quad Pixel Drive; 2560x1600 DMD x3),ET-D3L / ET-D75LE (3-chip DLP bayonet),ET-D75LE10,1.39,1.79,±59%,±29%,"zoom; discontinued lens; shift = projector range from lens spec PDF diagram (0.59V / 0.29H); throw is the lens spec sheet's 4K+ value for PT-RQ32K/RQ22K; Panasonic page gives 26,000 lm / 27,000 lm center, standard not stated; discontinued projector",https://eu.connect.panasonic.com/gb/en/projectors/pt-rq32k,official,yes,https://eu.connect.panasonic.com/sites/default/files/media/document/2024-04/et-d75le10_spec_en_4.pdf,2026-10-09
Panasonic,PT-RQ32K,,5120x3200 (4K+ via Quad Pixel Drive; 2560x1600 DMD x3),ET-D3L / ET-D75LE (3-chip DLP bayonet),ET-D3LES20,1.79,2.59,±59%,±29%,"zoom; shift = projector range from lens spec PDF diagram (0.59V / 0.29H); throw is the lens spec sheet's 4K+ value for PT-RQ32K/RQ22K; Panasonic page gives 26,000 lm / 27,000 lm center, standard not stated; discontinued projector",https://eu.connect.panasonic.com/gb/en/projectors/pt-rq32k,official,yes,https://eu.connect.panasonic.com/sites/default/files/media/2024-04/et-d3les20_spec_en.pdf,2026-10-09
Panasonic,PT-RQ32K,,5120x3200 (4K+ via Quad Pixel Drive; 2560x1600 DMD x3),ET-D3L / ET-D75LE (3-chip DLP bayonet),ET-D3LES250,1.79,2.59,±59%,±29%,"zoom; shift = projector range from lens spec PDF diagram (0.59V / 0.29H); throw is the lens spec sheet's 4K+ value for PT-RQ32K/RQ22K; Panasonic page gives 26,000 lm / 27,000 lm center, standard not stated; discontinued projector",https://eu.connect.panasonic.com/gb/en/projectors/pt-rq32k,official,yes,https://eu.connect.panasonic.com/sites/default/files/media/document/2026-01/ET-D3LES250G_spec_en.pdf,2026-10-09
Panasonic,PT-RQ32K,,5120x3200 (4K+ via Quad Pixel Drive; 2560x1600 DMD x3),ET-D3L / ET-D75LE (3-chip DLP bayonet),ET-D3LET30,2.57,5.00,±59%,±29%,"zoom; shift = projector range from lens spec PDF diagram (0.59V / 0.29H); throw is the lens spec sheet's 4K+ value for PT-RQ32K/RQ22K; Panasonic page gives 26,000 lm / 27,000 lm center, standard not stated; discontinued projector",https://eu.connect.panasonic.com/gb/en/projectors/pt-rq32k,official,yes,https://eu.connect.panasonic.com/sites/default/files/media/2024-04/et-d3let30_spec_en.pdf,2026-10-09
Panasonic,PT-RQ32K,,5120x3200 (4K+ via Quad Pixel Drive; 2560x1600 DMD x3),ET-D3L / ET-D75LE (3-chip DLP bayonet),ET-D3LET40,4.94,7.94,±59%,±29%,"zoom; shift = projector range from lens spec PDF diagram (0.59V / 0.29H); throw is the lens spec sheet's 4K+ value for PT-RQ32K/RQ22K; Panasonic page gives 26,000 lm / 27,000 lm center, standard not stated; discontinued projector",https://eu.connect.panasonic.com/gb/en/projectors/pt-rq32k,official,yes,https://eu.connect.panasonic.com/sites/default/files/media/2024-04/et-d3let40_spec_en.pdf,2026-10-09
Panasonic,PT-RQ32K,,5120x3200 (4K+ via Quad Pixel Drive; 2560x1600 DMD x3),ET-D3L / ET-D75LE (3-chip DLP bayonet),ET-D3LET80,7.87,14.8,±59%,±29%,"zoom; shift = projector range from lens spec PDF diagram (0.59V / 0.29H); throw is the lens spec sheet's 4K+ value for PT-RQ32K/RQ22K; Panasonic page gives 26,000 lm / 27,000 lm center, standard not stated; discontinued projector",https://eu.connect.panasonic.com/gb/en/projectors/pt-rq32k,official,yes,https://eu.connect.panasonic.com/sites/default/files/media/document/2024-04/et-d3let80_spec_en_5.pdf,2026-10-09
Panasonic,PT-RQ32K,,5120x3200 (4K+ via Quad Pixel Drive; 2560x1600 DMD x3),ET-D3L / ET-D75LE (3-chip DLP bayonet),ET-D3LEF70,,,±37%,±17%,"fisheye/dome lens, 91.6 deg; no throw ratio published; shift from lens spec PDF (RQ32K/RQ22K/RQ13K row); Panasonic page gives 26,000 lm / 27,000 lm center, standard not stated; discontinued projector",https://eu.connect.panasonic.com/gb/en/projectors/pt-rq32k,official,yes,https://eu.connect.panasonic.com/sites/default/files/media/document/2024-04/et-d3lef70_spec_en_3.pdf,2026-10-09
Panasonic,PT-RQ35K2,30500,3840x2400 (4K via Quad Pixel Drive; 1920x1200 DMD x3),ET-D3L / ET-D75LE (3-chip DLP bayonet),ET-D75LE95,0.364,0.364,"+78% / +68% (up/down, as printed)",±12%,"fixed-focus UST; shift values from projector spec page https://docs.connect.panasonic.com/projector/products/rq35k/spec/; 3-chip DLP laser; conflict: projector spec page/PDF gives V +68%/+78%, H ±12%; lens spec PDF gives up 5% / down 5%, left/right 12% for RQ35K-class bodies (different reference point); projector value kept",https://eu.connect.panasonic.com/gb/en/projectors/et-d75le95,official,conflict,https://eu.connect.panasonic.com/gb/en/projectors/et-d75le95,2026-10-09
Panasonic,PT-RQ35K2,30500,3840x2400 (4K via Quad Pixel Drive; 1920x1200 DMD x3),ET-D3L / ET-D75LE (3-chip DLP bayonet),ET-D3LEU101,0.370,0.370,±55%,+25% / 0%,fixed UST zero-offset; replaces ET-D3LEU100 (discontinued); 3-chip DLP laser,https://eu.connect.panasonic.com/gb/en/projectors/et-d3leu101,official,yes,https://eu.connect.panasonic.com/sites/default/files/media/document/2024-06/ET-D3LEU101_spec_en_1716330025.358_1.pdf,2026-10-09
Panasonic,PT-RQ35K2,30500,3840x2400 (4K via Quad Pixel Drive; 1920x1200 DMD x3),ET-D3L / ET-D75LE (3-chip DLP bayonet),ET-D3LEW201,0.645,0.850,±48%,±15%,short-throw zoom; replaces ET-D3LEW200 (discontinued); 3-chip DLP laser,https://eu.connect.panasonic.com/gb/en/projectors/et-d3lew201,official,yes,https://eu.connect.panasonic.com/sites/default/files/media/document/2024-06/ET-D3LEW201_spec_en_1716330740.8408_0.pdf,2026-10-09
Panasonic,PT-RQ35K2,30500,3840x2400 (4K via Quad Pixel Drive; 1920x1200 DMD x3),ET-D3L / ET-D75LE (3-chip DLP bayonet),ET-D3LEW50,0.694,0.694,not supported,not supported,fixed-focus; projector spec page says lens shift not supported with this lens; 3-chip DLP laser,https://eu.connect.panasonic.com/gb/en/projectors/et-d3lew50,official,yes,https://eu.connect.panasonic.com/sites/default/files/media/2024-04/et-d3lew50_spec_en.pdf,2026-10-09
Panasonic,PT-RQ35K2,30500,3840x2400 (4K via Quad Pixel Drive; 1920x1200 DMD x3),ET-D3L / ET-D75LE (3-chip DLP bayonet),ET-D3LEW300,0.770,0.933,±44%,±15%,"shift from projector spec page; 3-chip DLP laser; throw now confirmed on Panasonic lens page https://ap.connect.panasonic.com/vn/en/et-d3lew300 and PT-RZ44K spec PDF (was reseller copy, secondary)",https://www.rentex.com/rental-products/panasonic-et-d3lew300/,official,yes,https://ap.connect.panasonic.com/vn/en/et-d3lew300,2026-10-09
Panasonic,PT-RQ35K2,30500,3840x2400 (4K via Quad Pixel Drive; 1920x1200 DMD x3),ET-D3L / ET-D75LE (3-chip DLP bayonet),ET-D3LEW60,0.924,1.10,±44%,±15%,zoom; page's quick table shows 0.924-1.28 (copy of LEW600) - full spec 0.924-1.10 used; 3-chip DLP laser; conflict: lens spec PDF and RZ44K spec PDF give 0.924-1.10; lens page quick table prints 0.924-1.28 (copy of ET-D3LEW600); PDF value used,https://eu.connect.panasonic.com/gb/en/projectors/et-d3lew60,official,conflict,https://eu.connect.panasonic.com/sites/default/files/media/2024-04/et-d3lew60_spec_en.pdf,2026-10-09
Panasonic,PT-RQ35K2,30500,3840x2400 (4K via Quad Pixel Drive; 1920x1200 DMD x3),ET-D3L / ET-D75LE (3-chip DLP bayonet),ET-D3LEW600,0.924,1.28,±44%,±15%,zoom; 3-chip DLP laser,https://ap.pnd.panasonic.com/sg/en/download-specifications/94,official,yes,https://ap.pnd.panasonic.com/sg/en/download-specifications/94,2026-10-09
Panasonic,PT-RQ35K2,30500,3840x2400 (4K via Quad Pixel Drive; 1920x1200 DMD x3),ET-D3L / ET-D75LE (3-chip DLP bayonet),ET-D3LEW10,1.26,1.72,±55%,±20%,zoom; shift = projector default; 3-chip DLP laser,https://eu.connect.panasonic.com/gb/en/projectors/et-d3lew10,official,yes,https://eu.connect.panasonic.com/sites/default/files/media/document/2024-04/et-d3lew10_spec_en_4.pdf,2026-10-09
Panasonic,PT-RQ35K2,30500,3840x2400 (4K via Quad Pixel Drive; 1920x1200 DMD x3),ET-D3L / ET-D75LE (3-chip DLP bayonet),ET-D3LES20,1.67,2.41,±55%,±20%,zoom; shift = projector default; 3-chip DLP laser,https://eu.connect.panasonic.com/ch/de/projektoren/et-d3les20,official,yes,https://eu.connect.panasonic.com/sites/default/files/media/2024-04/et-d3les20_spec_en.pdf,2026-10-09
Panasonic,PT-RQ35K2,30500,3840x2400 (4K via Quad Pixel Drive; 1920x1200 DMD x3),ET-D3L / ET-D75LE (3-chip DLP bayonet),ET-D3LES250,1.67,2.41,±55%,±20%,zoom (newer replacement-class lens); shift = projector default; 3-chip DLP laser,https://eu.connect.panasonic.com/gb/en/projectors/et-d3les250,official,yes,https://eu.connect.panasonic.com/sites/default/files/media/document/2026-01/ET-D3LES250G_spec_en.pdf,2026-10-09
Panasonic,PT-RQ35K2,30500,3840x2400 (4K via Quad Pixel Drive; 1920x1200 DMD x3),ET-D3L / ET-D75LE (3-chip DLP bayonet),ET-D3LET30,2.40,4.66,±55%,±20%,zoom; shift = projector default; 3-chip DLP laser,https://eu.connect.panasonic.com/gb/en/projectors/et-d3let30,official,yes,https://eu.connect.panasonic.com/sites/default/files/media/2024-04/et-d3let30_spec_en.pdf,2026-10-09
Panasonic,PT-RQ35K2,30500,3840x2400 (4K via Quad Pixel Drive; 1920x1200 DMD x3),ET-D3L / ET-D75LE (3-chip DLP bayonet),ET-D3LET40,4.61,7.41,±55%,±20%,zoom; shift = projector default; 3-chip DLP laser,https://eu.connect.panasonic.com/gb/en/projectors/et-d3let40,official,yes,https://eu.connect.panasonic.com/sites/default/files/media/2024-04/et-d3let40_spec_en.pdf,2026-10-09
Panasonic,PT-RQ35K2,30500,3840x2400 (4K via Quad Pixel Drive; 1920x1200 DMD x3),ET-D3L / ET-D75LE (3-chip DLP bayonet),ET-D3LET80,7.34,13.8,±55%,±20%,zoom; shift = projector default; 3-chip DLP laser,https://eu.connect.panasonic.com/gb/en/projectors/et-d3let80,official,yes,https://eu.connect.panasonic.com/sites/default/files/media/document/2024-04/et-d3let80_spec_en_5.pdf,2026-10-09
Panasonic,PT-RQ35K2,30500,3840x2400 (4K via Quad Pixel Drive; 1920x1200 DMD x3),ET-D3L / ET-D75LE (3-chip DLP bayonet),ET-D3LEF70,,,±27%,±12%,"fisheye/dome lens, 91.6 deg max angle of view; no throw ratio published; lens page quotes up to ±37% V (±27% at WUXGA); 3-chip DLP laser; shift_v was (blank) (lens spec PDF WUXGA row); shift_h was (blank) (lens spec PDF WUXGA row)",https://eu.connect.panasonic.com/gb/en/projectors/et-d3lef70,official,yes,https://eu.connect.panasonic.com/sites/default/files/media/document/2024-04/et-d3lef70_spec_en_3.pdf,2026-10-09
Panasonic,PT-RQ45K,42000,"3840x2400 (4K via Quad Pixel Drive; 1920x1200 DMD x3, 0.96in)",ET-D3L / ET-D75LE (3-chip DLP bayonet),ET-D75LE95,0.364,0.364,"+78% / +68% (up/down, as printed)",±12%,"fixed-focus UST; shift values from projector spec page https://docs.connect.panasonic.com/projector/products/rq35k/spec/; 3-chip DLP laser; conflict: projector spec page/PDF gives V +68%/+78%, H ±12%; lens spec PDF gives up 5% / down 5%, left/right 12% for RQ35K-class bodies (different reference point); projector value kept",https://eu.connect.panasonic.com/gb/en/projectors/et-d75le95,official,conflict,https://eu.connect.panasonic.com/sites/default/files/media/document/2025-12/PT-RZ44KG_spec_en.pdf,2026-10-09
Panasonic,PT-RQ45K,42000,"3840x2400 (4K via Quad Pixel Drive; 1920x1200 DMD x3, 0.96in)",ET-D3L / ET-D75LE (3-chip DLP bayonet),ET-D3LEU101,0.370,0.370,±55%,+25% / 0%,fixed UST zero-offset; replaces ET-D3LEU100 (discontinued); 3-chip DLP laser,https://eu.connect.panasonic.com/gb/en/projectors/et-d3leu101,official,yes,https://eu.connect.panasonic.com/sites/default/files/media/document/2025-12/PT-RZ44KG_spec_en.pdf,2026-10-09
Panasonic,PT-RQ45K,42000,"3840x2400 (4K via Quad Pixel Drive; 1920x1200 DMD x3, 0.96in)",ET-D3L / ET-D75LE (3-chip DLP bayonet),ET-D3LEW201,0.645,0.850,±48%,±15%,short-throw zoom; replaces ET-D3LEW200 (discontinued); 3-chip DLP laser,https://eu.connect.panasonic.com/gb/en/projectors/et-d3lew201,official,yes,https://eu.connect.panasonic.com/sites/default/files/media/document/2025-12/PT-RZ44KG_spec_en.pdf,2026-10-09
Panasonic,PT-RQ45K,42000,"3840x2400 (4K via Quad Pixel Drive; 1920x1200 DMD x3, 0.96in)",ET-D3L / ET-D75LE (3-chip DLP bayonet),ET-D3LEW50,0.694,0.694,not supported,not supported,fixed-focus; projector spec page says lens shift not supported with this lens; 3-chip DLP laser,https://eu.connect.panasonic.com/gb/en/projectors/et-d3lew50,official,yes,https://eu.connect.panasonic.com/sites/default/files/media/document/2025-12/PT-RZ44KG_spec_en.pdf,2026-10-09
Panasonic,PT-RQ45K,42000,"3840x2400 (4K via Quad Pixel Drive; 1920x1200 DMD x3, 0.96in)",ET-D3L / ET-D75LE (3-chip DLP bayonet),ET-D3LEW300,0.770,0.933,±44%,±15%,"shift from projector spec page; 3-chip DLP laser; throw now confirmed on Panasonic lens page https://ap.connect.panasonic.com/vn/en/et-d3lew300 and PT-RZ44K spec PDF (was reseller copy, secondary)",https://www.rentex.com/rental-products/panasonic-et-d3lew300/,official,yes,https://eu.connect.panasonic.com/sites/default/files/media/document/2025-12/PT-RZ44KG_spec_en.pdf,2026-10-09
Panasonic,PT-RQ45K,42000,"3840x2400 (4K via Quad Pixel Drive; 1920x1200 DMD x3, 0.96in)",ET-D3L / ET-D75LE (3-chip DLP bayonet),ET-D3LEW60,0.924,1.10,±44%,±15%,zoom; page's quick table shows 0.924-1.28 (copy of LEW600) - full spec 0.924-1.10 used; 3-chip DLP laser; conflict: lens spec PDF and RZ44K spec PDF give 0.924-1.10; lens page quick table prints 0.924-1.28 (copy of ET-D3LEW600); PDF value used,https://eu.connect.panasonic.com/gb/en/projectors/et-d3lew60,official,conflict,https://eu.connect.panasonic.com/sites/default/files/media/2024-04/et-d3lew60_spec_en.pdf,2026-10-09
Panasonic,PT-RQ45K,42000,"3840x2400 (4K via Quad Pixel Drive; 1920x1200 DMD x3, 0.96in)",ET-D3L / ET-D75LE (3-chip DLP bayonet),ET-D3LEW600,0.924,1.28,±44%,±15%,zoom; 3-chip DLP laser,https://ap.pnd.panasonic.com/sg/en/download-specifications/94,official,yes,https://eu.connect.panasonic.com/sites/default/files/media/document/2025-12/PT-RZ44KG_spec_en.pdf,2026-10-09
Panasonic,PT-RQ45K,42000,"3840x2400 (4K via Quad Pixel Drive; 1920x1200 DMD x3, 0.96in)",ET-D3L / ET-D75LE (3-chip DLP bayonet),ET-D3LEW10,1.26,1.72,±55%,±20%,zoom; shift = projector default; 3-chip DLP laser,https://eu.connect.panasonic.com/gb/en/projectors/et-d3lew10,official,yes,https://eu.connect.panasonic.com/sites/default/files/media/document/2025-12/PT-RZ44KG_spec_en.pdf,2026-10-09
Panasonic,PT-RQ45K,42000,"3840x2400 (4K via Quad Pixel Drive; 1920x1200 DMD x3, 0.96in)",ET-D3L / ET-D75LE (3-chip DLP bayonet),ET-D3LES20,1.67,2.41,±55%,±20%,zoom; shift = projector default; 3-chip DLP laser,https://eu.connect.panasonic.com/ch/de/projektoren/et-d3les20,official,yes,https://eu.connect.panasonic.com/sites/default/files/media/document/2025-12/PT-RZ44KG_spec_en.pdf,2026-10-09
Panasonic,PT-RQ45K,42000,"3840x2400 (4K via Quad Pixel Drive; 1920x1200 DMD x3, 0.96in)",ET-D3L / ET-D75LE (3-chip DLP bayonet),ET-D3LES250,1.67,2.41,±55%,±20%,zoom (newer replacement-class lens); shift = projector default; 3-chip DLP laser,https://eu.connect.panasonic.com/gb/en/projectors/et-d3les250,official,yes,https://eu.connect.panasonic.com/sites/default/files/media/document/2025-12/PT-RZ44KG_spec_en.pdf,2026-10-09
Panasonic,PT-RQ45K,42000,"3840x2400 (4K via Quad Pixel Drive; 1920x1200 DMD x3, 0.96in)",ET-D3L / ET-D75LE (3-chip DLP bayonet),ET-D3LET30,2.40,4.66,±55%,±20%,zoom; shift = projector default; 3-chip DLP laser,https://eu.connect.panasonic.com/gb/en/projectors/et-d3let30,official,yes,https://eu.connect.panasonic.com/sites/default/files/media/document/2025-12/PT-RZ44KG_spec_en.pdf,2026-10-09
Panasonic,PT-RQ45K,42000,"3840x2400 (4K via Quad Pixel Drive; 1920x1200 DMD x3, 0.96in)",ET-D3L / ET-D75LE (3-chip DLP bayonet),ET-D3LET40,4.61,7.41,±55%,±20%,zoom; shift = projector default; 3-chip DLP laser,https://eu.connect.panasonic.com/gb/en/projectors/et-d3let40,official,yes,https://eu.connect.panasonic.com/sites/default/files/media/document/2025-12/PT-RZ44KG_spec_en.pdf,2026-10-09
Panasonic,PT-RQ45K,42000,"3840x2400 (4K via Quad Pixel Drive; 1920x1200 DMD x3, 0.96in)",ET-D3L / ET-D75LE (3-chip DLP bayonet),ET-D3LET80,7.34,13.8,±55%,±20%,zoom; shift = projector default; 3-chip DLP laser,https://eu.connect.panasonic.com/gb/en/projectors/et-d3let80,official,yes,https://eu.connect.panasonic.com/sites/default/files/media/document/2025-12/PT-RZ44KG_spec_en.pdf,2026-10-09
Panasonic,PT-RQ45K,42000,"3840x2400 (4K via Quad Pixel Drive; 1920x1200 DMD x3, 0.96in)",ET-D3L / ET-D75LE (3-chip DLP bayonet),ET-D3LEF70,,,±27%,±12%,"fisheye/dome lens, 91.6 deg max angle of view; no throw ratio published; lens page quotes up to ±37% V (±27% at WUXGA); 3-chip DLP laser; shift_v was (blank) (lens spec PDF WUXGA row); shift_h was (blank) (lens spec PDF WUXGA row)",https://eu.connect.panasonic.com/gb/en/projectors/et-d3lef70,official,yes,https://eu.connect.panasonic.com/sites/default/files/media/document/2025-12/PT-RZ44KG_spec_en.pdf,2026-10-09
Panasonic,PT-RQ50K,50000,"4096x2160 (native 4K, 1.38in DMD)",ET-D3Q (PT-RQ50K only),ET-D3QW200,0.55,0.65,-8% to +50% (±50% without supplied handle),0% to +17%,short-throw zoom (0.548-0.650); 3-chip DLP laser; throw ratios at 17:9,https://docs.connect.panasonic.com/projector/products/d3qw200/spec/,official,yes,https://docs.connect.panasonic.com/projector/products/d3qw200/spec/,2026-10-09
Panasonic,PT-RQ50K,50000,"4096x2160 (native 4K, 1.38in DMD)",ET-D3Q (PT-RQ50K only),ET-D3QW300,1.11,1.70,±40%,±14%,zoom; shift from https://docs.connect.panasonic.com/projector/products/rq50k/spec/; 3-chip DLP laser; throw ratios at 17:9,https://eu.connect.panasonic.com/gb/en/projectors/et-d3qw300,official,yes,https://eu.connect.panasonic.com/sites/default/files/media/2024-04/PT-RQ50KG_STK_04%28sec%29_6.pdf,2026-10-09
Panasonic,PT-RQ50K,50000,"4096x2160 (native 4K, 1.38in DMD)",ET-D3Q (PT-RQ50K only),ET-D3QS400,1.43,2.09,±45%,±16%,zoom; shift = projector default; 3-chip DLP laser; throw ratios at 17:9,https://eu.connect.panasonic.com/gb/en/projectors/et-d3qs400,official,yes,https://eu.connect.panasonic.com/sites/default/files/media/2024-04/PT-RQ50KG_STK_04%28sec%29_6.pdf,2026-10-09
Panasonic,PT-RQ50K,50000,"4096x2160 (native 4K, 1.38in DMD)",ET-D3Q (PT-RQ50K only),ET-D3QT500,2.00,3.41,±45%,±16%,zoom; shift = projector default; 3-chip DLP laser; throw ratios at 17:9,https://eu.connect.panasonic.com/gb/en/projectors/et-d3qt500,official,yes,https://eu.connect.panasonic.com/sites/default/files/media/2024-04/PT-RQ50KG_STK_04%28sec%29_6.pdf,2026-10-09
Panasonic,PT-RQ50K,50000,"4096x2160 (native 4K, 1.38in DMD)",ET-D3Q (PT-RQ50K only),ET-D3QT600,2.69,3.88,±25%,±8%,zoom; 3-chip DLP laser; throw ratios at 17:9,https://eu.connect.panasonic.com/gb/en/projectors/pt-rq50k,official,yes,https://eu.connect.panasonic.com/sites/default/files/media/2024-04/PT-RQ50KG_STK_04%28sec%29_6.pdf,2026-10-09
Panasonic,PT-RQ50K,50000,"4096x2160 (native 4K, 1.38in DMD)",ET-D3Q (PT-RQ50K only),ET-D3QT700,3.89,5.47,±30%,±10%,zoom; 3-chip DLP laser; throw ratios at 17:9,https://eu.connect.panasonic.com/gb/en/projectors/et-d3qt700,official,yes,https://eu.connect.panasonic.com/sites/default/files/media/2024-04/PT-RQ50KG_STK_04%28sec%29_6.pdf,2026-10-09
Panasonic,PT-RQ50K,50000,"4096x2160 (native 4K, 1.38in DMD)",ET-D3Q (PT-RQ50K only),ET-D3QT800,4.97,7.76,±30%,±10%,"zoom; page headline says 5.0-7.1, spec table 4.97-7.76 used; 3-chip DLP laser; throw ratios at 17:9",https://eu.connect.panasonic.com/gb/en/projectors/et-d3qt800,official,yes,https://eu.connect.panasonic.com/sites/default/files/media/2024-04/PT-RQ50KG_STK_04%28sec%29_6.pdf,2026-10-09
Panasonic,PT-RZ6L,6500,1920x1200 (WUXGA),ET-DLE (1-chip DLP),ET-DLE020,0.280,0.299,+50% / -20%,+10% / -20%,"UST zoom; discontinued (ET-DLE020G variant also listed); 1-chip DLP laser, no lens supplied; shift_v was +55% / -18% (PT-RZ7L spec PDF, web page shows provisional TBD values); shift from PT-RZ7L spec PDF (same chassis/DMD; separate RZ6L sheet not read)",https://eu.connect.panasonic.com/gb/en/projectors/et-dle020,official,yes,https://eu.connect.panasonic.com/sites/default/files/media/document/2024-08/PT-RZ7G_spec_en_1718055132.3376_3.pdf,2026-10-09
Panasonic,PT-RZ6L,6500,1920x1200 (WUXGA),ET-DLE (1-chip DLP),ET-DLE035,0.38,0.38,+88%,,"fixed-focus UST; 1-chip DLP laser, no lens supplied; shift_v was (blank) (PT-RZ7L spec PDF, web page shows provisional TBD values); shift from PT-RZ7L spec PDF (same chassis/DMD; separate RZ6L sheet not read)",https://eu.connect.panasonic.com/gb/en/projectors/et-dle035,official,yes,https://eu.connect.panasonic.com/sites/default/files/media/document/2024-08/PT-RZ7G_spec_en_1718055132.3376_3.pdf,2026-10-09
Panasonic,PT-RZ6L,6500,1920x1200 (WUXGA),ET-DLE (1-chip DLP),ET-DLE060,0.600,0.801,+40% / -16%,+19% / -10%,"zoom; 1-chip DLP laser, no lens supplied; shift_v was +44% / -18% (PT-RZ7L spec PDF, web page shows provisional TBD values); shift from PT-RZ7L spec PDF (same chassis/DMD; separate RZ6L sheet not read)",https://eu.connect.panasonic.com/gb/en/projectors/et-dle060,official,yes,https://eu.connect.panasonic.com/sites/default/files/media/document/2024-08/PT-RZ7G_spec_en_1718055132.3376_3.pdf,2026-10-09
Panasonic,PT-RZ6L,6500,1920x1200 (WUXGA),ET-DLE (1-chip DLP),ET-DLE085,0.782,0.977,+55% / -16%,+28% / -10%,"zoom; 1-chip DLP laser, no lens supplied; shift_v was +55% / -18% (PT-RZ7L spec PDF, web page shows provisional TBD values); shift from PT-RZ7L spec PDF (same chassis/DMD; separate RZ6L sheet not read)",https://eu.connect.panasonic.com/gb/en/projectors/et-dle085,official,yes,https://eu.connect.panasonic.com/sites/default/files/media/document/2024-08/PT-RZ7G_spec_en_1718055132.3376_3.pdf,2026-10-09
Panasonic,PT-RZ6L,6500,1920x1200 (WUXGA),ET-DLE (1-chip DLP),ET-DLE055,0.785,0.785,,,"discontinued; page calls it fixed-focus; shift not stated; 1-chip DLP laser, no lens supplied; shift from PT-RZ7L spec PDF (same chassis/DMD; separate RZ6L sheet not read)",https://eu.connect.panasonic.com/gb/en/projectors/et-dle055,official,yes,https://eu.connect.panasonic.com/sites/default/files/media/document/2024-08/PT-RZ7G_spec_en_1718055132.3376_3.pdf,2026-10-09
Panasonic,PT-RZ6L,6500,1920x1200 (WUXGA),ET-DLE (1-chip DLP),ET-DLE105,0.978,1.32,+55% / -16%,+28% / -10%,"zoom; 1-chip DLP laser, no lens supplied; shift_v was +55% / -18% (PT-RZ7L spec PDF, web page shows provisional TBD values); shift from PT-RZ7L spec PDF (same chassis/DMD; separate RZ6L sheet not read)",https://eu.connect.panasonic.com/gb/en/projectors/et-dle105,official,yes,https://eu.connect.panasonic.com/sites/default/files/media/document/2024-08/PT-RZ7G_spec_en_1718055132.3376_3.pdf,2026-10-09
Panasonic,PT-RZ6L,6500,1920x1200 (WUXGA),ET-DLE (1-chip DLP),ET-DLE150,1.30,1.89,+60% / -16%,+30% / -10%,"zoom; 1-chip DLP laser, no lens supplied; shift_v was +55% / -18% (PT-RZ7L spec PDF, web page shows provisional TBD values); shift from PT-RZ7L spec PDF (same chassis/DMD; separate RZ6L sheet not read)",https://eu.connect.panasonic.com/gb/en/projectors/et-dle150,official,yes,https://eu.connect.panasonic.com/sites/default/files/media/document/2024-08/PT-RZ7G_spec_en_1718055132.3376_3.pdf,2026-10-09
Panasonic,PT-RZ6L,6500,1920x1200 (WUXGA),ET-DLE (1-chip DLP),ET-DLE170,1.71,2.41,+60% / -16%,+30% / -10%,"zoom (same range as RZ990-series supplied lens); 1-chip DLP laser, no lens supplied; shift_v was +55% / -18% (PT-RZ7L spec PDF, web page shows provisional TBD values); shift from PT-RZ7L spec PDF (same chassis/DMD; separate RZ6L sheet not read)",https://eu.connect.panasonic.com/gb/en/projectors/et-dle170,official,yes,https://eu.connect.panasonic.com/sites/default/files/media/document/2024-08/PT-RZ7G_spec_en_1718055132.3376_3.pdf,2026-10-09
Panasonic,PT-RZ6L,6500,1920x1200 (WUXGA),ET-DLE (1-chip DLP),ET-DLE250,2.27,3.62,+60% / -16%,+30% / -10%,"zoom; 1-chip DLP laser, no lens supplied; shift_v was +55% / -18% (PT-RZ7L spec PDF, web page shows provisional TBD values); shift from PT-RZ7L spec PDF (same chassis/DMD; separate RZ6L sheet not read)",https://eu.connect.panasonic.com/gb/en/projectors/et-dle250,official,yes,https://eu.connect.panasonic.com/sites/default/files/media/document/2024-08/PT-RZ7G_spec_en_1718055132.3376_3.pdf,2026-10-09
Panasonic,PT-RZ6L,6500,1920x1200 (WUXGA),ET-DLE (1-chip DLP),ET-DLE350,3.58,5.45,+60% / -16%,+30% / -10%,"zoom; 1-chip DLP laser, no lens supplied; shift_v was +55% / -18% (PT-RZ7L spec PDF, web page shows provisional TBD values); shift from PT-RZ7L spec PDF (same chassis/DMD; separate RZ6L sheet not read)",https://eu.connect.panasonic.com/gb/en/projectors/et-dle350,official,yes,https://eu.connect.panasonic.com/sites/default/files/media/document/2024-08/PT-RZ7G_spec_en_1718055132.3376_3.pdf,2026-10-09
Panasonic,PT-RZ6L,6500,1920x1200 (WUXGA),ET-DLE (1-chip DLP),ET-DLE450,5.36,8.58,+60% / -16%,+30% / -10%,"zoom; 1-chip DLP laser, no lens supplied; shift_v was +55% / -18% (PT-RZ7L spec PDF, web page shows provisional TBD values); shift from PT-RZ7L spec PDF (same chassis/DMD; separate RZ6L sheet not read)",https://eu.connect.panasonic.com/gb/en/projectors/et-dle450,official,yes,https://eu.connect.panasonic.com/sites/default/files/media/document/2024-08/PT-RZ7G_spec_en_1718055132.3376_3.pdf,2026-10-09
Panasonic,PT-RZ7L,7500,1920x1200 (WUXGA),ET-DLE (1-chip DLP),ET-DLE020,0.280,0.299,+50% / -20%,+10% / -20%,"UST zoom; discontinued (ET-DLE020G variant also listed); 1-chip DLP laser, no lens supplied; shift_v was +55% / -18% (PT-RZ7L spec PDF, web page shows provisional TBD values)",https://eu.connect.panasonic.com/gb/en/projectors/et-dle020,official,yes,https://eu.connect.panasonic.com/sites/default/files/media/document/2024-08/PT-RZ7G_spec_en_1718055132.3376_3.pdf,2026-10-09
Panasonic,PT-RZ7L,7500,1920x1200 (WUXGA),ET-DLE (1-chip DLP),ET-DLE035,0.38,0.38,+88%,,"fixed-focus UST; 1-chip DLP laser, no lens supplied; shift_v was (blank) (PT-RZ7L spec PDF, web page shows provisional TBD values)",https://eu.connect.panasonic.com/gb/en/projectors/et-dle035,official,yes,https://eu.connect.panasonic.com/sites/default/files/media/document/2024-08/PT-RZ7G_spec_en_1718055132.3376_3.pdf,2026-10-09
Panasonic,PT-RZ7L,7500,1920x1200 (WUXGA),ET-DLE (1-chip DLP),ET-DLE060,0.600,0.801,+40% / -16%,+19% / -10%,"zoom; 1-chip DLP laser, no lens supplied; shift_v was +44% / -18% (PT-RZ7L spec PDF, web page shows provisional TBD values)",https://eu.connect.panasonic.com/gb/en/projectors/et-dle060,official,yes,https://eu.connect.panasonic.com/sites/default/files/media/document/2024-08/PT-RZ7G_spec_en_1718055132.3376_3.pdf,2026-10-09
Panasonic,PT-RZ7L,7500,1920x1200 (WUXGA),ET-DLE (1-chip DLP),ET-DLE085,0.782,0.977,+55% / -16%,+28% / -10%,"zoom; 1-chip DLP laser, no lens supplied; shift_v was +55% / -18% (PT-RZ7L spec PDF, web page shows provisional TBD values)",https://eu.connect.panasonic.com/gb/en/projectors/et-dle085,official,yes,https://eu.connect.panasonic.com/sites/default/files/media/document/2024-08/PT-RZ7G_spec_en_1718055132.3376_3.pdf,2026-10-09
Panasonic,PT-RZ7L,7500,1920x1200 (WUXGA),ET-DLE (1-chip DLP),ET-DLE055,0.785,0.785,,,"discontinued; page calls it fixed-focus; shift not stated; 1-chip DLP laser, no lens supplied",https://eu.connect.panasonic.com/gb/en/projectors/et-dle055,official,yes,https://eu.connect.panasonic.com/sites/default/files/media/document/2024-08/PT-RZ7G_spec_en_1718055132.3376_3.pdf,2026-10-09
Panasonic,PT-RZ7L,7500,1920x1200 (WUXGA),ET-DLE (1-chip DLP),ET-DLE105,0.978,1.32,+55% / -16%,+28% / -10%,"zoom; 1-chip DLP laser, no lens supplied; shift_v was +55% / -18% (PT-RZ7L spec PDF, web page shows provisional TBD values)",https://eu.connect.panasonic.com/gb/en/projectors/et-dle105,official,yes,https://eu.connect.panasonic.com/sites/default/files/media/document/2024-08/PT-RZ7G_spec_en_1718055132.3376_3.pdf,2026-10-09
Panasonic,PT-RZ7L,7500,1920x1200 (WUXGA),ET-DLE (1-chip DLP),ET-DLE150,1.30,1.89,+60% / -16%,+30% / -10%,"zoom; 1-chip DLP laser, no lens supplied; shift_v was +55% / -18% (PT-RZ7L spec PDF, web page shows provisional TBD values)",https://eu.connect.panasonic.com/gb/en/projectors/et-dle150,official,yes,https://eu.connect.panasonic.com/sites/default/files/media/document/2024-08/PT-RZ7G_spec_en_1718055132.3376_3.pdf,2026-10-09
Panasonic,PT-RZ7L,7500,1920x1200 (WUXGA),ET-DLE (1-chip DLP),ET-DLE170,1.71,2.41,+60% / -16%,+30% / -10%,"zoom (same range as RZ990-series supplied lens); 1-chip DLP laser, no lens supplied; shift_v was +55% / -18% (PT-RZ7L spec PDF, web page shows provisional TBD values)",https://eu.connect.panasonic.com/gb/en/projectors/et-dle170,official,yes,https://eu.connect.panasonic.com/sites/default/files/media/document/2024-08/PT-RZ7G_spec_en_1718055132.3376_3.pdf,2026-10-09
Panasonic,PT-RZ7L,7500,1920x1200 (WUXGA),ET-DLE (1-chip DLP),ET-DLE250,2.27,3.62,+60% / -16%,+30% / -10%,"zoom; 1-chip DLP laser, no lens supplied; shift_v was +55% / -18% (PT-RZ7L spec PDF, web page shows provisional TBD values)",https://eu.connect.panasonic.com/gb/en/projectors/et-dle250,official,yes,https://eu.connect.panasonic.com/sites/default/files/media/document/2024-08/PT-RZ7G_spec_en_1718055132.3376_3.pdf,2026-10-09
Panasonic,PT-RZ7L,7500,1920x1200 (WUXGA),ET-DLE (1-chip DLP),ET-DLE350,3.58,5.45,+60% / -16%,+30% / -10%,"zoom; 1-chip DLP laser, no lens supplied; shift_v was +55% / -18% (PT-RZ7L spec PDF, web page shows provisional TBD values)",https://eu.connect.panasonic.com/gb/en/projectors/et-dle350,official,yes,https://eu.connect.panasonic.com/sites/default/files/media/document/2024-08/PT-RZ7G_spec_en_1718055132.3376_3.pdf,2026-10-09
Panasonic,PT-RZ7L,7500,1920x1200 (WUXGA),ET-DLE (1-chip DLP),ET-DLE450,5.36,8.58,+60% / -16%,+30% / -10%,"zoom; 1-chip DLP laser, no lens supplied; shift_v was +55% / -18% (PT-RZ7L spec PDF, web page shows provisional TBD values)",https://eu.connect.panasonic.com/gb/en/projectors/et-dle450,official,yes,https://eu.connect.panasonic.com/sites/default/files/media/document/2024-08/PT-RZ7G_spec_en_1718055132.3376_3.pdf,2026-10-09
Panasonic,PT-RZ12K,,"1920x1200 (WUXGA, 0.96in DMD x3)",ET-D3L / ET-D75LE (3-chip DLP bayonet),ET-D75LE95,0.36,0.36,+73% / +78%,±6%,"fixed-focus mirror UST; shift from PT-RZ12K spec page; throw is the lens's published WUXGA value (lens spec lists this body); shift = projector default from PT-RZ12K spec page; Panasonic rates 12,000 lm ISO 21118 (no ANSI); discontinued projector",https://docs.connect.panasonic.com/projector/products/rz12k/spec/,official,yes,https://eu.connect.panasonic.com/gb/en/projectors/et-d75le95,2026-10-09
Panasonic,PT-RZ12K,,"1920x1200 (WUXGA, 0.96in DMD x3)",ET-D3L / ET-D75LE (3-chip DLP bayonet),ET-D3LEU101,0.370,0.370,,,"fixed UST zero-offset; throw is the lens's published WUXGA value (lens spec lists this body); shift = projector default from PT-RZ12K spec page; Panasonic rates 12,000 lm ISO 21118 (no ANSI); discontinued projector",https://docs.connect.panasonic.com/projector/products/rz12k/spec/,official,yes,https://eu.connect.panasonic.com/sites/default/files/media/document/2024-06/ET-D3LEU101_spec_en_1716330025.358_1.pdf,2026-10-09
Panasonic,PT-RZ12K,,"1920x1200 (WUXGA, 0.96in DMD x3)",ET-D3L / ET-D75LE (3-chip DLP bayonet),ET-D3LEW50,0.694,0.694,,,"fixed-focus; throw is the lens's published WUXGA value (lens spec lists this body); shift = projector default from PT-RZ12K spec page; Panasonic rates 12,000 lm ISO 21118 (no ANSI); discontinued projector",https://docs.connect.panasonic.com/projector/products/rz12k/spec/,official,yes,https://eu.connect.panasonic.com/sites/default/files/media/2024-04/et-d3lew50_spec_en.pdf,2026-10-09
Panasonic,PT-RZ12K,,"1920x1200 (WUXGA, 0.96in DMD x3)",ET-D3L / ET-D75LE (3-chip DLP bayonet),ET-D3LEW60,0.924,1.10,±44%,±15%,"zoom; throw is the lens's published WUXGA value (lens spec lists this body); shift = projector default from PT-RZ12K spec page; Panasonic rates 12,000 lm ISO 21118 (no ANSI); discontinued projector",https://docs.connect.panasonic.com/projector/products/rz12k/spec/,official,yes,https://eu.connect.panasonic.com/sites/default/files/media/2024-04/et-d3lew60_spec_en.pdf,2026-10-09
Panasonic,PT-RZ12K,,"1920x1200 (WUXGA, 0.96in DMD x3)",ET-D3L / ET-D75LE (3-chip DLP bayonet),ET-D75LE6,0.924,1.10,±44%,±15%,"zoom; discontinued lens; throw is the lens's published WUXGA value (lens spec lists this body); shift = projector default from PT-RZ12K spec page; Panasonic rates 12,000 lm ISO 21118 (no ANSI); discontinued projector",https://docs.connect.panasonic.com/projector/products/rz12k/spec/,official,yes,https://eu.connect.panasonic.com/gb/en/projectors/et-d75le6,2026-10-09
Panasonic,PT-RZ12K,,"1920x1200 (WUXGA, 0.96in DMD x3)",ET-D3L / ET-D75LE (3-chip DLP bayonet),ET-D75LE10,1.30,1.67,±55%,±20%,"zoom; discontinued lens; throw is the lens's published WUXGA value (lens spec lists this body); shift = projector default from PT-RZ12K spec page; Panasonic rates 12,000 lm ISO 21118 (no ANSI); discontinued projector",https://docs.connect.panasonic.com/projector/products/rz12k/spec/,official,yes,https://eu.connect.panasonic.com/sites/default/files/media/document/2024-04/et-d75le10_spec_en_4.pdf,2026-10-09
Panasonic,PT-RZ12K,,"1920x1200 (WUXGA, 0.96in DMD x3)",ET-D3L / ET-D75LE (3-chip DLP bayonet),ET-D75LE20,1.67,2.41,±55%,±20%,"zoom; discontinued lens; throw is the lens's published WUXGA value (lens spec lists this body); shift = projector default from PT-RZ12K spec page; Panasonic rates 12,000 lm ISO 21118 (no ANSI); discontinued projector",https://docs.connect.panasonic.com/projector/products/rz12k/spec/,official,yes,https://eu.connect.panasonic.com/gb/en/projectors/et-d75le20,2026-10-09
Panasonic,PT-RZ12K,,"1920x1200 (WUXGA, 0.96in DMD x3)",ET-D3L / ET-D75LE (3-chip DLP bayonet),ET-D75LE30,2.40,4.66,±55%,±20%,"zoom; discontinued lens; throw is the lens's published WUXGA value (lens spec lists this body); shift = projector default from PT-RZ12K spec page; Panasonic rates 12,000 lm ISO 21118 (no ANSI); discontinued projector",https://docs.connect.panasonic.com/projector/products/rz12k/spec/,official,yes,https://eu.connect.panasonic.com/gb/en/projectors/et-d75le30,2026-10-09
Panasonic,PT-RZ12K,,"1920x1200 (WUXGA, 0.96in DMD x3)",ET-D3L / ET-D75LE (3-chip DLP bayonet),ET-D75LE40,4.62,7.38,±55%,±20%,"zoom; discontinued lens; throw is the lens's published WUXGA value (lens spec lists this body); shift = projector default from PT-RZ12K spec page; Panasonic rates 12,000 lm ISO 21118 (no ANSI); discontinued projector",https://docs.connect.panasonic.com/projector/products/rz12k/spec/,official,yes,https://eu.connect.panasonic.com/gb/en/projectors/et-d75le40,2026-10-09
Panasonic,PT-RZ12K,,"1920x1200 (WUXGA, 0.96in DMD x3)",ET-D3L / ET-D75LE (3-chip DLP bayonet),ET-D75LE8,7.34,13.8,±55%,±20%,"zoom; discontinued lens; throw is the lens's published WUXGA value (lens spec lists this body); shift = projector default from PT-RZ12K spec page; Panasonic rates 12,000 lm ISO 21118 (no ANSI); discontinued projector",https://docs.connect.panasonic.com/projector/products/rz12k/spec/,official,yes,https://eu.connect.panasonic.com/gb/en/projectors/et-d75le8,2026-10-09
Panasonic,PT-RZ12K,,"1920x1200 (WUXGA, 0.96in DMD x3)",ET-D3L / ET-D75LE (3-chip DLP bayonet),ET-D3LEF70,,,±27%,±12%,"fisheye/dome lens, 91.6 deg; no throw ratio published; shift from lens spec PDF WUXGA row; throw is the lens's published WUXGA value (lens spec lists this body); shift = projector default from PT-RZ12K spec page; Panasonic rates 12,000 lm ISO 21118 (no ANSI); discontinued projector",https://docs.connect.panasonic.com/projector/products/rz12k/spec/,official,yes,https://eu.connect.panasonic.com/sites/default/files/media/document/2024-04/et-d3lef70_spec_en_3.pdf,2026-10-09
Panasonic,PT-RZ14K,,1920x1200 (WUXGA),ET-D3L / ET-D75LE (3-chip DLP bayonet),ET-D75LE95,0.436,0.436,+71% / +93% (as printed),±14%,"fixed-focus UST; shift from RQ25K spec page https://docs.connect.panasonic.com/projector/products/rq25k/spec/; 3-chip DLP laser; 14,000 lm is ISO/IEC 21118 (press release); lens shift not confirmed for RZ14K - values shown are RQ25K-series spec, verify; Panasonic says some 3-chip lenses are excluded for RZ14K; conflict: projector spec page gives V +71%/+93%, H ±14%; lens spec PDF gives up 16% / down 6%, left/right 14% for RQ25K series (different reference point); projector page value kept; lumens_ansi was 14000 (14,000 lm is ISO/IEC 21118 per PT-RZ14K leaflet, no ANSI figure published); RZ14K leaflet (tentative, 2023) confirms H shift and lens list; V shift figure not legible there - V value is the RQ25K-series figure; RZ14K leaflet prints 0.437",https://eu.connect.panasonic.com/gb/en/projectors/et-d75le95,official,conflict,https://eu.connect.panasonic.com/gb/en/projectors/et-d75le95,2026-10-09
Panasonic,PT-RZ14K,,1920x1200 (WUXGA),ET-D3L / ET-D75LE (3-chip DLP bayonet),ET-D3LEU101,0.447,0.447,±66%,-25% / +30%,"fixed UST zero-offset; 3-chip DLP laser; 14,000 lm is ISO/IEC 21118 (press release); lens shift not confirmed for RZ14K - values shown are RQ25K-series spec, verify; Panasonic says some 3-chip lenses are excluded for RZ14K; lumens_ansi was 14000 (14,000 lm is ISO/IEC 21118 per PT-RZ14K leaflet, no ANSI figure published); RZ14K leaflet (tentative, 2023) confirms H shift and lens list; V shift figure not legible there - V value is the RQ25K-series figure",https://eu.connect.panasonic.com/gb/en/projectors/et-d3leu101,official,yes,https://eu.connect.panasonic.com/sites/default/files/media/document/2024-06/ET-D3LEU101_spec_en_1716330025.358_1.pdf,2026-10-09
Panasonic,PT-RZ14K,,1920x1200 (WUXGA),ET-D3L / ET-D75LE (3-chip DLP bayonet),ET-D3LEW201,0.779,1.02,±57%,±18%,"zoom; lens page key-features value for PT-RQ25K (its spec table also prints 0.447, apparently a copy error); 3-chip DLP laser; 14,000 lm is ISO/IEC 21118 (press release); lens shift not confirmed for RZ14K - values shown are RQ25K-series spec, verify; Panasonic says some 3-chip lenses are excluded for RZ14K; conflict: lens spec PDF and key features give 0.779-1.02 for RQ25K series, but the lens page spec table prints 0.447 (copy of ET-D3LEU101); PDF value used; lumens_ansi was 14000 (14,000 lm is ISO/IEC 21118 per PT-RZ14K leaflet, no ANSI figure published); RZ14K leaflet (tentative, 2023) confirms H shift and lens list; V shift figure not legible there - V value is the RQ25K-series figure",https://eu.connect.panasonic.com/gb/en/projectors/et-d3lew201,official,conflict,https://eu.connect.panasonic.com/sites/default/files/media/document/2024-06/ET-D3LEW201_spec_en_1716330740.8408_0.pdf,2026-10-09
Panasonic,PT-RZ14K,,1920x1200 (WUXGA),ET-D3L / ET-D75LE (3-chip DLP bayonet),ET-D3LEW50,0.838,0.838,,,"fixed-focus; shift for this lens not stated on RQ25K spec page; 3-chip DLP laser; 14,000 lm is ISO/IEC 21118 (press release); lens shift not confirmed for RZ14K - values shown are RQ25K-series spec, verify; Panasonic says some 3-chip lenses are excluded for RZ14K; lumens_ansi was 14000 (14,000 lm is ISO/IEC 21118 per PT-RZ14K leaflet, no ANSI figure published); RZ14K leaflet (tentative, 2023) confirms H shift and lens list; V shift figure not legible there - V value is the RQ25K-series figure",https://eu.connect.panasonic.com/gb/en/projectors/et-d3lew50,official,yes,https://eu.connect.panasonic.com/sites/default/files/media/2024-04/et-d3lew50_spec_en.pdf,2026-10-09
Panasonic,PT-RZ14K,,1920x1200 (WUXGA),ET-D3L / ET-D75LE (3-chip DLP bayonet),ET-D3LEW300,0.924,1.12,±52%,±18%,"shift from RQ25K spec page; 3-chip DLP laser; 14,000 lm is ISO/IEC 21118 (press release); lens shift not confirmed for RZ14K - values shown are RQ25K-series spec, verify; Panasonic says some 3-chip lenses are excluded for RZ14K; throw now confirmed on Panasonic lens page (was reseller copy, secondary); shift_v was 52% (as printed) (Panasonic RQ25K catalog prints ±52%); shift_h was 18% (as printed) (Panasonic RQ25K catalog prints ±18%); lumens_ansi was 14000 (14,000 lm is ISO/IEC 21118 per PT-RZ14K leaflet, no ANSI figure published); RZ14K leaflet (tentative, 2023) confirms H shift and lens list; V shift figure not legible there - V value is the RQ25K-series figure",https://www.rentex.com/rental-products/panasonic-et-d3lew300/,official,yes,https://ap.connect.panasonic.com/vn/en/et-d3lew300,2026-10-09
Panasonic,PT-RZ14K,,1920x1200 (WUXGA),ET-D3L / ET-D75LE (3-chip DLP bayonet),ET-D3LEW60,1.12,1.32,±52%,±18%,"zoom; 3-chip DLP laser; 14,000 lm is ISO/IEC 21118 (press release); lens shift not confirmed for RZ14K - values shown are RQ25K-series spec, verify; Panasonic says some 3-chip lenses are excluded for RZ14K; shift_v was 52% (as printed) (Panasonic RQ25K catalog prints ±52%); shift_h was 18% (as printed) (Panasonic RQ25K catalog prints ±18%); conflict: lens spec PDF and full-spec table give 1.12-1.32, lens page quick table prints 1.12-1.55 (copy of ET-D3LEW600); PDF value used; lumens_ansi was 14000 (14,000 lm is ISO/IEC 21118 per PT-RZ14K leaflet, no ANSI figure published); RZ14K leaflet (tentative, 2023) confirms H shift and lens list; V shift figure not legible there - V value is the RQ25K-series figure",https://eu.connect.panasonic.com/gb/en/projectors/et-d3lew60,official,conflict,https://eu.connect.panasonic.com/sites/default/files/media/2024-04/et-d3lew60_spec_en.pdf,2026-10-09
Panasonic,PT-RZ14K,,1920x1200 (WUXGA),ET-D3L / ET-D75LE (3-chip DLP bayonet),ET-D3LEW600,1.12,1.55,±52%,±18%,"zoom; 3-chip DLP laser; 14,000 lm is ISO/IEC 21118 (press release); lens shift not confirmed for RZ14K - values shown are RQ25K-series spec, verify; Panasonic says some 3-chip lenses are excluded for RZ14K; shift_v was 52% (as printed) (Panasonic RQ25K catalog prints ±52%); shift_h was 18% (as printed) (Panasonic RQ25K catalog prints ±18%); lumens_ansi was 14000 (14,000 lm is ISO/IEC 21118 per PT-RZ14K leaflet, no ANSI figure published); RZ14K leaflet (tentative, 2023) confirms H shift and lens list; V shift figure not legible there - V value is the RQ25K-series figure",https://ap.pnd.panasonic.com/sg/en/download-specifications/94,official,yes,https://ap.pnd.panasonic.com/sg/en/download-specifications/94,2026-10-09
Panasonic,PT-RZ14K,,1920x1200 (WUXGA),ET-D3L / ET-D75LE (3-chip DLP bayonet),ET-D3LEW10,1.52,2.07,±66%,±24%,"zoom; shift = projector default; 3-chip DLP laser; 14,000 lm is ISO/IEC 21118 (press release); lens shift not confirmed for RZ14K - values shown are RQ25K-series spec, verify; Panasonic says some 3-chip lenses are excluded for RZ14K; lumens_ansi was 14000 (14,000 lm is ISO/IEC 21118 per PT-RZ14K leaflet, no ANSI figure published); RZ14K leaflet (tentative, 2023) confirms H shift and lens list; V shift figure not legible there - V value is the RQ25K-series figure",https://eu.connect.panasonic.com/gb/en/projectors/et-d3lew10,official,yes,https://eu.connect.panasonic.com/sites/default/files/media/document/2024-04/et-d3lew10_spec_en_4.pdf,2026-10-09
Panasonic,PT-RZ14K,,1920x1200 (WUXGA),ET-D3L / ET-D75LE (3-chip DLP bayonet),ET-D3LES20,2.00,2.90,±66%,±24%,"zoom; shift = projector default; 3-chip DLP laser; 14,000 lm is ISO/IEC 21118 (press release); lens shift not confirmed for RZ14K - values shown are RQ25K-series spec, verify; Panasonic says some 3-chip lenses are excluded for RZ14K; lumens_ansi was 14000 (14,000 lm is ISO/IEC 21118 per PT-RZ14K leaflet, no ANSI figure published); RZ14K leaflet (tentative, 2023) confirms H shift and lens list; V shift figure not legible there - V value is the RQ25K-series figure",https://eu.connect.panasonic.com/ch/de/projektoren/et-d3les20,official,yes,https://eu.connect.panasonic.com/sites/default/files/media/2024-04/et-d3les20_spec_en.pdf,2026-10-09
Panasonic,PT-RZ14K,,1920x1200 (WUXGA),ET-D3L / ET-D75LE (3-chip DLP bayonet),ET-D3LES250,2.00,2.90,±66%,±24%,"zoom; shift = projector default; 3-chip DLP laser; 14,000 lm is ISO/IEC 21118 (press release); lens shift not confirmed for RZ14K - values shown are RQ25K-series spec, verify; Panasonic says some 3-chip lenses are excluded for RZ14K; throw_min was 2.01 (lens spec PDF gives 2.00-2.90 for RQ25K series, lens web page table says 2.01); lumens_ansi was 14000 (14,000 lm is ISO/IEC 21118 per PT-RZ14K leaflet, no ANSI figure published); RZ14K leaflet (tentative, 2023) confirms H shift and lens list; V shift figure not legible there - V value is the RQ25K-series figure",https://eu.connect.panasonic.com/gb/en/projectors/et-d3les250,official,conflict,https://eu.connect.panasonic.com/sites/default/files/media/document/2026-01/ET-D3LES250G_spec_en.pdf,2026-10-09
Panasonic,PT-RZ14K,,1920x1200 (WUXGA),ET-D3L / ET-D75LE (3-chip DLP bayonet),ET-D3LET30,2.88,5.61,±66%,±24%,"zoom; shift = projector default; 3-chip DLP laser; 14,000 lm is ISO/IEC 21118 (press release); lens shift not confirmed for RZ14K - values shown are RQ25K-series spec, verify; Panasonic says some 3-chip lenses are excluded for RZ14K; lumens_ansi was 14000 (14,000 lm is ISO/IEC 21118 per PT-RZ14K leaflet, no ANSI figure published); RZ14K leaflet (tentative, 2023) confirms H shift and lens list; V shift figure not legible there - V value is the RQ25K-series figure",https://eu.connect.panasonic.com/gb/en/projectors/et-d3let30,official,yes,https://eu.connect.panasonic.com/sites/default/files/media/2024-04/et-d3let30_spec_en.pdf,2026-10-09
Panasonic,PT-RZ14K,,1920x1200 (WUXGA),ET-D3L / ET-D75LE (3-chip DLP bayonet),ET-D3LET40,5.54,8.90,±66%,±24%,"zoom; shift = projector default; 3-chip DLP laser; 14,000 lm is ISO/IEC 21118 (press release); lens shift not confirmed for RZ14K - values shown are RQ25K-series spec, verify; Panasonic says some 3-chip lenses are excluded for RZ14K; lumens_ansi was 14000 (14,000 lm is ISO/IEC 21118 per PT-RZ14K leaflet, no ANSI figure published); RZ14K leaflet (tentative, 2023) confirms H shift and lens list; V shift figure not legible there - V value is the RQ25K-series figure",https://eu.connect.panasonic.com/gb/en/projectors/et-d3let40,official,yes,https://eu.connect.panasonic.com/sites/default/files/media/2024-04/et-d3let40_spec_en.pdf,2026-10-09
Panasonic,PT-RZ14K,,1920x1200 (WUXGA),ET-D3L / ET-D75LE (3-chip DLP bayonet),ET-D3LET80,8.83,16.6,±66%,±24%,"zoom; shift = projector default; 3-chip DLP laser; 14,000 lm is ISO/IEC 21118 (press release); lens shift not confirmed for RZ14K - values shown are RQ25K-series spec, verify; Panasonic says some 3-chip lenses are excluded for RZ14K; lumens_ansi was 14000 (14,000 lm is ISO/IEC 21118 per PT-RZ14K leaflet, no ANSI figure published); RZ14K leaflet (tentative, 2023) confirms H shift and lens list; V shift figure not legible there - V value is the RQ25K-series figure",https://eu.connect.panasonic.com/gb/en/projectors/et-d3let80,official,yes,https://eu.connect.panasonic.com/sites/default/files/media/document/2024-04/et-d3let80_spec_en_5.pdf,2026-10-09
Panasonic,PT-RZ14K,,1920x1200 (WUXGA),ET-D3L / ET-D75LE (3-chip DLP bayonet),ET-D3LEF70,,,,,"fisheye/dome lens, 91.6 deg; no throw ratio published; 3-chip DLP laser; 14,000 lm is ISO/IEC 21118 (press release); lens shift not confirmed for RZ14K - values shown are RQ25K-series spec, verify; Panasonic says some 3-chip lenses are excluded for RZ14K; lumens_ansi was 14000 (14,000 lm is ISO/IEC 21118 per PT-RZ14K leaflet, no ANSI figure published); RZ14K leaflet (tentative, 2023) confirms H shift and lens list; V shift figure not legible there - V value is the RQ25K-series figure",https://eu.connect.panasonic.com/gb/en/projectors/et-d3lef70,official,yes,https://eu.connect.panasonic.com/sites/default/files/media/document/2024-04/et-d3lef70_spec_en_3.pdf,2026-10-09
Panasonic,PT-RZ17K,16000,"1920x1200 (WUXGA, 0.8in DMD)",ET-D3L / ET-D75LE (3-chip DLP bayonet),ET-D75LE95,0.436,0.436,+71% / +93% (as printed),±14%,"fixed-focus UST; shift from RQ25K spec page https://docs.connect.panasonic.com/projector/products/rq25k/spec/; 3-chip DLP laser; conflict: projector spec page gives V +71%/+93%, H ±14%; lens spec PDF gives up 16% / down 6%, left/right 14% for RQ25K series (different reference point); projector page value kept",https://eu.connect.panasonic.com/gb/en/projectors/et-d75le95,official,conflict,https://eu.connect.panasonic.com/gb/en/projectors/et-d75le95,2026-10-09
Panasonic,PT-RZ17K,16000,"1920x1200 (WUXGA, 0.8in DMD)",ET-D3L / ET-D75LE (3-chip DLP bayonet),ET-D3LEU101,0.447,0.447,±66%,-25% / +30%,fixed UST zero-offset; 3-chip DLP laser,https://eu.connect.panasonic.com/gb/en/projectors/et-d3leu101,official,yes,https://eu.connect.panasonic.com/sites/default/files/media/document/2024-06/ET-D3LEU101_spec_en_1716330025.358_1.pdf,2026-10-09
Panasonic,PT-RZ17K,16000,"1920x1200 (WUXGA, 0.8in DMD)",ET-D3L / ET-D75LE (3-chip DLP bayonet),ET-D3LEW201,0.779,1.02,±57%,±18%,"zoom; lens page key-features value for PT-RQ25K (its spec table also prints 0.447, apparently a copy error); 3-chip DLP laser; conflict: lens spec PDF and key features give 0.779-1.02 for RQ25K series, but the lens page spec table prints 0.447 (copy of ET-D3LEU101); PDF value used",https://eu.connect.panasonic.com/gb/en/projectors/et-d3lew201,official,conflict,https://eu.connect.panasonic.com/sites/default/files/media/document/2024-06/ET-D3LEW201_spec_en_1716330740.8408_0.pdf,2026-10-09
Panasonic,PT-RZ17K,16000,"1920x1200 (WUXGA, 0.8in DMD)",ET-D3L / ET-D75LE (3-chip DLP bayonet),ET-D3LEW50,0.838,0.838,,,fixed-focus; shift for this lens not stated on RQ25K spec page; 3-chip DLP laser,https://eu.connect.panasonic.com/gb/en/projectors/et-d3lew50,official,yes,https://eu.connect.panasonic.com/sites/default/files/media/2024-04/et-d3lew50_spec_en.pdf,2026-10-09
Panasonic,PT-RZ17K,16000,"1920x1200 (WUXGA, 0.8in DMD)",ET-D3L / ET-D75LE (3-chip DLP bayonet),ET-D3LEW300,0.924,1.12,±52%,±18%,"shift from RQ25K spec page; 3-chip DLP laser; throw now confirmed on Panasonic lens page (was reseller copy, secondary); shift_v was 52% (as printed) (Panasonic RQ25K catalog prints ±52%); shift_h was 18% (as printed) (Panasonic RQ25K catalog prints ±18%)",https://www.rentex.com/rental-products/panasonic-et-d3lew300/,official,yes,https://ap.connect.panasonic.com/vn/en/et-d3lew300,2026-10-09
Panasonic,PT-RZ17K,16000,"1920x1200 (WUXGA, 0.8in DMD)",ET-D3L / ET-D75LE (3-chip DLP bayonet),ET-D3LEW60,1.12,1.32,±52%,±18%,"zoom; 3-chip DLP laser; shift_v was 52% (as printed) (Panasonic RQ25K catalog prints ±52%); shift_h was 18% (as printed) (Panasonic RQ25K catalog prints ±18%); conflict: lens spec PDF and full-spec table give 1.12-1.32, lens page quick table prints 1.12-1.55 (copy of ET-D3LEW600); PDF value used",https://eu.connect.panasonic.com/gb/en/projectors/et-d3lew60,official,conflict,https://eu.connect.panasonic.com/sites/default/files/media/2024-04/et-d3lew60_spec_en.pdf,2026-10-09
Panasonic,PT-RZ17K,16000,"1920x1200 (WUXGA, 0.8in DMD)",ET-D3L / ET-D75LE (3-chip DLP bayonet),ET-D3LEW600,1.12,1.55,±52%,±18%,zoom; 3-chip DLP laser; shift_v was 52% (as printed) (Panasonic RQ25K catalog prints ±52%); shift_h was 18% (as printed) (Panasonic RQ25K catalog prints ±18%),https://ap.pnd.panasonic.com/sg/en/download-specifications/94,official,yes,https://ap.pnd.panasonic.com/sg/en/download-specifications/94,2026-10-09
Panasonic,PT-RZ17K,16000,"1920x1200 (WUXGA, 0.8in DMD)",ET-D3L / ET-D75LE (3-chip DLP bayonet),ET-D3LEW10,1.52,2.07,±66%,±24%,zoom; shift = projector default; 3-chip DLP laser,https://eu.connect.panasonic.com/gb/en/projectors/et-d3lew10,official,yes,https://eu.connect.panasonic.com/sites/default/files/media/document/2024-04/et-d3lew10_spec_en_4.pdf,2026-10-09
Panasonic,PT-RZ17K,16000,"1920x1200 (WUXGA, 0.8in DMD)",ET-D3L / ET-D75LE (3-chip DLP bayonet),ET-D3LES20,2.00,2.90,±66%,±24%,zoom; shift = projector default; 3-chip DLP laser,https://eu.connect.panasonic.com/ch/de/projektoren/et-d3les20,official,yes,https://eu.connect.panasonic.com/sites/default/files/media/2024-04/et-d3les20_spec_en.pdf,2026-10-09
Panasonic,PT-RZ17K,16000,"1920x1200 (WUXGA, 0.8in DMD)",ET-D3L / ET-D75LE (3-chip DLP bayonet),ET-D3LES250,2.00,2.90,±66%,±24%,"zoom; shift = projector default; 3-chip DLP laser; throw_min was 2.01 (lens spec PDF gives 2.00-2.90 for RQ25K series, lens web page table says 2.01)",https://eu.connect.panasonic.com/gb/en/projectors/et-d3les250,official,conflict,https://eu.connect.panasonic.com/sites/default/files/media/document/2026-01/ET-D3LES250G_spec_en.pdf,2026-10-09
Panasonic,PT-RZ17K,16000,"1920x1200 (WUXGA, 0.8in DMD)",ET-D3L / ET-D75LE (3-chip DLP bayonet),ET-D3LET30,2.88,5.61,±66%,±24%,zoom; shift = projector default; 3-chip DLP laser,https://eu.connect.panasonic.com/gb/en/projectors/et-d3let30,official,yes,https://eu.connect.panasonic.com/sites/default/files/media/2024-04/et-d3let30_spec_en.pdf,2026-10-09
Panasonic,PT-RZ17K,16000,"1920x1200 (WUXGA, 0.8in DMD)",ET-D3L / ET-D75LE (3-chip DLP bayonet),ET-D3LET40,5.54,8.90,±66%,±24%,zoom; shift = projector default; 3-chip DLP laser,https://eu.connect.panasonic.com/gb/en/projectors/et-d3let40,official,yes,https://eu.connect.panasonic.com/sites/default/files/media/2024-04/et-d3let40_spec_en.pdf,2026-10-09
Panasonic,PT-RZ17K,16000,"1920x1200 (WUXGA, 0.8in DMD)",ET-D3L / ET-D75LE (3-chip DLP bayonet),ET-D3LET80,8.83,16.6,±66%,±24%,zoom; shift = projector default; 3-chip DLP laser,https://eu.connect.panasonic.com/gb/en/projectors/et-d3let80,official,yes,https://eu.connect.panasonic.com/sites/default/files/media/document/2024-04/et-d3let80_spec_en_5.pdf,2026-10-09
Panasonic,PT-RZ17K,16000,"1920x1200 (WUXGA, 0.8in DMD)",ET-D3L / ET-D75LE (3-chip DLP bayonet),ET-D3LEF70,,,,,"fisheye/dome lens, 91.6 deg; no throw ratio published; 3-chip DLP laser",https://eu.connect.panasonic.com/gb/en/projectors/et-d3lef70,official,yes,https://eu.connect.panasonic.com/sites/default/files/media/document/2024-04/et-d3lef70_spec_en_3.pdf,2026-10-09
Panasonic,PT-RZ21K,,"1920x1200 (WUXGA, 0.96in DMD x3)",ET-D3L / ET-D75LE (3-chip DLP bayonet),ET-D75LE95,0.36,0.36,+68% / +78%,±12%,"fixed-focus mirror UST; shift from PT-RZ21K spec page; throw is the lens's published WUXGA value (lens spec lists this body); shift = projector default from PT-RZ21K spec page; Panasonic rates 20,000 lm ISO 21118 / 21,000 lm center (no ANSI); discontinued projector",https://docs.connect.panasonic.com/projector/products/rz21k/spec/,official,yes,https://eu.connect.panasonic.com/gb/en/projectors/et-d75le95,2026-10-09
Panasonic,PT-RZ21K,,"1920x1200 (WUXGA, 0.96in DMD x3)",ET-D3L / ET-D75LE (3-chip DLP bayonet),ET-D3LEU101,0.370,0.370,,,"fixed UST zero-offset; throw is the lens's published WUXGA value (lens spec lists this body); shift = projector default from PT-RZ21K spec page; Panasonic rates 20,000 lm ISO 21118 / 21,000 lm center (no ANSI); discontinued projector",https://docs.connect.panasonic.com/projector/products/rz21k/spec/,official,yes,https://eu.connect.panasonic.com/sites/default/files/media/document/2024-06/ET-D3LEU101_spec_en_1716330025.358_1.pdf,2026-10-09
Panasonic,PT-RZ21K,,"1920x1200 (WUXGA, 0.96in DMD x3)",ET-D3L / ET-D75LE (3-chip DLP bayonet),ET-D3LEW201,0.645,0.850,,,"short-throw zoom; throw is the lens's published WUXGA value (lens spec lists this body); shift = projector default from PT-RZ21K spec page; Panasonic rates 20,000 lm ISO 21118 / 21,000 lm center (no ANSI); discontinued projector",https://docs.connect.panasonic.com/projector/products/rz21k/spec/,official,yes,https://eu.connect.panasonic.com/sites/default/files/media/document/2024-06/ET-D3LEW201_spec_en_1716330740.8408_0.pdf,2026-10-09
Panasonic,PT-RZ21K,,"1920x1200 (WUXGA, 0.96in DMD x3)",ET-D3L / ET-D75LE (3-chip DLP bayonet),ET-D3LEW50,0.694,0.694,,,"fixed-focus; throw is the lens's published WUXGA value (lens spec lists this body); shift = projector default from PT-RZ21K spec page; Panasonic rates 20,000 lm ISO 21118 / 21,000 lm center (no ANSI); discontinued projector",https://docs.connect.panasonic.com/projector/products/rz21k/spec/,official,yes,https://eu.connect.panasonic.com/sites/default/files/media/2024-04/et-d3lew50_spec_en.pdf,2026-10-09
Panasonic,PT-RZ21K,,"1920x1200 (WUXGA, 0.96in DMD x3)",ET-D3L / ET-D75LE (3-chip DLP bayonet),ET-D3LEW60,0.924,1.10,±44%,±15%,"zoom; throw is the lens's published WUXGA value (lens spec lists this body); shift = projector default from PT-RZ21K spec page; Panasonic rates 20,000 lm ISO 21118 / 21,000 lm center (no ANSI); discontinued projector",https://docs.connect.panasonic.com/projector/products/rz21k/spec/,official,yes,https://eu.connect.panasonic.com/sites/default/files/media/2024-04/et-d3lew60_spec_en.pdf,2026-10-09
Panasonic,PT-RZ21K,,"1920x1200 (WUXGA, 0.96in DMD x3)",ET-D3L / ET-D75LE (3-chip DLP bayonet),ET-D75LE6,0.924,1.10,±44%,±15%,"zoom; discontinued lens; throw is the lens's published WUXGA value (lens spec lists this body); shift = projector default from PT-RZ21K spec page; Panasonic rates 20,000 lm ISO 21118 / 21,000 lm center (no ANSI); discontinued projector",https://docs.connect.panasonic.com/projector/products/rz21k/spec/,official,yes,https://eu.connect.panasonic.com/gb/en/projectors/et-d75le6,2026-10-09
Panasonic,PT-RZ21K,,"1920x1200 (WUXGA, 0.96in DMD x3)",ET-D3L / ET-D75LE (3-chip DLP bayonet),ET-D3LEW10,1.26,1.72,±55%,±20%,"zoom; throw is the lens's published WUXGA value (lens spec lists this body); shift = projector default from PT-RZ21K spec page; Panasonic rates 20,000 lm ISO 21118 / 21,000 lm center (no ANSI); discontinued projector",https://docs.connect.panasonic.com/projector/products/rz21k/spec/,official,yes,https://eu.connect.panasonic.com/sites/default/files/media/document/2024-04/et-d3lew10_spec_en_4.pdf,2026-10-09
Panasonic,PT-RZ21K,,"1920x1200 (WUXGA, 0.96in DMD x3)",ET-D3L / ET-D75LE (3-chip DLP bayonet),ET-D75LE10,1.30,1.67,±55%,±20%,"zoom; discontinued lens; throw is the lens's published WUXGA value (lens spec lists this body); shift = projector default from PT-RZ21K spec page; Panasonic rates 20,000 lm ISO 21118 / 21,000 lm center (no ANSI); discontinued projector",https://docs.connect.panasonic.com/projector/products/rz21k/spec/,official,yes,https://eu.connect.panasonic.com/sites/default/files/media/document/2024-04/et-d75le10_spec_en_4.pdf,2026-10-09
Panasonic,PT-RZ21K,,"1920x1200 (WUXGA, 0.96in DMD x3)",ET-D3L / ET-D75LE (3-chip DLP bayonet),ET-D3LES20,1.67,2.41,±55%,±20%,"zoom; throw is the lens's published WUXGA value (lens spec lists this body); shift = projector default from PT-RZ21K spec page; Panasonic rates 20,000 lm ISO 21118 / 21,000 lm center (no ANSI); discontinued projector",https://docs.connect.panasonic.com/projector/products/rz21k/spec/,official,yes,https://eu.connect.panasonic.com/sites/default/files/media/2024-04/et-d3les20_spec_en.pdf,2026-10-09
Panasonic,PT-RZ21K,,"1920x1200 (WUXGA, 0.96in DMD x3)",ET-D3L / ET-D75LE (3-chip DLP bayonet),ET-D3LES250,1.67,2.41,±55%,±20%,"zoom; throw is the lens's published WUXGA value (lens spec lists this body); shift = projector default from PT-RZ21K spec page; Panasonic rates 20,000 lm ISO 21118 / 21,000 lm center (no ANSI); discontinued projector",https://docs.connect.panasonic.com/projector/products/rz21k/spec/,official,yes,https://eu.connect.panasonic.com/sites/default/files/media/document/2026-01/ET-D3LES250G_spec_en.pdf,2026-10-09
Panasonic,PT-RZ21K,,"1920x1200 (WUXGA, 0.96in DMD x3)",ET-D3L / ET-D75LE (3-chip DLP bayonet),ET-D75LE20,1.67,2.41,±55%,±20%,"zoom; discontinued lens; throw is the lens's published WUXGA value (lens spec lists this body); shift = projector default from PT-RZ21K spec page; Panasonic rates 20,000 lm ISO 21118 / 21,000 lm center (no ANSI); discontinued projector",https://docs.connect.panasonic.com/projector/products/rz21k/spec/,official,yes,https://eu.connect.panasonic.com/gb/en/projectors/et-d75le20,2026-10-09
Panasonic,PT-RZ21K,,"1920x1200 (WUXGA, 0.96in DMD x3)",ET-D3L / ET-D75LE (3-chip DLP bayonet),ET-D3LET30,2.40,4.66,±55%,±20%,"zoom; throw is the lens's published WUXGA value (lens spec lists this body); shift = projector default from PT-RZ21K spec page; Panasonic rates 20,000 lm ISO 21118 / 21,000 lm center (no ANSI); discontinued projector",https://docs.connect.panasonic.com/projector/products/rz21k/spec/,official,yes,https://eu.connect.panasonic.com/sites/default/files/media/2024-04/et-d3let30_spec_en.pdf,2026-10-09
Panasonic,PT-RZ21K,,"1920x1200 (WUXGA, 0.96in DMD x3)",ET-D3L / ET-D75LE (3-chip DLP bayonet),ET-D75LE30,2.40,4.66,±55%,±20%,"zoom; discontinued lens; throw is the lens's published WUXGA value (lens spec lists this body); shift = projector default from PT-RZ21K spec page; Panasonic rates 20,000 lm ISO 21118 / 21,000 lm center (no ANSI); discontinued projector",https://docs.connect.panasonic.com/projector/products/rz21k/spec/,official,yes,https://eu.connect.panasonic.com/gb/en/projectors/et-d75le30,2026-10-09
Panasonic,PT-RZ21K,,"1920x1200 (WUXGA, 0.96in DMD x3)",ET-D3L / ET-D75LE (3-chip DLP bayonet),ET-D3LET40,4.61,7.41,±55%,±20%,"zoom; throw is the lens's published WUXGA value (lens spec lists this body); shift = projector default from PT-RZ21K spec page; Panasonic rates 20,000 lm ISO 21118 / 21,000 lm center (no ANSI); discontinued projector",https://docs.connect.panasonic.com/projector/products/rz21k/spec/,official,yes,https://eu.connect.panasonic.com/sites/default/files/media/2024-04/et-d3let40_spec_en.pdf,2026-10-09
Panasonic,PT-RZ21K,,"1920x1200 (WUXGA, 0.96in DMD x3)",ET-D3L / ET-D75LE (3-chip DLP bayonet),ET-D75LE40,4.62,7.38,±55%,±20%,"zoom; discontinued lens; throw is the lens's published WUXGA value (lens spec lists this body); shift = projector default from PT-RZ21K spec page; Panasonic rates 20,000 lm ISO 21118 / 21,000 lm center (no ANSI); discontinued projector",https://docs.connect.panasonic.com/projector/products/rz21k/spec/,official,yes,https://eu.connect.panasonic.com/gb/en/projectors/et-d75le40,2026-10-09
Panasonic,PT-RZ21K,,"1920x1200 (WUXGA, 0.96in DMD x3)",ET-D3L / ET-D75LE (3-chip DLP bayonet),ET-D3LET80,7.34,13.8,±55%,±20%,"zoom; throw is the lens's published WUXGA value (lens spec lists this body); shift = projector default from PT-RZ21K spec page; Panasonic rates 20,000 lm ISO 21118 / 21,000 lm center (no ANSI); discontinued projector",https://docs.connect.panasonic.com/projector/products/rz21k/spec/,official,yes,https://eu.connect.panasonic.com/sites/default/files/media/document/2024-04/et-d3let80_spec_en_5.pdf,2026-10-09
Panasonic,PT-RZ21K,,"1920x1200 (WUXGA, 0.96in DMD x3)",ET-D3L / ET-D75LE (3-chip DLP bayonet),ET-D75LE8,7.34,13.8,±55%,±20%,"zoom; discontinued lens; throw is the lens's published WUXGA value (lens spec lists this body); shift = projector default from PT-RZ21K spec page; Panasonic rates 20,000 lm ISO 21118 / 21,000 lm center (no ANSI); discontinued projector",https://docs.connect.panasonic.com/projector/products/rz21k/spec/,official,yes,https://eu.connect.panasonic.com/gb/en/projectors/et-d75le8,2026-10-09
Panasonic,PT-RZ21K,,"1920x1200 (WUXGA, 0.96in DMD x3)",ET-D3L / ET-D75LE (3-chip DLP bayonet),ET-D3LEF70,,,±27%,±12%,"fisheye/dome lens, 91.6 deg; no throw ratio published; shift from lens spec PDF WUXGA row; throw is the lens's published WUXGA value (lens spec lists this body); shift = projector default from PT-RZ21K spec page; Panasonic rates 20,000 lm ISO 21118 / 21,000 lm center (no ANSI); discontinued projector",https://docs.connect.panasonic.com/projector/products/rz21k/spec/,official,yes,https://eu.connect.panasonic.com/sites/default/files/media/document/2024-04/et-d3lef70_spec_en_3.pdf,2026-10-09
Panasonic,PT-RZ24K,20000,"1920x1200 (WUXGA, 0.8in DMD)",ET-D3L / ET-D75LE (3-chip DLP bayonet),ET-D75LE95,0.436,0.436,+71% / +93% (as printed),±14%,"fixed-focus UST; shift from RQ25K spec page https://docs.connect.panasonic.com/projector/products/rq25k/spec/; 3-chip DLP laser; conflict: projector spec page gives V +71%/+93%, H ±14%; lens spec PDF gives up 16% / down 6%, left/right 14% for RQ25K series (different reference point); projector page value kept",https://eu.connect.panasonic.com/gb/en/projectors/et-d75le95,official,conflict,https://eu.connect.panasonic.com/gb/en/projectors/et-d75le95,2026-10-09
Panasonic,PT-RZ24K,20000,"1920x1200 (WUXGA, 0.8in DMD)",ET-D3L / ET-D75LE (3-chip DLP bayonet),ET-D3LEU101,0.447,0.447,±66%,-25% / +30%,fixed UST zero-offset; 3-chip DLP laser,https://eu.connect.panasonic.com/gb/en/projectors/et-d3leu101,official,yes,https://eu.connect.panasonic.com/sites/default/files/media/document/2024-06/ET-D3LEU101_spec_en_1716330025.358_1.pdf,2026-10-09
Panasonic,PT-RZ24K,20000,"1920x1200 (WUXGA, 0.8in DMD)",ET-D3L / ET-D75LE (3-chip DLP bayonet),ET-D3LEW201,0.779,1.02,±57%,±18%,"zoom; lens page key-features value for PT-RQ25K (its spec table also prints 0.447, apparently a copy error); 3-chip DLP laser; conflict: lens spec PDF and key features give 0.779-1.02 for RQ25K series, but the lens page spec table prints 0.447 (copy of ET-D3LEU101); PDF value used",https://eu.connect.panasonic.com/gb/en/projectors/et-d3lew201,official,conflict,https://eu.connect.panasonic.com/sites/default/files/media/document/2024-06/ET-D3LEW201_spec_en_1716330740.8408_0.pdf,2026-10-09
Panasonic,PT-RZ24K,20000,"1920x1200 (WUXGA, 0.8in DMD)",ET-D3L / ET-D75LE (3-chip DLP bayonet),ET-D3LEW50,0.838,0.838,,,fixed-focus; shift for this lens not stated on RQ25K spec page; 3-chip DLP laser,https://eu.connect.panasonic.com/gb/en/projectors/et-d3lew50,official,yes,https://eu.connect.panasonic.com/sites/default/files/media/2024-04/et-d3lew50_spec_en.pdf,2026-10-09
Panasonic,PT-RZ24K,20000,"1920x1200 (WUXGA, 0.8in DMD)",ET-D3L / ET-D75LE (3-chip DLP bayonet),ET-D3LEW300,0.924,1.12,±52%,±18%,"shift from RQ25K spec page; 3-chip DLP laser; throw now confirmed on Panasonic lens page (was reseller copy, secondary); shift_v was 52% (as printed) (Panasonic RQ25K catalog prints ±52%); shift_h was 18% (as printed) (Panasonic RQ25K catalog prints ±18%)",https://www.rentex.com/rental-products/panasonic-et-d3lew300/,official,yes,https://ap.connect.panasonic.com/vn/en/et-d3lew300,2026-10-09
Panasonic,PT-RZ24K,20000,"1920x1200 (WUXGA, 0.8in DMD)",ET-D3L / ET-D75LE (3-chip DLP bayonet),ET-D3LEW60,1.12,1.32,±52%,±18%,"zoom; 3-chip DLP laser; shift_v was 52% (as printed) (Panasonic RQ25K catalog prints ±52%); shift_h was 18% (as printed) (Panasonic RQ25K catalog prints ±18%); conflict: lens spec PDF and full-spec table give 1.12-1.32, lens page quick table prints 1.12-1.55 (copy of ET-D3LEW600); PDF value used",https://eu.connect.panasonic.com/gb/en/projectors/et-d3lew60,official,conflict,https://eu.connect.panasonic.com/sites/default/files/media/2024-04/et-d3lew60_spec_en.pdf,2026-10-09
Panasonic,PT-RZ24K,20000,"1920x1200 (WUXGA, 0.8in DMD)",ET-D3L / ET-D75LE (3-chip DLP bayonet),ET-D3LEW600,1.12,1.55,±52%,±18%,zoom; 3-chip DLP laser; shift_v was 52% (as printed) (Panasonic RQ25K catalog prints ±52%); shift_h was 18% (as printed) (Panasonic RQ25K catalog prints ±18%),https://ap.pnd.panasonic.com/sg/en/download-specifications/94,official,yes,https://ap.pnd.panasonic.com/sg/en/download-specifications/94,2026-10-09
Panasonic,PT-RZ24K,20000,"1920x1200 (WUXGA, 0.8in DMD)",ET-D3L / ET-D75LE (3-chip DLP bayonet),ET-D3LEW10,1.52,2.07,±66%,±24%,zoom; shift = projector default; 3-chip DLP laser,https://eu.connect.panasonic.com/gb/en/projectors/et-d3lew10,official,yes,https://eu.connect.panasonic.com/sites/default/files/media/document/2024-04/et-d3lew10_spec_en_4.pdf,2026-10-09
Panasonic,PT-RZ24K,20000,"1920x1200 (WUXGA, 0.8in DMD)",ET-D3L / ET-D75LE (3-chip DLP bayonet),ET-D3LES20,2.00,2.90,±66%,±24%,zoom; shift = projector default; 3-chip DLP laser,https://eu.connect.panasonic.com/ch/de/projektoren/et-d3les20,official,yes,https://eu.connect.panasonic.com/sites/default/files/media/2024-04/et-d3les20_spec_en.pdf,2026-10-09
Panasonic,PT-RZ24K,20000,"1920x1200 (WUXGA, 0.8in DMD)",ET-D3L / ET-D75LE (3-chip DLP bayonet),ET-D3LES250,2.00,2.90,±66%,±24%,"zoom; shift = projector default; 3-chip DLP laser; throw_min was 2.01 (lens spec PDF gives 2.00-2.90 for RQ25K series, lens web page table says 2.01)",https://eu.connect.panasonic.com/gb/en/projectors/et-d3les250,official,conflict,https://eu.connect.panasonic.com/sites/default/files/media/document/2026-01/ET-D3LES250G_spec_en.pdf,2026-10-09
Panasonic,PT-RZ24K,20000,"1920x1200 (WUXGA, 0.8in DMD)",ET-D3L / ET-D75LE (3-chip DLP bayonet),ET-D3LET30,2.88,5.61,±66%,±24%,zoom; shift = projector default; 3-chip DLP laser,https://eu.connect.panasonic.com/gb/en/projectors/et-d3let30,official,yes,https://eu.connect.panasonic.com/sites/default/files/media/2024-04/et-d3let30_spec_en.pdf,2026-10-09
Panasonic,PT-RZ24K,20000,"1920x1200 (WUXGA, 0.8in DMD)",ET-D3L / ET-D75LE (3-chip DLP bayonet),ET-D3LET40,5.54,8.90,±66%,±24%,zoom; shift = projector default; 3-chip DLP laser,https://eu.connect.panasonic.com/gb/en/projectors/et-d3let40,official,yes,https://eu.connect.panasonic.com/sites/default/files/media/2024-04/et-d3let40_spec_en.pdf,2026-10-09
Panasonic,PT-RZ24K,20000,"1920x1200 (WUXGA, 0.8in DMD)",ET-D3L / ET-D75LE (3-chip DLP bayonet),ET-D3LET80,8.83,16.6,±66%,±24%,zoom; shift = projector default; 3-chip DLP laser,https://eu.connect.panasonic.com/gb/en/projectors/et-d3let80,official,yes,https://eu.connect.panasonic.com/sites/default/files/media/document/2024-04/et-d3let80_spec_en_5.pdf,2026-10-09
Panasonic,PT-RZ24K,20000,"1920x1200 (WUXGA, 0.8in DMD)",ET-D3L / ET-D75LE (3-chip DLP bayonet),ET-D3LEF70,,,,,"fisheye/dome lens, 91.6 deg; no throw ratio published; 3-chip DLP laser",https://eu.connect.panasonic.com/gb/en/projectors/et-d3lef70,official,yes,https://eu.connect.panasonic.com/sites/default/files/media/document/2024-04/et-d3lef70_spec_en_3.pdf,2026-10-09
Panasonic,PT-RZ31K,,"1920x1200 (WUXGA, 0.96in DMD x3)",ET-D3L / ET-D75LE (3-chip DLP bayonet),ET-D75LE95,0.36,0.36,+5% / -5%,±12%,fixed-focus mirror UST; shift from lens spec PDF (different reference point from projector pages); throw is the lens's published WUXGA value (lens spec lists this body); shift = projector range from lens spec PDF diagram (0.55V / 0.20H); lumens not recorded (no ANSI figure found); discontinued projector,https://eu.connect.panasonic.com/sites/default/files/media/2024-04/et-d3les20_spec_en.pdf,official,yes,https://eu.connect.panasonic.com/gb/en/projectors/et-d75le95,2026-10-09
Panasonic,PT-RZ31K,,"1920x1200 (WUXGA, 0.96in DMD x3)",ET-D3L / ET-D75LE (3-chip DLP bayonet),ET-D3LEU101,0.370,0.370,,,fixed UST zero-offset; throw is the lens's published WUXGA value (lens spec lists this body); shift = projector range from lens spec PDF diagram (0.55V / 0.20H); lumens not recorded (no ANSI figure found); discontinued projector,https://eu.connect.panasonic.com/sites/default/files/media/2024-04/et-d3les20_spec_en.pdf,official,yes,https://eu.connect.panasonic.com/sites/default/files/media/document/2024-06/ET-D3LEU101_spec_en_1716330025.358_1.pdf,2026-10-09
Panasonic,PT-RZ31K,,"1920x1200 (WUXGA, 0.96in DMD x3)",ET-D3L / ET-D75LE (3-chip DLP bayonet),ET-D3LEW201,0.645,0.850,,,short-throw zoom; throw is the lens's published WUXGA value (lens spec lists this body); shift = projector range from lens spec PDF diagram (0.55V / 0.20H); lumens not recorded (no ANSI figure found); discontinued projector,https://eu.connect.panasonic.com/sites/default/files/media/2024-04/et-d3les20_spec_en.pdf,official,yes,https://eu.connect.panasonic.com/sites/default/files/media/document/2024-06/ET-D3LEW201_spec_en_1716330740.8408_0.pdf,2026-10-09
Panasonic,PT-RZ31K,,"1920x1200 (WUXGA, 0.96in DMD x3)",ET-D3L / ET-D75LE (3-chip DLP bayonet),ET-D3LEW50,0.694,0.694,,,fixed-focus; throw is the lens's published WUXGA value (lens spec lists this body); shift = projector range from lens spec PDF diagram (0.55V / 0.20H); lumens not recorded (no ANSI figure found); discontinued projector,https://eu.connect.panasonic.com/sites/default/files/media/2024-04/et-d3les20_spec_en.pdf,official,yes,https://eu.connect.panasonic.com/sites/default/files/media/2024-04/et-d3lew50_spec_en.pdf,2026-10-09
Panasonic,PT-RZ31K,,"1920x1200 (WUXGA, 0.96in DMD x3)",ET-D3L / ET-D75LE (3-chip DLP bayonet),ET-D3LEW60,0.924,1.10,,,zoom; throw is the lens's published WUXGA value (lens spec lists this body); shift = projector range from lens spec PDF diagram (0.55V / 0.20H); lumens not recorded (no ANSI figure found); discontinued projector,https://eu.connect.panasonic.com/sites/default/files/media/2024-04/et-d3les20_spec_en.pdf,official,yes,https://eu.connect.panasonic.com/sites/default/files/media/2024-04/et-d3lew60_spec_en.pdf,2026-10-09
Panasonic,PT-RZ31K,,"1920x1200 (WUXGA, 0.96in DMD x3)",ET-D3L / ET-D75LE (3-chip DLP bayonet),ET-D75LE6,0.924,1.10,,,zoom; discontinued lens; throw is the lens's published WUXGA value (lens spec lists this body); shift = projector range from lens spec PDF diagram (0.55V / 0.20H); lumens not recorded (no ANSI figure found); discontinued projector,https://eu.connect.panasonic.com/sites/default/files/media/2024-04/et-d3les20_spec_en.pdf,official,yes,https://eu.connect.panasonic.com/gb/en/projectors/et-d75le6,2026-10-09
Panasonic,PT-RZ31K,,"1920x1200 (WUXGA, 0.96in DMD x3)",ET-D3L / ET-D75LE (3-chip DLP bayonet),ET-D3LEW10,1.26,1.72,±55%,±20%,zoom; throw is the lens's published WUXGA value (lens spec lists this body); shift = projector range from lens spec PDF diagram (0.55V / 0.20H); lumens not recorded (no ANSI figure found); discontinued projector,https://eu.connect.panasonic.com/sites/default/files/media/2024-04/et-d3les20_spec_en.pdf,official,yes,https://eu.connect.panasonic.com/sites/default/files/media/document/2024-04/et-d3lew10_spec_en_4.pdf,2026-10-09
Panasonic,PT-RZ31K,,"1920x1200 (WUXGA, 0.96in DMD x3)",ET-D3L / ET-D75LE (3-chip DLP bayonet),ET-D75LE10,1.30,1.67,±55%,±20%,zoom; discontinued lens; throw is the lens's published WUXGA value (lens spec lists this body); shift = projector range from lens spec PDF diagram (0.55V / 0.20H); lumens not recorded (no ANSI figure found); discontinued projector,https://eu.connect.panasonic.com/sites/default/files/media/2024-04/et-d3les20_spec_en.pdf,official,yes,https://eu.connect.panasonic.com/sites/default/files/media/document/2024-04/et-d75le10_spec_en_4.pdf,2026-10-09
Panasonic,PT-RZ31K,,"1920x1200 (WUXGA, 0.96in DMD x3)",ET-D3L / ET-D75LE (3-chip DLP bayonet),ET-D3LES20,1.67,2.41,±55%,±20%,zoom; throw is the lens's published WUXGA value (lens spec lists this body); shift = projector range from lens spec PDF diagram (0.55V / 0.20H); lumens not recorded (no ANSI figure found); discontinued projector,https://eu.connect.panasonic.com/sites/default/files/media/2024-04/et-d3les20_spec_en.pdf,official,yes,https://eu.connect.panasonic.com/sites/default/files/media/2024-04/et-d3les20_spec_en.pdf,2026-10-09
Panasonic,PT-RZ31K,,"1920x1200 (WUXGA, 0.96in DMD x3)",ET-D3L / ET-D75LE (3-chip DLP bayonet),ET-D3LES250,1.67,2.41,±55%,±20%,zoom; throw is the lens's published WUXGA value (lens spec lists this body); shift = projector range from lens spec PDF diagram (0.55V / 0.20H); lumens not recorded (no ANSI figure found); discontinued projector,https://eu.connect.panasonic.com/sites/default/files/media/2024-04/et-d3les20_spec_en.pdf,official,yes,https://eu.connect.panasonic.com/sites/default/files/media/document/2026-01/ET-D3LES250G_spec_en.pdf,2026-10-09
Panasonic,PT-RZ31K,,"1920x1200 (WUXGA, 0.96in DMD x3)",ET-D3L / ET-D75LE (3-chip DLP bayonet),ET-D75LE20,1.67,2.41,±55%,±20%,zoom; discontinued lens; throw is the lens's published WUXGA value (lens spec lists this body); shift = projector range from lens spec PDF diagram (0.55V / 0.20H); lumens not recorded (no ANSI figure found); discontinued projector,https://eu.connect.panasonic.com/sites/default/files/media/2024-04/et-d3les20_spec_en.pdf,official,yes,https://eu.connect.panasonic.com/gb/en/projectors/et-d75le20,2026-10-09
Panasonic,PT-RZ31K,,"1920x1200 (WUXGA, 0.96in DMD x3)",ET-D3L / ET-D75LE (3-chip DLP bayonet),ET-D3LET30,2.40,4.66,±55%,±20%,zoom; throw is the lens's published WUXGA value (lens spec lists this body); shift = projector range from lens spec PDF diagram (0.55V / 0.20H); lumens not recorded (no ANSI figure found); discontinued projector,https://eu.connect.panasonic.com/sites/default/files/media/2024-04/et-d3les20_spec_en.pdf,official,yes,https://eu.connect.panasonic.com/sites/default/files/media/2024-04/et-d3let30_spec_en.pdf,2026-10-09
Panasonic,PT-RZ31K,,"1920x1200 (WUXGA, 0.96in DMD x3)",ET-D3L / ET-D75LE (3-chip DLP bayonet),ET-D75LE30,2.40,4.66,±55%,±20%,zoom; discontinued lens; throw is the lens's published WUXGA value (lens spec lists this body); shift = projector range from lens spec PDF diagram (0.55V / 0.20H); lumens not recorded (no ANSI figure found); discontinued projector,https://eu.connect.panasonic.com/sites/default/files/media/2024-04/et-d3les20_spec_en.pdf,official,yes,https://eu.connect.panasonic.com/gb/en/projectors/et-d75le30,2026-10-09
Panasonic,PT-RZ31K,,"1920x1200 (WUXGA, 0.96in DMD x3)",ET-D3L / ET-D75LE (3-chip DLP bayonet),ET-D3LET40,4.61,7.41,±55%,±20%,zoom; throw is the lens's published WUXGA value (lens spec lists this body); shift = projector range from lens spec PDF diagram (0.55V / 0.20H); lumens not recorded (no ANSI figure found); discontinued projector,https://eu.connect.panasonic.com/sites/default/files/media/2024-04/et-d3les20_spec_en.pdf,official,yes,https://eu.connect.panasonic.com/sites/default/files/media/2024-04/et-d3let40_spec_en.pdf,2026-10-09
Panasonic,PT-RZ31K,,"1920x1200 (WUXGA, 0.96in DMD x3)",ET-D3L / ET-D75LE (3-chip DLP bayonet),ET-D75LE40,4.62,7.38,±55%,±20%,zoom; discontinued lens; throw is the lens's published WUXGA value (lens spec lists this body); shift = projector range from lens spec PDF diagram (0.55V / 0.20H); lumens not recorded (no ANSI figure found); discontinued projector,https://eu.connect.panasonic.com/sites/default/files/media/2024-04/et-d3les20_spec_en.pdf,official,yes,https://eu.connect.panasonic.com/gb/en/projectors/et-d75le40,2026-10-09
Panasonic,PT-RZ31K,,"1920x1200 (WUXGA, 0.96in DMD x3)",ET-D3L / ET-D75LE (3-chip DLP bayonet),ET-D3LET80,7.34,13.8,±55%,±20%,zoom; throw is the lens's published WUXGA value (lens spec lists this body); shift = projector range from lens spec PDF diagram (0.55V / 0.20H); lumens not recorded (no ANSI figure found); discontinued projector,https://eu.connect.panasonic.com/sites/default/files/media/2024-04/et-d3les20_spec_en.pdf,official,yes,https://eu.connect.panasonic.com/sites/default/files/media/document/2024-04/et-d3let80_spec_en_5.pdf,2026-10-09
Panasonic,PT-RZ31K,,"1920x1200 (WUXGA, 0.96in DMD x3)",ET-D3L / ET-D75LE (3-chip DLP bayonet),ET-D75LE8,7.34,13.8,±55%,±20%,zoom; discontinued lens; throw is the lens's published WUXGA value (lens spec lists this body); shift = projector range from lens spec PDF diagram (0.55V / 0.20H); lumens not recorded (no ANSI figure found); discontinued projector,https://eu.connect.panasonic.com/sites/default/files/media/2024-04/et-d3les20_spec_en.pdf,official,yes,https://eu.connect.panasonic.com/gb/en/projectors/et-d75le8,2026-10-09
Panasonic,PT-RZ31K,,"1920x1200 (WUXGA, 0.96in DMD x3)",ET-D3L / ET-D75LE (3-chip DLP bayonet),ET-D3LEF70,,,±27%,±12%,"fisheye/dome lens, 91.6 deg; no throw ratio published; shift from lens spec PDF WUXGA row; throw is the lens's published WUXGA value (lens spec lists this body); shift = projector range from lens spec PDF diagram (0.55V / 0.20H); lumens not recorded (no ANSI figure found); discontinued projector",https://eu.connect.panasonic.com/sites/default/files/media/2024-04/et-d3les20_spec_en.pdf,official,yes,https://eu.connect.panasonic.com/sites/default/files/media/document/2024-04/et-d3lef70_spec_en_3.pdf,2026-10-09
Panasonic,PT-RZ34K2,30500,1920x1200 (WUXGA),ET-D3L / ET-D75LE (3-chip DLP bayonet),ET-D75LE95,0.364,0.364,"+78% / +68% (up/down, as printed)",±12%,"fixed-focus UST; shift values from projector spec page https://docs.connect.panasonic.com/projector/products/rq35k/spec/; 3-chip DLP laser; lumens shown in a cell shared with RQ35K2; conflict: projector spec page/PDF gives V +68%/+78%, H ±12%; lens spec PDF gives up 5% / down 5%, left/right 12% for RQ35K-class bodies (different reference point); projector value kept",https://eu.connect.panasonic.com/gb/en/projectors/et-d75le95,official,conflict,https://eu.connect.panasonic.com/gb/en/projectors/et-d75le95,2026-10-09
Panasonic,PT-RZ34K2,30500,1920x1200 (WUXGA),ET-D3L / ET-D75LE (3-chip DLP bayonet),ET-D3LEU101,0.370,0.370,±55%,+25% / 0%,fixed UST zero-offset; replaces ET-D3LEU100 (discontinued); 3-chip DLP laser; lumens shown in a cell shared with RQ35K2,https://eu.connect.panasonic.com/gb/en/projectors/et-d3leu101,official,yes,https://eu.connect.panasonic.com/sites/default/files/media/document/2024-06/ET-D3LEU101_spec_en_1716330025.358_1.pdf,2026-10-09
Panasonic,PT-RZ34K2,30500,1920x1200 (WUXGA),ET-D3L / ET-D75LE (3-chip DLP bayonet),ET-D3LEW201,0.645,0.850,±48%,±15%,short-throw zoom; replaces ET-D3LEW200 (discontinued); 3-chip DLP laser; lumens shown in a cell shared with RQ35K2,https://eu.connect.panasonic.com/gb/en/projectors/et-d3lew201,official,yes,https://eu.connect.panasonic.com/sites/default/files/media/document/2024-06/ET-D3LEW201_spec_en_1716330740.8408_0.pdf,2026-10-09
Panasonic,PT-RZ34K2,30500,1920x1200 (WUXGA),ET-D3L / ET-D75LE (3-chip DLP bayonet),ET-D3LEW50,0.694,0.694,not supported,not supported,fixed-focus; projector spec page says lens shift not supported with this lens; 3-chip DLP laser; lumens shown in a cell shared with RQ35K2,https://eu.connect.panasonic.com/gb/en/projectors/et-d3lew50,official,yes,https://eu.connect.panasonic.com/sites/default/files/media/2024-04/et-d3lew50_spec_en.pdf,2026-10-09
Panasonic,PT-RZ34K2,30500,1920x1200 (WUXGA),ET-D3L / ET-D75LE (3-chip DLP bayonet),ET-D3LEW300,0.770,0.933,±44%,±15%,"shift from projector spec page; 3-chip DLP laser; lumens shown in a cell shared with RQ35K2; throw now confirmed on Panasonic lens page https://ap.connect.panasonic.com/vn/en/et-d3lew300 and PT-RZ44K spec PDF (was reseller copy, secondary)",https://www.rentex.com/rental-products/panasonic-et-d3lew300/,official,yes,https://ap.connect.panasonic.com/vn/en/et-d3lew300,2026-10-09
Panasonic,PT-RZ34K2,30500,1920x1200 (WUXGA),ET-D3L / ET-D75LE (3-chip DLP bayonet),ET-D3LEW60,0.924,1.10,±44%,±15%,zoom; page's quick table shows 0.924-1.28 (copy of LEW600) - full spec 0.924-1.10 used; 3-chip DLP laser; lumens shown in a cell shared with RQ35K2; conflict: lens spec PDF and RZ44K spec PDF give 0.924-1.10; lens page quick table prints 0.924-1.28 (copy of ET-D3LEW600); PDF value used,https://eu.connect.panasonic.com/gb/en/projectors/et-d3lew60,official,conflict,https://eu.connect.panasonic.com/sites/default/files/media/2024-04/et-d3lew60_spec_en.pdf,2026-10-09
Panasonic,PT-RZ34K2,30500,1920x1200 (WUXGA),ET-D3L / ET-D75LE (3-chip DLP bayonet),ET-D3LEW600,0.924,1.28,±44%,±15%,zoom; 3-chip DLP laser; lumens shown in a cell shared with RQ35K2,https://ap.pnd.panasonic.com/sg/en/download-specifications/94,official,yes,https://ap.pnd.panasonic.com/sg/en/download-specifications/94,2026-10-09
Panasonic,PT-RZ34K2,30500,1920x1200 (WUXGA),ET-D3L / ET-D75LE (3-chip DLP bayonet),ET-D3LEW10,1.26,1.72,±55%,±20%,zoom; shift = projector default; 3-chip DLP laser; lumens shown in a cell shared with RQ35K2,https://eu.connect.panasonic.com/gb/en/projectors/et-d3lew10,official,yes,https://eu.connect.panasonic.com/sites/default/files/media/document/2024-04/et-d3lew10_spec_en_4.pdf,2026-10-09
Panasonic,PT-RZ34K2,30500,1920x1200 (WUXGA),ET-D3L / ET-D75LE (3-chip DLP bayonet),ET-D3LES20,1.67,2.41,±55%,±20%,zoom; shift = projector default; 3-chip DLP laser; lumens shown in a cell shared with RQ35K2,https://eu.connect.panasonic.com/ch/de/projektoren/et-d3les20,official,yes,https://eu.connect.panasonic.com/sites/default/files/media/2024-04/et-d3les20_spec_en.pdf,2026-10-09
Panasonic,PT-RZ34K2,30500,1920x1200 (WUXGA),ET-D3L / ET-D75LE (3-chip DLP bayonet),ET-D3LES250,1.67,2.41,±55%,±20%,zoom (newer replacement-class lens); shift = projector default; 3-chip DLP laser; lumens shown in a cell shared with RQ35K2,https://eu.connect.panasonic.com/gb/en/projectors/et-d3les250,official,yes,https://eu.connect.panasonic.com/sites/default/files/media/document/2026-01/ET-D3LES250G_spec_en.pdf,2026-10-09
Panasonic,PT-RZ34K2,30500,1920x1200 (WUXGA),ET-D3L / ET-D75LE (3-chip DLP bayonet),ET-D3LET30,2.40,4.66,±55%,±20%,zoom; shift = projector default; 3-chip DLP laser; lumens shown in a cell shared with RQ35K2,https://eu.connect.panasonic.com/gb/en/projectors/et-d3let30,official,yes,https://eu.connect.panasonic.com/sites/default/files/media/2024-04/et-d3let30_spec_en.pdf,2026-10-09
Panasonic,PT-RZ34K2,30500,1920x1200 (WUXGA),ET-D3L / ET-D75LE (3-chip DLP bayonet),ET-D3LET40,4.61,7.41,±55%,±20%,zoom; shift = projector default; 3-chip DLP laser; lumens shown in a cell shared with RQ35K2,https://eu.connect.panasonic.com/gb/en/projectors/et-d3let40,official,yes,https://eu.connect.panasonic.com/sites/default/files/media/2024-04/et-d3let40_spec_en.pdf,2026-10-09
Panasonic,PT-RZ34K2,30500,1920x1200 (WUXGA),ET-D3L / ET-D75LE (3-chip DLP bayonet),ET-D3LET80,7.34,13.8,±55%,±20%,zoom; shift = projector default; 3-chip DLP laser; lumens shown in a cell shared with RQ35K2,https://eu.connect.panasonic.com/gb/en/projectors/et-d3let80,official,yes,https://eu.connect.panasonic.com/sites/default/files/media/document/2024-04/et-d3let80_spec_en_5.pdf,2026-10-09
Panasonic,PT-RZ34K2,30500,1920x1200 (WUXGA),ET-D3L / ET-D75LE (3-chip DLP bayonet),ET-D3LEF70,,,±27%,±12%,"fisheye/dome lens, 91.6 deg max angle of view; no throw ratio published; lens page quotes up to ±37% V (±27% at WUXGA); 3-chip DLP laser; lumens shown in a cell shared with RQ35K2; shift_v was (blank) (lens spec PDF WUXGA row); shift_h was (blank) (lens spec PDF WUXGA row)",https://eu.connect.panasonic.com/gb/en/projectors/et-d3lef70,official,yes,https://eu.connect.panasonic.com/sites/default/files/media/document/2024-04/et-d3lef70_spec_en_3.pdf,2026-10-09
Panasonic,PT-RZ44K,42000,1920x1200 (WUXGA),ET-D3L / ET-D75LE (3-chip DLP bayonet),ET-D75LE95,0.364,0.364,"+78% / +68% (up/down, as printed)",±12%,"fixed-focus UST; shift values from projector spec page https://docs.connect.panasonic.com/projector/products/rq35k/spec/; 3-chip DLP laser; conflict: projector spec page/PDF gives V +68%/+78%, H ±12%; lens spec PDF gives up 5% / down 5%, left/right 12% for RQ35K-class bodies (different reference point); projector value kept; lumens_ansi was (blank) (RQ45K/RZ44K series spec sheet: 42,000 lm (ANSI) shared column, PT-RZ44K sheet gives 42,000 lm ISO)",https://eu.connect.panasonic.com/gb/en/projectors/et-d75le95,official,conflict,https://eu.connect.panasonic.com/sites/default/files/media/document/2025-12/PT-RZ44KG_spec_en.pdf,2026-10-09
Panasonic,PT-RZ44K,42000,1920x1200 (WUXGA),ET-D3L / ET-D75LE (3-chip DLP bayonet),ET-D3LEU101,0.370,0.370,±55%,+25% / 0%,"fixed UST zero-offset; replaces ET-D3LEU100 (discontinued); 3-chip DLP laser; lumens_ansi was (blank) (RQ45K/RZ44K series spec sheet: 42,000 lm (ANSI) shared column, PT-RZ44K sheet gives 42,000 lm ISO)",https://eu.connect.panasonic.com/gb/en/projectors/et-d3leu101,official,yes,https://eu.connect.panasonic.com/sites/default/files/media/document/2025-12/PT-RZ44KG_spec_en.pdf,2026-10-09
Panasonic,PT-RZ44K,42000,1920x1200 (WUXGA),ET-D3L / ET-D75LE (3-chip DLP bayonet),ET-D3LEW201,0.645,0.850,±48%,±15%,"short-throw zoom; replaces ET-D3LEW200 (discontinued); 3-chip DLP laser; lumens_ansi was (blank) (RQ45K/RZ44K series spec sheet: 42,000 lm (ANSI) shared column, PT-RZ44K sheet gives 42,000 lm ISO)",https://eu.connect.panasonic.com/gb/en/projectors/et-d3lew201,official,yes,https://eu.connect.panasonic.com/sites/default/files/media/document/2025-12/PT-RZ44KG_spec_en.pdf,2026-10-09
Panasonic,PT-RZ44K,42000,1920x1200 (WUXGA),ET-D3L / ET-D75LE (3-chip DLP bayonet),ET-D3LEW50,0.694,0.694,not supported,not supported,"fixed-focus; projector spec page says lens shift not supported with this lens; 3-chip DLP laser; lumens_ansi was (blank) (RQ45K/RZ44K series spec sheet: 42,000 lm (ANSI) shared column, PT-RZ44K sheet gives 42,000 lm ISO)",https://eu.connect.panasonic.com/gb/en/projectors/et-d3lew50,official,yes,https://eu.connect.panasonic.com/sites/default/files/media/document/2025-12/PT-RZ44KG_spec_en.pdf,2026-10-09
Panasonic,PT-RZ44K,42000,1920x1200 (WUXGA),ET-D3L / ET-D75LE (3-chip DLP bayonet),ET-D3LEW300,0.770,0.933,±44%,±15%,"shift from projector spec page; 3-chip DLP laser; throw now confirmed on Panasonic lens page https://ap.connect.panasonic.com/vn/en/et-d3lew300 and PT-RZ44K spec PDF (was reseller copy, secondary); lumens_ansi was (blank) (RQ45K/RZ44K series spec sheet: 42,000 lm (ANSI) shared column, PT-RZ44K sheet gives 42,000 lm ISO)",https://www.rentex.com/rental-products/panasonic-et-d3lew300/,official,yes,https://eu.connect.panasonic.com/sites/default/files/media/document/2025-12/PT-RZ44KG_spec_en.pdf,2026-10-09
Panasonic,PT-RZ44K,42000,1920x1200 (WUXGA),ET-D3L / ET-D75LE (3-chip DLP bayonet),ET-D3LEW60,0.924,1.10,±44%,±15%,"zoom; page's quick table shows 0.924-1.28 (copy of LEW600) - full spec 0.924-1.10 used; 3-chip DLP laser; conflict: lens spec PDF and RZ44K spec PDF give 0.924-1.10; lens page quick table prints 0.924-1.28 (copy of ET-D3LEW600); PDF value used; lumens_ansi was (blank) (RQ45K/RZ44K series spec sheet: 42,000 lm (ANSI) shared column, PT-RZ44K sheet gives 42,000 lm ISO)",https://eu.connect.panasonic.com/gb/en/projectors/et-d3lew60,official,conflict,https://eu.connect.panasonic.com/sites/default/files/media/2024-04/et-d3lew60_spec_en.pdf,2026-10-09
Panasonic,PT-RZ44K,42000,1920x1200 (WUXGA),ET-D3L / ET-D75LE (3-chip DLP bayonet),ET-D3LEW600,0.924,1.28,±44%,±15%,"zoom; 3-chip DLP laser; lumens_ansi was (blank) (RQ45K/RZ44K series spec sheet: 42,000 lm (ANSI) shared column, PT-RZ44K sheet gives 42,000 lm ISO)",https://ap.pnd.panasonic.com/sg/en/download-specifications/94,official,yes,https://eu.connect.panasonic.com/sites/default/files/media/document/2025-12/PT-RZ44KG_spec_en.pdf,2026-10-09
Panasonic,PT-RZ44K,42000,1920x1200 (WUXGA),ET-D3L / ET-D75LE (3-chip DLP bayonet),ET-D3LEW10,1.26,1.72,±55%,±20%,"zoom; shift = projector default; 3-chip DLP laser; lumens_ansi was (blank) (RQ45K/RZ44K series spec sheet: 42,000 lm (ANSI) shared column, PT-RZ44K sheet gives 42,000 lm ISO)",https://eu.connect.panasonic.com/gb/en/projectors/et-d3lew10,official,yes,https://eu.connect.panasonic.com/sites/default/files/media/document/2025-12/PT-RZ44KG_spec_en.pdf,2026-10-09
Panasonic,PT-RZ44K,42000,1920x1200 (WUXGA),ET-D3L / ET-D75LE (3-chip DLP bayonet),ET-D3LES20,1.67,2.41,±55%,±20%,"zoom; shift = projector default; 3-chip DLP laser; lumens_ansi was (blank) (RQ45K/RZ44K series spec sheet: 42,000 lm (ANSI) shared column, PT-RZ44K sheet gives 42,000 lm ISO)",https://eu.connect.panasonic.com/ch/de/projektoren/et-d3les20,official,yes,https://eu.connect.panasonic.com/sites/default/files/media/document/2025-12/PT-RZ44KG_spec_en.pdf,2026-10-09
Panasonic,PT-RZ44K,42000,1920x1200 (WUXGA),ET-D3L / ET-D75LE (3-chip DLP bayonet),ET-D3LES250,1.67,2.41,±55%,±20%,"zoom (newer replacement-class lens); shift = projector default; 3-chip DLP laser; lumens_ansi was (blank) (RQ45K/RZ44K series spec sheet: 42,000 lm (ANSI) shared column, PT-RZ44K sheet gives 42,000 lm ISO)",https://eu.connect.panasonic.com/gb/en/projectors/et-d3les250,official,yes,https://eu.connect.panasonic.com/sites/default/files/media/document/2025-12/PT-RZ44KG_spec_en.pdf,2026-10-09
Panasonic,PT-RZ44K,42000,1920x1200 (WUXGA),ET-D3L / ET-D75LE (3-chip DLP bayonet),ET-D3LET30,2.40,4.66,±55%,±20%,"zoom; shift = projector default; 3-chip DLP laser; lumens_ansi was (blank) (RQ45K/RZ44K series spec sheet: 42,000 lm (ANSI) shared column, PT-RZ44K sheet gives 42,000 lm ISO)",https://eu.connect.panasonic.com/gb/en/projectors/et-d3let30,official,yes,https://eu.connect.panasonic.com/sites/default/files/media/document/2025-12/PT-RZ44KG_spec_en.pdf,2026-10-09
Panasonic,PT-RZ44K,42000,1920x1200 (WUXGA),ET-D3L / ET-D75LE (3-chip DLP bayonet),ET-D3LET40,4.61,7.41,±55%,±20%,"zoom; shift = projector default; 3-chip DLP laser; lumens_ansi was (blank) (RQ45K/RZ44K series spec sheet: 42,000 lm (ANSI) shared column, PT-RZ44K sheet gives 42,000 lm ISO)",https://eu.connect.panasonic.com/gb/en/projectors/et-d3let40,official,yes,https://eu.connect.panasonic.com/sites/default/files/media/document/2025-12/PT-RZ44KG_spec_en.pdf,2026-10-09
Panasonic,PT-RZ44K,42000,1920x1200 (WUXGA),ET-D3L / ET-D75LE (3-chip DLP bayonet),ET-D3LET80,7.34,13.8,±55%,±20%,"zoom; shift = projector default; 3-chip DLP laser; lumens_ansi was (blank) (RQ45K/RZ44K series spec sheet: 42,000 lm (ANSI) shared column, PT-RZ44K sheet gives 42,000 lm ISO)",https://eu.connect.panasonic.com/gb/en/projectors/et-d3let80,official,yes,https://eu.connect.panasonic.com/sites/default/files/media/document/2025-12/PT-RZ44KG_spec_en.pdf,2026-10-09
Panasonic,PT-RZ44K,42000,1920x1200 (WUXGA),ET-D3L / ET-D75LE (3-chip DLP bayonet),ET-D3LEF70,,,±27%,±12%,"fisheye/dome lens, 91.6 deg max angle of view; no throw ratio published; lens page quotes up to ±37% V (±27% at WUXGA); 3-chip DLP laser; shift_v was (blank) (lens spec PDF WUXGA row); shift_h was (blank) (lens spec PDF WUXGA row); lumens_ansi was (blank) (RQ45K/RZ44K series spec sheet: 42,000 lm (ANSI) shared column, PT-RZ44K sheet gives 42,000 lm ISO)",https://eu.connect.panasonic.com/gb/en/projectors/et-d3lef70,official,yes,https://eu.connect.panasonic.com/sites/default/files/media/document/2025-12/PT-RZ44KG_spec_en.pdf,2026-10-09
Panasonic,PT-RZ120,,"1920x1200 (WUXGA, 0.67in DMD)",ET-DLE (1-chip DLP),ET-DLE020,0.280,0.299,+50% / -16%,+10% / -20%,"UST zoom; discontinued lens; WUXGA throw from lens page (lens lists PT-RZ120/RZ120L); shift from PT-RZ120 spec page; Panasonic rates 12,000 lm ISO 21118 / 12,600 lm center (no ANSI); PT-RZ120L = no lens",https://docs.connect.panasonic.com/projector/products/rz120/spec/,official,yes,https://eu.connect.panasonic.com/gb/en/projectors/et-dle020,2026-10-09
Panasonic,PT-RZ120,,"1920x1200 (WUXGA, 0.67in DMD)",ET-DLE (1-chip DLP),ET-DLE035,0.380,0.380,not supported (optical axis fixed),not supported (optical axis fixed),"fixed-focus UST; WUXGA throw from lens page (lens lists PT-RZ120/RZ120L); shift from PT-RZ120 spec page; Panasonic rates 12,000 lm ISO 21118 / 12,600 lm center (no ANSI); PT-RZ120L = no lens",https://docs.connect.panasonic.com/projector/products/rz120/spec/,official,yes,https://ap.pnd.panasonic.com/sg/en/download-specifications/137,2026-10-09
Panasonic,PT-RZ120,,"1920x1200 (WUXGA, 0.67in DMD)",ET-DLE (1-chip DLP),ET-DLE060,0.600,0.801,+40% / -16%,+19% / -10%,"zoom; WUXGA throw from lens page (lens lists PT-RZ120/RZ120L); shift from PT-RZ120 spec page; Panasonic rates 12,000 lm ISO 21118 / 12,600 lm center (no ANSI); PT-RZ120L = no lens",https://docs.connect.panasonic.com/projector/products/rz120/spec/,official,yes,https://eu.connect.panasonic.com/gb/en/projectors/et-dle060,2026-10-09
Panasonic,PT-RZ120,,"1920x1200 (WUXGA, 0.67in DMD)",ET-DLE (1-chip DLP),ET-DLE085,0.782,0.977,+50% / -16%,+28% / -10%,"zoom; WUXGA throw from lens page (lens lists PT-RZ120/RZ120L); shift from PT-RZ120 spec page; Panasonic rates 12,000 lm ISO 21118 / 12,600 lm center (no ANSI); PT-RZ120L = no lens",https://docs.connect.panasonic.com/projector/products/rz120/spec/,official,yes,https://eu.connect.panasonic.com/gb/en/projectors/et-dle085,2026-10-09
Panasonic,PT-RZ120,,"1920x1200 (WUXGA, 0.67in DMD)",ET-DLE (1-chip DLP),ET-DLE055,0.785,0.785,not supported,not supported,"fixed-focus; discontinued lens; WUXGA throw from lens page (lens lists PT-RZ120/RZ120L); shift from PT-RZ120 spec page; Panasonic rates 12,000 lm ISO 21118 / 12,600 lm center (no ANSI); PT-RZ120L = no lens",https://docs.connect.panasonic.com/projector/products/rz120/spec/,official,yes,https://eu.connect.panasonic.com/gb/en/projectors/et-dle055,2026-10-09
Panasonic,PT-RZ120,,"1920x1200 (WUXGA, 0.67in DMD)",ET-DLE (1-chip DLP),ET-DLE105,0.978,1.32,+50% / -16%,+28% / -10%,"zoom; WUXGA throw from lens page (lens lists PT-RZ120/RZ120L); shift from PT-RZ120 spec page; Panasonic rates 12,000 lm ISO 21118 / 12,600 lm center (no ANSI); PT-RZ120L = no lens",https://docs.connect.panasonic.com/projector/products/rz120/spec/,official,yes,https://eu.connect.panasonic.com/gb/en/projectors/et-dle105,2026-10-09
Panasonic,PT-RZ120,,"1920x1200 (WUXGA, 0.67in DMD)",ET-DLE (1-chip DLP),ET-DLE150,1.30,1.89,+50% / -16%,+30% / -10%,"zoom; WUXGA throw from lens page (lens lists PT-RZ120/RZ120L); shift from PT-RZ120 spec page; Panasonic rates 12,000 lm ISO 21118 / 12,600 lm center (no ANSI); PT-RZ120L = no lens",https://docs.connect.panasonic.com/projector/products/rz120/spec/,official,yes,https://eu.connect.panasonic.com/gb/en/projectors/et-dle150,2026-10-09
Panasonic,PT-RZ120,,"1920x1200 (WUXGA, 0.67in DMD)",ET-DLE (1-chip DLP),ET-DLE170,1.71,2.41,+50% / -16%,+30% / -10%,"zoom; same range as the lens supplied with non-L PT-RZ120; WUXGA throw from lens page (lens lists PT-RZ120/RZ120L); shift from PT-RZ120 spec page; Panasonic rates 12,000 lm ISO 21118 / 12,600 lm center (no ANSI); PT-RZ120L = no lens",https://docs.connect.panasonic.com/projector/products/rz120/spec/,official,yes,https://eu.connect.panasonic.com/gb/en/projectors/et-dle170,2026-10-09
Panasonic,PT-RZ120,,"1920x1200 (WUXGA, 0.67in DMD)",ET-DLE (1-chip DLP),ET-DLE250,2.27,3.62,+50% / -16%,+30% / -10%,"zoom; WUXGA throw from lens page (lens lists PT-RZ120/RZ120L); shift from PT-RZ120 spec page; Panasonic rates 12,000 lm ISO 21118 / 12,600 lm center (no ANSI); PT-RZ120L = no lens",https://docs.connect.panasonic.com/projector/products/rz120/spec/,official,yes,https://eu.connect.panasonic.com/gb/en/projectors/et-dle250,2026-10-09
Panasonic,PT-RZ120,,"1920x1200 (WUXGA, 0.67in DMD)",ET-DLE (1-chip DLP),ET-DLE350,3.58,5.45,+50% / -16%,+30% / -10%,"zoom; WUXGA throw from lens page (lens lists PT-RZ120/RZ120L); shift from PT-RZ120 spec page; Panasonic rates 12,000 lm ISO 21118 / 12,600 lm center (no ANSI); PT-RZ120L = no lens",https://docs.connect.panasonic.com/projector/products/rz120/spec/,official,yes,https://eu.connect.panasonic.com/gb/en/projectors/et-dle350,2026-10-09
Panasonic,PT-RZ120,,"1920x1200 (WUXGA, 0.67in DMD)",ET-DLE (1-chip DLP),ET-DLE450,5.36,8.58,+50% / -16%,+30% / -10%,"zoom; WUXGA throw from lens page (lens lists PT-RZ120/RZ120L); shift from PT-RZ120 spec page; Panasonic rates 12,000 lm ISO 21118 / 12,600 lm center (no ANSI); PT-RZ120L = no lens",https://docs.connect.panasonic.com/projector/products/rz120/spec/,official,yes,https://eu.connect.panasonic.com/gb/en/projectors/et-dle450,2026-10-09
Panasonic,PT-RZ570,5200,1920x1200 (WUXGA),fixed lens,(fixed 2.0x manual zoom),1.46,2.94,+64% / -44%,+34% / -27%,"FIXED LENS (not interchangeable); 5,200 lm ANSI and 2.0x zoom confirmed on Panasonic EU page (discontinued); throw and shift from a Panasonic-authored datasheet hosted by a reviewer site (secondary); discontinued",https://legacy.projectorreviews.com/wp-content/uploads/2013/09/panasonic-rz570w.pdf,secondary,no,https://eu.connect.panasonic.com/gb/en/projectors/pt-rz570,2026-10-09
Panasonic,PT-RZ690,6000,1920x1200 (WUXGA),ET-DLE (1-chip DLP),ET-DLE020,0.280,0.299,+50% / -16%,+10% / -20%,UST zoom; discontinued (ET-DLE020G variant also listed); shift from https://docs.connect.panasonic.com/projector/products/rz990/spec/; 1-chip DLP laser,https://eu.connect.panasonic.com/gb/en/projectors/et-dle020,official,yes,https://eu.connect.panasonic.com/gb/en/projectors/et-dle020,2026-10-09
Panasonic,PT-RZ690,6000,1920x1200 (WUXGA),ET-DLE (1-chip DLP),ET-DLE035,0.38,0.38,not supported (optical axis fixed),not supported (optical axis fixed),fixed-focus UST; 1-chip DLP laser; shift_v was (blank); shift_h was (blank),https://eu.connect.panasonic.com/gb/en/projectors/et-dle035,official,yes,https://ap.pnd.panasonic.com/sg/en/download-specifications/137,2026-10-09
Panasonic,PT-RZ690,6000,1920x1200 (WUXGA),ET-DLE (1-chip DLP),ET-DLE060,0.600,0.801,+40% / -16%,+19% / -10%,zoom; 1-chip DLP laser,https://eu.connect.panasonic.com/gb/en/projectors/et-dle060,official,yes,https://eu.connect.panasonic.com/gb/en/projectors/et-dle060,2026-10-09
Panasonic,PT-RZ690,6000,1920x1200 (WUXGA),ET-DLE (1-chip DLP),ET-DLE085,0.782,0.977,+50% / -16%,+28% / -10%,zoom; 1-chip DLP laser,https://eu.connect.panasonic.com/gb/en/projectors/et-dle085,official,yes,https://eu.connect.panasonic.com/gb/en/projectors/et-dle085,2026-10-09
Panasonic,PT-RZ690,6000,1920x1200 (WUXGA),ET-DLE (1-chip DLP),ET-DLE055,0.785,0.785,not supported,not supported,discontinued; page calls it fixed-focus; 1-chip DLP laser; shift_v was (blank); shift_h was (blank),https://eu.connect.panasonic.com/gb/en/projectors/et-dle055,official,yes,https://eu.connect.panasonic.com/gb/en/projectors/et-dle055,2026-10-09
Panasonic,PT-RZ690,6000,1920x1200 (WUXGA),ET-DLE (1-chip DLP),ET-DLE105,0.978,1.32,+50% / -16%,+28% / -10%,zoom; 1-chip DLP laser,https://eu.connect.panasonic.com/gb/en/projectors/et-dle105,official,yes,https://eu.connect.panasonic.com/gb/en/projectors/et-dle105,2026-10-09
Panasonic,PT-RZ690,6000,1920x1200 (WUXGA),ET-DLE (1-chip DLP),ET-DLE150,1.30,1.89,+50% / -16%,+30% / -10%,zoom; 1-chip DLP laser,https://eu.connect.panasonic.com/gb/en/projectors/et-dle150,official,yes,https://eu.connect.panasonic.com/gb/en/projectors/et-dle150,2026-10-09
Panasonic,PT-RZ690,6000,1920x1200 (WUXGA),ET-DLE (1-chip DLP),ET-DLE170,1.71,2.41,+50% / -16%,+30% / -10%,zoom (same range as RZ990-series supplied lens); 1-chip DLP laser,https://eu.connect.panasonic.com/gb/en/projectors/et-dle170,official,yes,https://eu.connect.panasonic.com/gb/en/projectors/et-dle170,2026-10-09
Panasonic,PT-RZ690,6000,1920x1200 (WUXGA),ET-DLE (1-chip DLP),ET-DLE250,2.27,3.62,+50% / -16%,+30% / -10%,zoom; 1-chip DLP laser,https://eu.connect.panasonic.com/gb/en/projectors/et-dle250,official,yes,https://eu.connect.panasonic.com/gb/en/projectors/et-dle250,2026-10-09
Panasonic,PT-RZ690,6000,1920x1200 (WUXGA),ET-DLE (1-chip DLP),ET-DLE350,3.58,5.45,+50% / -16%,+30% / -10%,zoom; 1-chip DLP laser; lens page compatibility list includes RZ990/890/790/690,https://eu.connect.panasonic.com/gb/en/projectors/et-dle350,official,yes,https://eu.connect.panasonic.com/gb/en/projectors/et-dle350,2026-10-09
Panasonic,PT-RZ690,6000,1920x1200 (WUXGA),ET-DLE (1-chip DLP),ET-DLE450,5.36,8.58,+50% / -16%,+30% / -10%,zoom; 1-chip DLP laser,https://eu.connect.panasonic.com/gb/en/projectors/et-dle450,official,yes,https://eu.connect.panasonic.com/gb/en/projectors/et-dle450,2026-10-09
Panasonic,PT-RZ790,7000,1920x1200 (WUXGA),ET-DLE (1-chip DLP),ET-DLE020,0.280,0.299,+50% / -16%,+10% / -20%,UST zoom; discontinued (ET-DLE020G variant also listed); shift from https://docs.connect.panasonic.com/projector/products/rz990/spec/; 1-chip DLP laser,https://eu.connect.panasonic.com/gb/en/projectors/et-dle020,official,yes,https://eu.connect.panasonic.com/gb/en/projectors/et-dle020,2026-10-09
Panasonic,PT-RZ790,7000,1920x1200 (WUXGA),ET-DLE (1-chip DLP),ET-DLE035,0.38,0.38,not supported (optical axis fixed),not supported (optical axis fixed),fixed-focus UST; 1-chip DLP laser; shift_v was (blank); shift_h was (blank),https://eu.connect.panasonic.com/gb/en/projectors/et-dle035,official,yes,https://ap.pnd.panasonic.com/sg/en/download-specifications/137,2026-10-09
Panasonic,PT-RZ790,7000,1920x1200 (WUXGA),ET-DLE (1-chip DLP),ET-DLE060,0.600,0.801,+40% / -16%,+19% / -10%,zoom; 1-chip DLP laser,https://eu.connect.panasonic.com/gb/en/projectors/et-dle060,official,yes,https://eu.connect.panasonic.com/gb/en/projectors/et-dle060,2026-10-09
Panasonic,PT-RZ790,7000,1920x1200 (WUXGA),ET-DLE (1-chip DLP),ET-DLE085,0.782,0.977,+50% / -16%,+28% / -10%,zoom; 1-chip DLP laser,https://eu.connect.panasonic.com/gb/en/projectors/et-dle085,official,yes,https://eu.connect.panasonic.com/gb/en/projectors/et-dle085,2026-10-09
Panasonic,PT-RZ790,7000,1920x1200 (WUXGA),ET-DLE (1-chip DLP),ET-DLE055,0.785,0.785,not supported,not supported,discontinued; page calls it fixed-focus; 1-chip DLP laser; shift_v was (blank); shift_h was (blank),https://eu.connect.panasonic.com/gb/en/projectors/et-dle055,official,yes,https://eu.connect.panasonic.com/gb/en/projectors/et-dle055,2026-10-09
Panasonic,PT-RZ790,7000,1920x1200 (WUXGA),ET-DLE (1-chip DLP),ET-DLE105,0.978,1.32,+50% / -16%,+28% / -10%,zoom; 1-chip DLP laser,https://eu.connect.panasonic.com/gb/en/projectors/et-dle105,official,yes,https://eu.connect.panasonic.com/gb/en/projectors/et-dle105,2026-10-09
Panasonic,PT-RZ790,7000,1920x1200 (WUXGA),ET-DLE (1-chip DLP),ET-DLE150,1.30,1.89,+50% / -16%,+30% / -10%,zoom; 1-chip DLP laser,https://eu.connect.panasonic.com/gb/en/projectors/et-dle150,official,yes,https://eu.connect.panasonic.com/gb/en/projectors/et-dle150,2026-10-09
Panasonic,PT-RZ790,7000,1920x1200 (WUXGA),ET-DLE (1-chip DLP),ET-DLE170,1.71,2.41,+50% / -16%,+30% / -10%,zoom (same range as RZ990-series supplied lens); 1-chip DLP laser,https://eu.connect.panasonic.com/gb/en/projectors/et-dle170,official,yes,https://eu.connect.panasonic.com/gb/en/projectors/et-dle170,2026-10-09
Panasonic,PT-RZ790,7000,1920x1200 (WUXGA),ET-DLE (1-chip DLP),ET-DLE250,2.27,3.62,+50% / -16%,+30% / -10%,zoom; 1-chip DLP laser,https://eu.connect.panasonic.com/gb/en/projectors/et-dle250,official,yes,https://eu.connect.panasonic.com/gb/en/projectors/et-dle250,2026-10-09
Panasonic,PT-RZ790,7000,1920x1200 (WUXGA),ET-DLE (1-chip DLP),ET-DLE350,3.58,5.45,+50% / -16%,+30% / -10%,zoom; 1-chip DLP laser; lens page compatibility list includes RZ990/890/790/690,https://eu.connect.panasonic.com/gb/en/projectors/et-dle350,official,yes,https://eu.connect.panasonic.com/gb/en/projectors/et-dle350,2026-10-09
Panasonic,PT-RZ790,7000,1920x1200 (WUXGA),ET-DLE (1-chip DLP),ET-DLE450,5.36,8.58,+50% / -16%,+30% / -10%,zoom; 1-chip DLP laser,https://eu.connect.panasonic.com/gb/en/projectors/et-dle450,official,yes,https://eu.connect.panasonic.com/gb/en/projectors/et-dle450,2026-10-09
Panasonic,PT-RZ890,8500,1920x1200 (WUXGA),ET-DLE (1-chip DLP),ET-DLE020,0.280,0.299,+50% / -16%,+10% / -20%,UST zoom; discontinued (ET-DLE020G variant also listed); shift from https://docs.connect.panasonic.com/projector/products/rz990/spec/; 1-chip DLP laser,https://eu.connect.panasonic.com/gb/en/projectors/et-dle020,official,yes,https://eu.connect.panasonic.com/gb/en/projectors/et-dle020,2026-10-09
Panasonic,PT-RZ890,8500,1920x1200 (WUXGA),ET-DLE (1-chip DLP),ET-DLE035,0.38,0.38,not supported (optical axis fixed),not supported (optical axis fixed),fixed-focus UST; 1-chip DLP laser; shift_v was (blank); shift_h was (blank),https://eu.connect.panasonic.com/gb/en/projectors/et-dle035,official,yes,https://ap.pnd.panasonic.com/sg/en/download-specifications/137,2026-10-09
Panasonic,PT-RZ890,8500,1920x1200 (WUXGA),ET-DLE (1-chip DLP),ET-DLE060,0.600,0.801,+40% / -16%,+19% / -10%,zoom; 1-chip DLP laser,https://eu.connect.panasonic.com/gb/en/projectors/et-dle060,official,yes,https://eu.connect.panasonic.com/gb/en/projectors/et-dle060,2026-10-09
Panasonic,PT-RZ890,8500,1920x1200 (WUXGA),ET-DLE (1-chip DLP),ET-DLE085,0.782,0.977,+50% / -16%,+28% / -10%,zoom; 1-chip DLP laser,https://eu.connect.panasonic.com/gb/en/projectors/et-dle085,official,yes,https://eu.connect.panasonic.com/gb/en/projectors/et-dle085,2026-10-09
Panasonic,PT-RZ890,8500,1920x1200 (WUXGA),ET-DLE (1-chip DLP),ET-DLE055,0.785,0.785,not supported,not supported,discontinued; page calls it fixed-focus; 1-chip DLP laser; shift_v was (blank); shift_h was (blank),https://eu.connect.panasonic.com/gb/en/projectors/et-dle055,official,yes,https://eu.connect.panasonic.com/gb/en/projectors/et-dle055,2026-10-09
Panasonic,PT-RZ890,8500,1920x1200 (WUXGA),ET-DLE (1-chip DLP),ET-DLE105,0.978,1.32,+50% / -16%,+28% / -10%,zoom; 1-chip DLP laser,https://eu.connect.panasonic.com/gb/en/projectors/et-dle105,official,yes,https://eu.connect.panasonic.com/gb/en/projectors/et-dle105,2026-10-09
Panasonic,PT-RZ890,8500,1920x1200 (WUXGA),ET-DLE (1-chip DLP),ET-DLE150,1.30,1.89,+50% / -16%,+30% / -10%,zoom; 1-chip DLP laser,https://eu.connect.panasonic.com/gb/en/projectors/et-dle150,official,yes,https://eu.connect.panasonic.com/gb/en/projectors/et-dle150,2026-10-09
Panasonic,PT-RZ890,8500,1920x1200 (WUXGA),ET-DLE (1-chip DLP),ET-DLE170,1.71,2.41,+50% / -16%,+30% / -10%,zoom (same range as RZ990-series supplied lens); 1-chip DLP laser,https://eu.connect.panasonic.com/gb/en/projectors/et-dle170,official,yes,https://eu.connect.panasonic.com/gb/en/projectors/et-dle170,2026-10-09
Panasonic,PT-RZ890,8500,1920x1200 (WUXGA),ET-DLE (1-chip DLP),ET-DLE250,2.27,3.62,+50% / -16%,+30% / -10%,zoom; 1-chip DLP laser,https://eu.connect.panasonic.com/gb/en/projectors/et-dle250,official,yes,https://eu.connect.panasonic.com/gb/en/projectors/et-dle250,2026-10-09
Panasonic,PT-RZ890,8500,1920x1200 (WUXGA),ET-DLE (1-chip DLP),ET-DLE350,3.58,5.45,+50% / -16%,+30% / -10%,zoom; 1-chip DLP laser; lens page compatibility list includes RZ990/890/790/690,https://eu.connect.panasonic.com/gb/en/projectors/et-dle350,official,yes,https://eu.connect.panasonic.com/gb/en/projectors/et-dle350,2026-10-09
Panasonic,PT-RZ890,8500,1920x1200 (WUXGA),ET-DLE (1-chip DLP),ET-DLE450,5.36,8.58,+50% / -16%,+30% / -10%,zoom; 1-chip DLP laser,https://eu.connect.panasonic.com/gb/en/projectors/et-dle450,official,yes,https://eu.connect.panasonic.com/gb/en/projectors/et-dle450,2026-10-09
Panasonic,PT-RZ990,9400,1920x1200 (WUXGA),ET-DLE (1-chip DLP),ET-DLE020,0.280,0.299,+50% / -16%,+10% / -20%,UST zoom; discontinued (ET-DLE020G variant also listed); shift from https://docs.connect.panasonic.com/projector/products/rz990/spec/; 1-chip DLP laser; non-L version ships with 1.71-2.41 zoom; L version = no lens,https://eu.connect.panasonic.com/gb/en/projectors/et-dle020,official,yes,https://eu.connect.panasonic.com/gb/en/projectors/et-dle020,2026-10-09
Panasonic,PT-RZ990,9400,1920x1200 (WUXGA),ET-DLE (1-chip DLP),ET-DLE035,0.38,0.38,not supported (optical axis fixed),not supported (optical axis fixed),fixed-focus UST; 1-chip DLP laser; non-L version ships with 1.71-2.41 zoom; L version = no lens; shift_v was (blank); shift_h was (blank),https://eu.connect.panasonic.com/gb/en/projectors/et-dle035,official,yes,https://ap.pnd.panasonic.com/sg/en/download-specifications/137,2026-10-09
Panasonic,PT-RZ990,9400,1920x1200 (WUXGA),ET-DLE (1-chip DLP),ET-DLE060,0.600,0.801,+40% / -16%,+19% / -10%,zoom; 1-chip DLP laser; non-L version ships with 1.71-2.41 zoom; L version = no lens,https://eu.connect.panasonic.com/gb/en/projectors/et-dle060,official,yes,https://eu.connect.panasonic.com/gb/en/projectors/et-dle060,2026-10-09
Panasonic,PT-RZ990,9400,1920x1200 (WUXGA),ET-DLE (1-chip DLP),ET-DLE085,0.782,0.977,+50% / -16%,+28% / -10%,zoom; 1-chip DLP laser; non-L version ships with 1.71-2.41 zoom; L version = no lens,https://eu.connect.panasonic.com/gb/en/projectors/et-dle085,official,yes,https://eu.connect.panasonic.com/gb/en/projectors/et-dle085,2026-10-09
Panasonic,PT-RZ990,9400,1920x1200 (WUXGA),ET-DLE (1-chip DLP),ET-DLE055,0.785,0.785,not supported,not supported,discontinued; page calls it fixed-focus; 1-chip DLP laser; non-L version ships with 1.71-2.41 zoom; L version = no lens; shift_v was (blank); shift_h was (blank),https://eu.connect.panasonic.com/gb/en/projectors/et-dle055,official,yes,https://eu.connect.panasonic.com/gb/en/projectors/et-dle055,2026-10-09
Panasonic,PT-RZ990,9400,1920x1200 (WUXGA),ET-DLE (1-chip DLP),ET-DLE105,0.978,1.32,+50% / -16%,+28% / -10%,zoom; 1-chip DLP laser; non-L version ships with 1.71-2.41 zoom; L version = no lens,https://eu.connect.panasonic.com/gb/en/projectors/et-dle105,official,yes,https://eu.connect.panasonic.com/gb/en/projectors/et-dle105,2026-10-09
Panasonic,PT-RZ990,9400,1920x1200 (WUXGA),ET-DLE (1-chip DLP),ET-DLE150,1.30,1.89,+50% / -16%,+30% / -10%,zoom; 1-chip DLP laser; non-L version ships with 1.71-2.41 zoom; L version = no lens,https://eu.connect.panasonic.com/gb/en/projectors/et-dle150,official,yes,https://eu.connect.panasonic.com/gb/en/projectors/et-dle150,2026-10-09
Panasonic,PT-RZ990,9400,1920x1200 (WUXGA),ET-DLE (1-chip DLP),ET-DLE170,1.71,2.41,+50% / -16%,+30% / -10%,zoom (same range as RZ990-series supplied lens); 1-chip DLP laser; non-L version ships with 1.71-2.41 zoom; L version = no lens,https://eu.connect.panasonic.com/gb/en/projectors/et-dle170,official,yes,https://eu.connect.panasonic.com/gb/en/projectors/et-dle170,2026-10-09
Panasonic,PT-RZ990,9400,1920x1200 (WUXGA),ET-DLE (1-chip DLP),ET-DLE250,2.27,3.62,+50% / -16%,+30% / -10%,zoom; 1-chip DLP laser; non-L version ships with 1.71-2.41 zoom; L version = no lens,https://eu.connect.panasonic.com/gb/en/projectors/et-dle250,official,yes,https://eu.connect.panasonic.com/gb/en/projectors/et-dle250,2026-10-09
Panasonic,PT-RZ990,9400,1920x1200 (WUXGA),ET-DLE (1-chip DLP),ET-DLE350,3.58,5.45,+50% / -16%,+30% / -10%,zoom; 1-chip DLP laser; non-L version ships with 1.71-2.41 zoom; L version = no lens; lens page compatibility list includes RZ990/890/790/690,https://eu.connect.panasonic.com/gb/en/projectors/et-dle350,official,yes,https://eu.connect.panasonic.com/gb/en/projectors/et-dle350,2026-10-09
Panasonic,PT-RZ990,9400,1920x1200 (WUXGA),ET-DLE (1-chip DLP),ET-DLE450,5.36,8.58,+50% / -16%,+30% / -10%,zoom; 1-chip DLP laser; non-L version ships with 1.71-2.41 zoom; L version = no lens,https://eu.connect.panasonic.com/gb/en/projectors/et-dle450,official,yes,https://eu.connect.panasonic.com/gb/en/projectors/et-dle450,2026-10-09
